Workbook

Sheet Leia-me
A1: Zonas, ramais e blocos — AL01048007
A3: Zona | B3: T1 do DJ ao 1º religador (79). Depois de qualquer religador é T2, inclusive religador em ramal: religador nunca cria T3. Depois de uma chave fusível (03) é no mínimo T3; se já estava em T3 ou mais, soma uma.
A4: Seccionamento | B4: Chave 03/33/02 com religador depois dela não conta como fusível: não muda a zona e aparece em "Outras chaves no bloco (88…)" como "Chave 03 de seccionamento".
A5: Tronco | B5: Caminho DJ → 1º religador → 2º religador e, depois do 2º, até os próximos ativos (religador ou fusível): o trecho entre dois ativos do tronco ainda é tronco. Pontas sem equipamento são ramal. Nunca tem T3. O resto é ramal, com o nome do poste onde sai do tronco.
A6: Ativo de referência | B6: Último DJ, 79 ou 03 antes do vão, vindo do DJ. Ele engloba o vão e tudo o que vem depois.
A7: Ativos posteriores englobados | B7: Os DJ/79/03 que ficam depois do vão ou do bloco. Se o ativo de referência abrir, todos ficam sem energia.
A8: Bloco | B8: Vãos com o mesmo ativo de referência e o mesmo ramal (de um ativo até o próximo). Chaves 88 e outras que não são DJ/79/fusível não dividem bloco: aparecem na coluna "Outras chaves no bloco (88…)". Chaves 02 e 33 contam como fusível.
A9: Nível 1…N | B9: Sequência de ativos desde o DJ até o ativo de referência. Filtrar um nível mostra tudo o que fica depois daquele ativo.
A10: Distâncias | B10: Calculadas a partir das coordenadas (haversine, raio 6.371 km), seguindo a rede.
A11: Abas | B11: Árvore de blocos: visão rápida da sequência, agrupada por tronco e ramal. Consulta: digite um poste e veja onde ele está. Blocos: um bloco por linha, com os ativos posteriores um por coluna e juntos numa coluna só. Por bloco: os vãos agrupados embaixo de cada bloco (botão + à esquerda). Trechos: um vão por linha. Ativos: resumo por ativo.
A12: Aviso | B12: Alimentador sem 2º religador: o tronco seguiu o lado com mais rede T1/T2 e parou antes de chave 03.
A14: Cores das zonas
A15: T1
A16: T2
A17: T3
A18: T4
A19: T5

Sheet Árvore de blocos
A1: Árvore de blocos — AL01048007
A2: Cada linha é um bloco. A célula colorida é o ativo de referência do bloco (cor da zona). As células em cinza à esquerda são os ativos antes dele, desde o DJ.
A3: Zonas: | B3: T1 | C3: T2 | D3: T3 | E3: T4 | F3: T5
A5: Bloco | B5: Zona | C5: Nível 1 | D5: Nível 2 | E5: Nível 3 | F5: Nível 4 | G5: Nível 5 | H5: De | I5: Até (próximos ativos) | J5: Vãos | K5: Extensão (m) | L5: Outras chaves no bloco (88…) | M5: Ativos englobados (depois do bloco)
A6: TRONCO — do DJ ao 2º religador e até os próximos ativos
A7: 1 | B7: T1 | C7: DJ AL01048007 | H7: DJ AL01048007 | I7: 7925573007 | J7: =COUNTIFS(Trechos!$L$2:$L$275,A7) -> 19 | K7: =SUMIFS(Trechos!$F$2:$F$275,Trechos!$L$2:$L$275,A7) -> 1449.3614 | L7: 8800042007, 8808674007, 8800054007 | M7: =Blocos!AA2 -> 7925573007, 0300040007, 0200038007, 0300111007, 0300115007, 0300145007, 0200114007, 0301201007, 0300109007, 0300068007, 0300070007, 0300073007, 0300074007, 0300065007, 0300062007, 0200061007, 0300057007, 0357094007, 0300056007, 0200055007, 0300050007, 0200475007, 0200047007
A8: 2 | B8: T2 | C8: DJ AL01048007 | D8: 7925573007 | H8: 7925573007 | I8: fim N228 | J8: =COUNTIFS(Trechos!$L$2:$L$275,A8) -> 17 | K8: =SUMIFS(Trechos!$F$2:$F$275,Trechos!$L$2:$L$275,A8) -> 960.40964 | L8: 8800075007 | M8: =Blocos!AA3 -> 0300040007, 0200038007, 0300111007, 0300115007, 0300145007, 0200114007, 0301201007, 0300109007, 0300068007, 0300070007, 0300073007, 0300074007
A9: RAMAL 1478970 — sai do tronco no poste 1478970
A10: 3 | B10: T1 | C10: DJ AL01048007 | H10: DJ AL01048007 | I10: 0300043007 | J10: =COUNTIFS(Trechos!$L$2:$L$275,A10) -> 2 | K10: =SUMIFS(Trechos!$F$2:$F$275,Trechos!$L$2:$L$275,A10) -> 38.914441 | L10: — | M10: =Blocos!AA4 -> 0300043007, 0301038007, 0301039007, 0301117007, 0201291007, 0302253007, 0301273007
A11: 4 | B11: T3 | C11: DJ AL01048007 | D11: 0300043007 | H11: 0300043007 | I11: 0301038007 / fim 69120630 / 0301117007 / fim 299845 / 0301273007 | J11: =COUNTIFS(Trechos!$L$2:$L$275,A11) -> 15 | K11: =SUMIFS(Trechos!$F$2:$F$275,Trechos!$L$2:$L$275,A11) -> 2457.9533 | L11: 386243 | M11: =Blocos!AA5 -> 0301038007, 0301039007, 0301117007, 0201291007, 0302253007, 0301273007
A12: 5 | B12: T4 | C12: DJ AL01048007 | D12: 0300043007 | E12: 0301038007 | H12: 0301038007 | I12: 0301039007 | J12: =COUNTIFS(Trechos!$L$2:$L$275,A12) -> 2 | K12: =SUMIFS(Trechos!$F$2:$F$275,Trechos!$L$2:$L$275,A12) -> 223.13742 | L12: — | M12: =Blocos!AA6 -> 0301039007
A13: 6 | B13: T5 | C13: DJ AL01048007 | D13: 0300043007 | E13: 0301038007 | F13: 0301039007 | H13: 0301039007 | I13: fim 289786 | J13: =COUNTIFS(Trechos!$L$2:$L$275,A13) -> 1 | K13: =SUMIFS(Trechos!$F$2:$F$275,Trechos!$L$2:$L$275,A13) -> 92.473831 | L13: — | M13: =Blocos!AA7 -> —
A14: 7 | B14: T4 | C14: DJ AL01048007 | D14: 0300043007 | E14: 0301117007 | H14: 0301117007 | I14: 0201291007 / 0302253007 / fim 1078155 | J14: =COUNTIFS(Trechos!$L$2:$L$275,A14) -> 37 | K14: =SUMIFS(Trechos!$F$2:$F$275,Trechos!$L$2:$L$275,A14) -> 2136.3104 | L14: — | M14: =Blocos!AA8 -> 0201291007, 0302253007
A15: 8 | B15: T5 | C15: DJ AL01048007 | D15: 0300043007 | E15: 0301117007 | F15: 0201291007 | H15: 0201291007 | I15: fim 315977 | J15: =COUNTIFS(Trechos!$L$2:$L$275,A15) -> 1 | K15: =SUMIFS(Trechos!$F$2:$F$275,Trechos!$L$2:$L$275,A15) -> 16.087812 | L15: — | M15: =Blocos!AA9 -> —
A16: 9 | B16: T5 | C16: DJ AL01048007 | D16: 0300043007 | E16: 0301117007 | F16: 0302253007 | H16: 0302253007 | I16: fim 1088763 / fim 1088774 / fim 1089030 / fim 1088769 / fim N118 / fim 1088761 / fim N120 / fim 1089031 | J16: =COUNTIFS(Trechos!$L$2:$L$275,A16) -> 18 | K16: =SUMIFS(Trechos!$F$2:$F$275,Trechos!$L$2:$L$275,A16) -> 1159.7448 | L16: — | M16: =Blocos!AA10 -> —
A17: 10 | B17: T4 | C17: DJ AL01048007 | D17: 0300043007 | E17: 0301273007 | H17: 0301273007 | I17: fim 309513 | J17: =COUNTIFS(Trechos!$L$2:$L$275,A17) -> 1 | K17: =SUMIFS(Trechos!$F$2:$F$275,Trechos!$L$2:$L$275,A17) -> 83.786375 | L17: — | M17: =Blocos!AA11 -> —
A18: RAMAL DO 0200475007 — sai do tronco no poste 0200475007
A19: 11 | B19: T1 | C19: DJ AL01048007 | H19: poste N8 | I19: fim 144443 / fim 202873 / fim 202872 / 0200475007 / fim 145175 / fim 145089 / 0200047007 / fim 144450 | J19: =COUNTIFS(Trechos!$L$2:$L$275,A19) -> 15 | K19: =SUMIFS(Trechos!$F$2:$F$275,Trechos!$L$2:$L$275,A19) -> 870.97186 | L19: — | M19: =Blocos!AA12 -> 0200475007, 0200047007
A20: 12 | B20: T3 | C20: DJ AL01048007 | D20: 0200475007 | H20: 0200475007 | I20: fim N150 | J20: =COUNTIFS(Trechos!$L$2:$L$275,A20) -> 2 | K20: =SUMIFS(Trechos!$F$2:$F$275,Trechos!$L$2:$L$275,A20) -> 57.037306 | L20: — | M20: =Blocos!AA13 -> —
A21: 13 | B21: T3 | C21: DJ AL01048007 | D21: 0200047007 | H21: 0200047007 | I21: fim 144448 | J21: =COUNTIFS(Trechos!$L$2:$L$275,A21) -> 1 | K21: =SUMIFS(Trechos!$F$2:$F$275,Trechos!$L$2:$L$275,A21) -> 11.094453 | L21: — | M21: =Blocos!AA14 -> —
A22: RAMAL DO 0300050007 — sai do tronco no poste 0300050007
A23: 14 | B23: T1 | C23: DJ AL01048007 | H23: poste N13 | I23: fim 145198 / 0300050007 | J23: =COUNTIFS(Trechos!$L$2:$L$275,A23) -> 3 | K23: =SUMIFS(Trechos!$F$2:$F$275,Trechos!$L$2:$L$275,A23) -> 39.211624 | L23: — | M23: =Blocos!AA15 -> 0300050007
A24: 15 | B24: T3 | C24: DJ AL01048007 | D24: 0300050007 | H24: 0300050007 | I24: fim 145186 | J24: =COUNTIFS(Trechos!$L$2:$L$275,A24) -> 3 | K24: =SUMIFS(Trechos!$F$2:$F$275,Trechos!$L$2:$L$275,A24) -> 380.99649 | L24: — | M24: =Blocos!AA16 -> —
A25: RAMAL N21 — sai do tronco no poste N21
A26: 16 | B26: T1 | C26: DJ AL01048007 | H26: poste N21 | I26: fim 145152 / fim 144498 | J26: =COUNTIFS(Trechos!$L$2:$L$275,A26) -> 2 | K26: =SUMIFS(Trechos!$F$2:$F$275,Trechos!$L$2:$L$275,A26) -> 27.024643 | L26: — | M26: =Blocos!AA17 -> —
A27: RAMAL 145158 — sai do tronco no poste 145158
A28: 17 | B28: T1 | C28: DJ AL01048007 | H28: poste 145158 | I28: 0200055007 | J28: =COUNTIFS(Trechos!$L$2:$L$275,A28) -> 1 | K28: =SUMIFS(Trechos!$F$2:$F$275,Trechos!$L$2:$L$275,A28) -> 2.8761034 | L28: — | M28: =Blocos!AA18 -> 0200055007
A29: 18 | B29: T3 | C29: DJ AL01048007 | D29: 0200055007 | H29: 0200055007 | I29: fim N136 | J29: =COUNTIFS(Trechos!$L$2:$L$275,A29) -> 2 | K29: =SUMIFS(Trechos!$F$2:$F$275,Trechos!$L$2:$L$275,A29) -> 41.257041 | L29: — | M29: =Blocos!AA19 -> —
A30: RAMAL DO 0300057007 — sai do tronco no poste 0300057007
A31: 19 | B31: T1 | C31: DJ AL01048007 | H31: poste N32 | I31: 0300057007 / 0300056007 | J31: =COUNTIFS(Trechos!$L$2:$L$275,A31) -> 4 | K31: =SUMIFS(Trechos!$F$2:$F$275,Trechos!$L$2:$L$275,A31) -> 24.809169 | L31: — | M31: =Blocos!AA20 -> 0300057007, 0357094007, 0300056007
A32: 20 | B32: T3 | C32: DJ AL01048007 | D32: 0300057007 | H32: 0300057007 | I32: fim 40943446 / 0357094007 | J32: =COUNTIFS(Trechos!$L$2:$L$275,A32) -> 4 | K32: =SUMIFS(Trechos!$F$2:$F$275,Trechos!$L$2:$L$275,A32) -> 188.29821 | L32: — | M32: =Blocos!AA21 -> 0357094007
A33: 21 | B33: T4 | C33: DJ AL01048007 | D33: 0300057007 | E33: 0357094007 | H33: 0357094007 | I33: fim N46 | J33: =COUNTIFS(Trechos!$L$2:$L$275,A33) -> 1 | K33: =SUMIFS(Trechos!$F$2:$F$275,Trechos!$L$2:$L$275,A33) -> 2.3526217 | L33: — | M33: =Blocos!AA22 -> —
A34: 22 | B34: T3 | C34: DJ AL01048007 | D34: 0300056007 | H34: 0300056007 | I34: fim 145054 | J34: =COUNTIFS(Trechos!$L$2:$L$275,A34) -> 1 | K34: =SUMIFS(Trechos!$F$2:$F$275,Trechos!$L$2:$L$275,A34) -> 25.770317 | L34: — | M34: =Blocos!AA23 -> —
A35: RAMAL 145048 — sai do tronco no poste 145048
A36: 23 | B36: T1 | C36: DJ AL01048007 | H36: poste 145048 | I36: 0200061007 | J36: =COUNTIFS(Trechos!$L$2:$L$275,A36) -> 1 | K36: =SUMIFS(Trechos!$F$2:$F$275,Trechos!$L$2:$L$275,A36) -> 1.9163448 | L36: — | M36: =Blocos!AA24 -> 0200061007
A37: 24 | B37: T3 | C37: DJ AL01048007 | D37: 0200061007 | H37: 0200061007 | I37: fim N139 | J37: =COUNTIFS(Trechos!$L$2:$L$275,A37) -> 2 | K37: =SUMIFS(Trechos!$F$2:$F$275,Trechos!$L$2:$L$275,A37) -> 31.662404 | L37: — | M37: =Blocos!AA25 -> —
A38: RAMAL 145047 — sai do tronco no poste 145047
A39: 25 | B39: T1 | C39: DJ AL01048007 | H39: poste 145047 | I39: 0300062007 | J39: =COUNTIFS(Trechos!$L$2:$L$275,A39) -> 1 | K39: =SUMIFS(Trechos!$F$2:$F$275,Trechos!$L$2:$L$275,A39) -> 0.32894394 | L39: — | M39: =Blocos!AA26 -> 0300062007
A40: 26 | B40: T3 | C40: DJ AL01048007 | D40: 0300062007 | H40: 0300062007 | I40: fim N50 / fim N48 | J40: =COUNTIFS(Trechos!$L$2:$L$275,A40) -> 4 | K40: =SUMIFS(Trechos!$F$2:$F$275,Trechos!$L$2:$L$275,A40) -> 10.271276 | L40: — | M40: =Blocos!AA27 -> —
A41: RAMAL DO 0300065007 — sai do tronco no poste 0300065007
A42: 27 | B42: T1 | C42: DJ AL01048007 | H42: poste N53 | I42: 0300065007 / fim 145080 | J42: =COUNTIFS(Trechos!$L$2:$L$275,A42) -> 4 | K42: =SUMIFS(Trechos!$F$2:$F$275,Trechos!$L$2:$L$275,A42) -> 174.12782 | L42: — | M42: =Blocos!AA28 -> 0300065007
A43: 28 | B43: T3 | C43: DJ AL01048007 | D43: 0300065007 | H43: 0300065007 | I43: fim 145113 | J43: =COUNTIFS(Trechos!$L$2:$L$275,A43) -> 1 | K43: =SUMIFS(Trechos!$F$2:$F$275,Trechos!$L$2:$L$275,A43) -> 102.76122 | L43: — | M43: =Blocos!AA29 -> —
A44: RAMAL N59 — sai do tronco no poste N59
A45: 29 | B45: T1 | C45: DJ AL01048007 | H45: poste N59 | I45: fim N61 | J45: =COUNTIFS(Trechos!$L$2:$L$275,A45) -> 1 | K45: =SUMIFS(Trechos!$F$2:$F$275,Trechos!$L$2:$L$275,A45) -> 5.4577228 | L45: — | M45: =Blocos!AA30 -> —
A46: RAMAL N152 — sai do tronco no poste N152
A47: 30 | B47: T2 | C47: DJ AL01048007 | D47: 7925573007 | H47: poste N152 | I47: fim N153 | J47: =COUNTIFS(Trechos!$L$2:$L$275,A47) -> 1 | K47: =SUMIFS(Trechos!$F$2:$F$275,Trechos!$L$2:$L$275,A47) -> 4.7759555 | L47: — | M47: =Blocos!AA31 -> —
A48: RAMAL 144482 — sai do tronco no poste 144482
A49: 31 | B49: T2 | C49: DJ AL01048007 | D49: 7925573007 | H49: poste 144482 | I49: 0300068007 | J49: =COUNTIFS(Trechos!$L$2:$L$275,A49) -> 2 | K49: =SUMIFS(Trechos!$F$2:$F$275,Trechos!$L$2:$L$275,A49) -> 44.770933 | L49: — | M49: =Blocos!AA32 -> 0300068007, 0300070007, 0300073007, 0300074007
A50: 32 | B50: T3 | C50: DJ AL01048007 | D50: 7925573007 | E50: 0300068007 | H50: 0300068007 | I50: fim N202 / 0300070007 / 0300073007 / fim 144475 / fim N176 / fim 145185 / fim 145183 | J50: =COUNTIFS(Trechos!$L$2:$L$275,A50) -> 16 | K50: =SUMIFS(Trechos!$F$2:$F$275,Trechos!$L$2:$L$275,A50) -> 618.68117 | L50: — | M50: =Blocos!AA33 -> 0300070007, 0300073007, 0300074007
A51: 33 | B51: T4 | C51: DJ AL01048007 | D51: 7925573007 | E51: 0300068007 | F51: 0300070007 | H51: 0300070007 | I51: fim 145209 | J51: =COUNTIFS(Trechos!$L$2:$L$275,A51) -> 2 | K51: =SUMIFS(Trechos!$F$2:$F$275,Trechos!$L$2:$L$275,A51) -> 174.54062 | L51: — | M51: =Blocos!AA34 -> —
A52: 34 | B52: T4 | C52: DJ AL01048007 | D52: 7925573007 | E52: 0300068007 | F52: 0300073007 | H52: 0300073007 | I52: 0300074007 | J52: =COUNTIFS(Trechos!$L$2:$L$275,A52) -> 5 | K52: =SUMIFS(Trechos!$F$2:$F$275,Trechos!$L$2:$L$275,A52) -> 276.32823 | L52: — | M52: =Blocos!AA35 -> 0300074007
A53: 35 | B53: T5 | C53: DJ AL01048007 | D53: 7925573007 | E53: 0300068007 | F53: 0300073007 | G53: 0300074007 | H53: 0300074007 | I53: fim 38877902 | J53: =COUNTIFS(Trechos!$L$2:$L$275,A53) -> 1 | K53: =SUMIFS(Trechos!$F$2:$F$275,Trechos!$L$2:$L$275,A53) -> 9.2894256 | L53: — | M53: =Blocos!AA36 -> —
A54: RAMAL DO 0300111007 — sai do tronco no poste 0300111007
A55: 36 | B55: T2 | C55: DJ AL01048007 | D55: 7925573007 | H55: poste N155 | I55: fim 145475 / 0300111007 / fim 145034 / 0300109007 | J55: =COUNTIFS(Trechos!$L$2:$L$275,A55) -> 7 | K55: =SUMIFS(Trechos!$F$2:$F$275,Trechos!$L$2:$L$275,A55) -> 255.81026 | L55: — | M55: =Blocos!AA37 -> 0300111007, 0300115007, 0300145007, 0200114007, 0301201007, 0300109007
A56: 37 | B56: T3 | C56: DJ AL01048007 | D56: 7925573007 | E56: 0300111007 | H56: 0300111007 | I56: fim 346374 / 0300115007 / fim 145540 / 0300145007 / fim 373501 / fim N233 / fim 346375 / fim 373500 / fim 346371 / 0200114007 / fim N205 / 0301201007 | J56: =COUNTIFS(Trechos!$L$2:$L$275,A56) -> 34 | K56: =SUMIFS(Trechos!$F$2:$F$275,Trechos!$L$2:$L$275,A56) -> 1391.5635 | L56: — | M56: =Blocos!AA38 -> 0300115007, 0300145007, 0200114007, 0301201007
A57: 38 | B57: T4 | C57: DJ AL01048007 | D57: 7925573007 | E57: 0300111007 | F57: 0300115007 | H57: 0300115007 | I57: fim 28903358 / fim 28903363 / fim 28903259 / fim 28903253 | J57: =COUNTIFS(Trechos!$L$2:$L$275,A57) -> 16 | K57: =SUMIFS(Trechos!$F$2:$F$275,Trechos!$L$2:$L$275,A57) -> 903.03517 | L57: 8856371007 | M57: =Blocos!AA39 -> —
A58: 39 | B58: T4 | C58: DJ AL01048007 | D58: 7925573007 | E58: 0300111007 | F58: 0300145007 | H58: 0300145007 | I58: fim 1444580 / fim 1444577 / fim 145110 / fim N244 | J58: =COUNTIFS(Trechos!$L$2:$L$275,A58) -> 9 | K58: =SUMIFS(Trechos!$F$2:$F$275,Trechos!$L$2:$L$275,A58) -> 318.29317 | L58: — | M58: =Blocos!AA40 -> —
A59: 40 | B59: T4 | C59: DJ AL01048007 | D59: 7925573007 | E59: 0300111007 | F59: 0200114007 | H59: 0200114007 | I59: fim N270 | J59: =COUNTIFS(Trechos!$L$2:$L$275,A59) -> 2 | K59: =SUMIFS(Trechos!$F$2:$F$275,Trechos!$L$2:$L$275,A59) -> 41.848529 | L59: — | M59: =Blocos!AA41 -> —
A60: 41 | B60: T4 | C60: DJ AL01048007 | D60: 7925573007 | E60: 0300111007 | F60: 0301201007 | H60: 0301201007 | I60: fim 145203 | J60: =COUNTIFS(Trechos!$L$2:$L$275,A60) -> 3 | K60: =SUMIFS(Trechos!$F$2:$F$275,Trechos!$L$2:$L$275,A60) -> 441.77386 | L60: — | M60: =Blocos!AA42 -> —
A61: 42 | B61: T3 | C61: DJ AL01048007 | D61: 7925573007 | E61: 0300109007 | H61: 0300109007 | I61: fim 145036 | J61: =COUNTIFS(Trechos!$L$2:$L$275,A61) -> 1 | K61: =SUMIFS(Trechos!$F$2:$F$275,Trechos!$L$2:$L$275,A61) -> 42.037106 | L61: — | M61: =Blocos!AA43 -> —
A62: RAMAL 145510 — sai do tronco no poste 145510
A63: 43 | B63: T2 | C63: DJ AL01048007 | D63: 7925573007 | H63: poste 145510 | I63: 0200038007 | J63: =COUNTIFS(Trechos!$L$2:$L$275,A63) -> 1 | K63: =SUMIFS(Trechos!$F$2:$F$275,Trechos!$L$2:$L$275,A63) -> 2.8561892 | L63: — | M63: =Blocos!AA44 -> 0200038007
A64: 44 | B64: T3 | C64: DJ AL01048007 | D64: 7925573007 | E64: 0200038007 | H64: 0200038007 | I64: fim 145532 | J64: =COUNTIFS(Trechos!$L$2:$L$275,A64) -> 1 | K64: =SUMIFS(Trechos!$F$2:$F$275,Trechos!$L$2:$L$275,A64) -> 26.065962 | L64: — | M64: =Blocos!AA45 -> —
A65: RAMAL N197 — sai do tronco no poste N197
A66: 45 | B66: T2 | C66: DJ AL01048007 | D66: 7925573007 | H66: poste N197 | I66: fim 321325 / fim 1068338 | J66: =COUNTIFS(Trechos!$L$2:$L$275,A66) -> 3 | K66: =SUMIFS(Trechos!$F$2:$F$275,Trechos!$L$2:$L$275,A66) -> 141.43782 | L66: — | M66: =Blocos!AA46 -> —
A67: RAMAL 145501 — sai do tronco no poste 145501
A68: 46 | B68: T2 | C68: DJ AL01048007 | D68: 7925573007 | H68: poste 145501 | I68: 0300040007 | J68: =COUNTIFS(Trechos!$L$2:$L$275,A68) -> 1 | K68: =SUMIFS(Trechos!$F$2:$F$275,Trechos!$L$2:$L$275,A68) -> 0.35114356 | L68: — | M68: =Blocos!AA47 -> 0300040007
A69: 47 | B69: T3 | C69: DJ AL01048007 | D69: 7925573007 | E69: 0300040007 | H69: 0300040007 | I69: fim N221 | J69: =COUNTIFS(Trechos!$L$2:$L$275,A69) -> 1 | K69: =SUMIFS(Trechos!$F$2:$F$275,Trechos!$L$2:$L$275,A69) -> 3.0548547 | L69: — | M69: =Blocos!AA48 -> —
A70: RAMAL N227 — sai do tronco no poste N227
A71: 48 | B71: T2 | C71: DJ AL01048007 | D71: 7925573007 | H71: poste N227 | I71: fim 145500 | J71: =COUNTIFS(Trechos!$L$2:$L$275,A71) -> 2 | K71: =SUMIFS(Trechos!$F$2:$F$275,Trechos!$L$2:$L$275,A71) -> 2.8473881 | L71: — | M71: =Blocos!AA49 -> —

Sheet Consulta
A1: Onde fica este poste?
A2: Digite o código do poste na célula amarela (o poste no fim do vão). A planilha mostra o vão e a sequência desde o DJ.
A4: Poste | B4: 145500 | C4: ← exemplo
A6: Trecho (vão) | B6: =IFERROR(INDEX(Trechos!$B$2:$B$275,MATCH($B$4,Trechos!$E$2:$E$275,0)),"poste não encontrado") -> TR-274
A7: Poste início | B7: =IFERROR(INDEX(Trechos!$D$2:$D$275,MATCH($B$4,Trechos!$E$2:$E$275,0)),"poste não encontrado") -> N271
A8: Zona | B8: =IFERROR(INDEX(Trechos!$I$2:$I$275,MATCH($B$4,Trechos!$E$2:$E$275,0)),"poste não encontrado") -> T2
A9: Tronco/Ramal | B9: =IFERROR(INDEX(Trechos!$J$2:$J$275,MATCH($B$4,Trechos!$E$2:$E$275,0)),"poste não encontrado") -> Ramal
A10: Ramal | B10: =IFERROR(INDEX(Trechos!$K$2:$K$275,MATCH($B$4,Trechos!$E$2:$E$275,0)),"poste não encontrado") -> Ramal N227
A11: Bloco | B11: =IFERROR(INDEX(Trechos!$L$2:$L$275,MATCH($B$4,Trechos!$E$2:$E$275,0)),"poste não encontrado") -> 48
A12: Ativo de referência | B12: =IFERROR(INDEX(Trechos!$M$2:$M$275,MATCH($B$4,Trechos!$E$2:$E$275,0)),"poste não encontrado") -> 7925573007
A13: Distância do ativo de referência (m) | B13: =IFERROR(INDEX(Trechos!$H$2:$H$275,MATCH($B$4,Trechos!$E$2:$E$275,0)),"poste não encontrado") -> 958.69452
A14: Distância do DJ (m) | B14: =IFERROR(INDEX(Trechos!$G$2:$G$275,MATCH($B$4,Trechos!$E$2:$E$275,0)),"poste não encontrado") -> 2408.0559
A15: Ativos posteriores englobados | B15: =IFERROR(INDEX(Trechos!$P$2:$P$275,MATCH($B$4,Trechos!$E$2:$E$275,0)),"poste não encontrado") -> —
A16: Outra chave no fim do vão (88…) | B16: =IFERROR(INDEX(Trechos!$R$2:$R$275,MATCH($B$4,Trechos!$E$2:$E$275,0)),"poste não encontrado") -> 0
A17: Caminho desde o DJ | B17: =IFERROR(INDEX(Trechos!$X$2:$X$275,MATCH($B$4,Trechos!$E$2:$E$275,0)),"poste não encontrado") -> DJ AL01048007 › 7925573007
A18: Latitude | B18: =IFERROR(INDEX(Trechos!$Y$2:$Y$275,MATCH($B$4,Trechos!$E$2:$E$275,0)),"poste não encontrado") -> -9.5636585
A19: Longitude | B19: =IFERROR(INDEX(Trechos!$Z$2:$Z$275,MATCH($B$4,Trechos!$E$2:$E$275,0)),"poste não encontrado") -> -48.398756

Sheet Blocos
A1: Bloco | B1: Zona | C1: Tronco/Ramal | D1: Ramal | E1: Ativo de referência | F1: De | G1: Próximo ativo 1 | H1: Próximo ativo 2 | I1: Próximo ativo 3 | J1: Próximo ativo 4 | K1: Próximo ativo 5 | L1: Próximo ativo 6 | M1: Próximo ativo 7 | N1: Próximo ativo 8 | O1: Próximo ativo 9 | P1: Próximo ativo 10 | Q1: Próximo ativo 11 | R1: Próximo ativo 12 | S1: Nível 1 | T1: Nível 2 | U1: Nível 3 | V1: Nível 4 | W1: Nível 5 | X1: Qtd. vãos | Y1: Extensão do bloco (m) | Z1: Qtd. ativos posteriores | AA1: Ativos posteriores (concatenado) | AB1: Outras chaves no bloco (88…) | AC1: Posterior 1 | AD1: Posterior 2 | AE1: Posterior 3 | AF1: Posterior 4 | AG1: Posterior 5 | AH1: Posterior 6 | AI1: Posterior 7 | AJ1: Posterior 8 | AK1: Posterior 9 | AL1: Posterior 10 | AM1: Posterior 11 | AN1: Posterior 12 | AO1: Posterior 13 | AP1: Posterior 14 | AQ1: Posterior 15 | AR1: Posterior 16 | AS1: Posterior 17 | AT1: Posterior 18 | AU1: Posterior 19 | AV1: Posterior 20 | AW1: Posterior 21 | AX1: Posterior 22 | AY1: Posterior 23
A2: 1 | B2: T1 | C2: Tronco | D2: Tronco | E2: DJ AL01048007 | F2: DJ AL01048007 | G2: 7925573007 | S2: DJ AL01048007 | X2: =COUNTIFS(Trechos!$L$2:$L$275,A2) -> 19 | Y2: =SUMIFS(Trechos!$F$2:$F$275,Trechos!$L$2:$L$275,A2) -> 1449.3614 | Z2: =COUNTA(AC2:AY2) -> 23 | AA2: =IF(COUNTA(AC2:AY2)=0,"—",_xlfn.TEXTJOIN(", ",TRUE(),AC2:AY2)) -> 7925573007, 0300040007, 0200038007, 0300111007, 0300115007, 0300145007, 0200114007, 0301201007, 0300109007, 0300068007, 0300070007, 0300073007, 0300074007, 0300065007, 0300062007, 0200061007, 0300057007, 0357094007, 0300056007, 0200055007, 0300050007, 0200475007, 0200047007 | AB2: 8800042007, 8808674007, 8800054007 | AC2: 7925573007 | AD2: 0300040007 | AE2: 0200038007 | AF2: 0300111007 | AG2: 0300115007 | AH2: 0300145007 | AI2: 0200114007 | AJ2: 0301201007 | AK2: 0300109007 | AL2: 0300068007 | AM2: 0300070007 | AN2: 0300073007 | AO2: 0300074007 | AP2: 0300065007 | AQ2: 0300062007 | AR2: 0200061007 | AS2: 0300057007 | AT2: 0357094007 | AU2: 0300056007 | AV2: 0200055007 | AW2: 0300050007 | AX2: 0200475007 | AY2: 0200047007
A3: 2 | B3: T2 | C3: Tronco | D3: Tronco | E3: 7925573007 | F3: 7925573007 | G3: fim N228 | S3: DJ AL01048007 | T3: 7925573007 | X3: =COUNTIFS(Trechos!$L$2:$L$275,A3) -> 17 | Y3: =SUMIFS(Trechos!$F$2:$F$275,Trechos!$L$2:$L$275,A3) -> 960.40964 | Z3: =COUNTA(AC3:AY3) -> 12 | AA3: =IF(COUNTA(AC3:AY3)=0,"—",_xlfn.TEXTJOIN(", ",TRUE(),AC3:AY3)) -> 0300040007, 0200038007, 0300111007, 0300115007, 0300145007, 0200114007, 0301201007, 0300109007, 0300068007, 0300070007, 0300073007, 0300074007 | AB3: 8800075007 | AC3: 0300040007 | AD3: 0200038007 | AE3: 0300111007 | AF3: 0300115007 | AG3: 0300145007 | AH3: 0200114007 | AI3: 0301201007 | AJ3: 0300109007 | AK3: 0300068007 | AL3: 0300070007 | AM3: 0300073007 | AN3: 0300074007
A4: 3 | B4: T1 | C4: Ramal | D4: Ramal 1478970 | E4: DJ AL01048007 | F4: DJ AL01048007 | G4: 0300043007 | S4: DJ AL01048007 | X4: =COUNTIFS(Trechos!$L$2:$L$275,A4) -> 2 | Y4: =SUMIFS(Trechos!$F$2:$F$275,Trechos!$L$2:$L$275,A4) -> 38.914441 | Z4: =COUNTA(AC4:AY4) -> 7 | AA4: =IF(COUNTA(AC4:AY4)=0,"—",_xlfn.TEXTJOIN(", ",TRUE(),AC4:AY4)) -> 0300043007, 0301038007, 0301039007, 0301117007, 0201291007, 0302253007, 0301273007 | AB4: — | AC4: 0300043007 | AD4: 0301038007 | AE4: 0301039007 | AF4: 0301117007 | AG4: 0201291007 | AH4: 0302253007 | AI4: 0301273007
A5: 4 | B5: T3 | C5: Ramal | D5: Ramal 1478970 | E5: 0300043007 | F5: 0300043007 | G5: 0301038007 | H5: fim 69120630 | I5: 0301117007 | J5: fim 299845 | K5: 0301273007 | S5: DJ AL01048007 | T5: 0300043007 | X5: =COUNTIFS(Trechos!$L$2:$L$275,A5) -> 15 | Y5: =SUMIFS(Trechos!$F$2:$F$275,Trechos!$L$2:$L$275,A5) -> 2457.9533 | Z5: =COUNTA(AC5:AY5) -> 6 | AA5: =IF(COUNTA(AC5:AY5)=0,"—",_xlfn.TEXTJOIN(", ",TRUE(),AC5:AY5)) -> 0301038007, 0301039007, 0301117007, 0201291007, 0302253007, 0301273007 | AB5: 386243 | AC5: 0301038007 | AD5: 0301039007 | AE5: 0301117007 | AF5: 0201291007 | AG5: 0302253007 | AH5: 0301273007
A6: 5 | B6: T4 | C6: Ramal | D6: Ramal 1478970 | E6: 0301038007 | F6: 0301038007 | G6: 0301039007 | S6: DJ AL01048007 | T6: 0300043007 | U6: 0301038007 | X6: =COUNTIFS(Trechos!$L$2:$L$275,A6) -> 2 | Y6: =SUMIFS(Trechos!$F$2:$F$275,Trechos!$L$2:$L$275,A6) -> 223.13742 | Z6: =COUNTA(AC6:AY6) -> 1 | AA6: =IF(COUNTA(AC6:AY6)=0,"—",_xlfn.TEXTJOIN(", ",TRUE(),AC6:AY6)) -> 0301039007 | AB6: — | AC6: 0301039007
A7: 6 | B7: T5 | C7: Ramal | D7: Ramal 1478970 | E7: 0301039007 | F7: 0301039007 | G7: fim 289786 | S7: DJ AL01048007 | T7: 0300043007 | U7: 0301038007 | V7: 0301039007 | X7: =COUNTIFS(Trechos!$L$2:$L$275,A7) -> 1 | Y7: =SUMIFS(Trechos!$F$2:$F$275,Trechos!$L$2:$L$275,A7) -> 92.473831 | Z7: =COUNTA(AC7:AY7) -> 0 | AA7: =IF(COUNTA(AC7:AY7)=0,"—",_xlfn.TEXTJOIN(", ",TRUE(),AC7:AY7)) -> — | AB7: —
A8: 7 | B8: T4 | C8: Ramal | D8: Ramal 1478970 | E8: 0301117007 | F8: 0301117007 | G8: 0201291007 | H8: 0302253007 | I8: fim 1078155 | S8: DJ AL01048007 | T8: 0300043007 | U8: 0301117007 | X8: =COUNTIFS(Trechos!$L$2:$L$275,A8) -> 37 | Y8: =SUMIFS(Trechos!$F$2:$F$275,Trechos!$L$2:$L$275,A8) -> 2136.3104 | Z8: =COUNTA(AC8:AY8) -> 2 | AA8: =IF(COUNTA(AC8:AY8)=0,"—",_xlfn.TEXTJOIN(", ",TRUE(),AC8:AY8)) -> 0201291007, 0302253007 | AB8: — | AC8: 0201291007 | AD8: 0302253007
A9: 8 | B9: T5 | C9: Ramal | D9: Ramal 1478970 | E9: 0201291007 | F9: 0201291007 | G9: fim 315977 | S9: DJ AL01048007 | T9: 0300043007 | U9: 0301117007 | V9: 0201291007 | X9: =COUNTIFS(Trechos!$L$2:$L$275,A9) -> 1 | Y9: =SUMIFS(Trechos!$F$2:$F$275,Trechos!$L$2:$L$275,A9) -> 16.087812 | Z9: =COUNTA(AC9:AY9) -> 0 | AA9: =IF(COUNTA(AC9:AY9)=0,"—",_xlfn.TEXTJOIN(", ",TRUE(),AC9:AY9)) -> — | AB9: —
A10: 9 | B10: T5 | C10: Ramal | D10: Ramal 1478970 | E10: 0302253007 | F10: 0302253007 | G10: fim 1088763 | H10: fim 1088774 | I10: fim 1089030 | J10: fim 1088769 | K10: fim N118 | L10: fim 1088761 | M10: fim N120 | N10: fim 1089031 | S10: DJ AL01048007 | T10: 0300043007 | U10: 0301117007 | V10: 0302253007 | X10: =COUNTIFS(Trechos!$L$2:$L$275,A10) -> 18 | Y10: =SUMIFS(Trechos!$F$2:$F$275,Trechos!$L$2:$L$275,A10) -> 1159.7448 | Z10: =COUNTA(AC10:AY10) -> 0 | AA10: =IF(COUNTA(AC10:AY10)=0,"—",_xlfn.TEXTJOIN(", ",TRUE(),AC10:AY10)) -> — | AB10: —
A11: 10 | B11: T4 | C11: Ramal | D11: Ramal 1478970 | E11: 0301273007 | F11: 0301273007 | G11: fim 309513 | S11: DJ AL01048007 | T11: 0300043007 | U11: 0301273007 | X11: =COUNTIFS(Trechos!$L$2:$L$275,A11) -> 1 | Y11: =SUMIFS(Trechos!$F$2:$F$275,Trechos!$L$2:$L$275,A11) -> 83.786375 | Z11: =COUNTA(AC11:AY11) -> 0 | AA11: =IF(COUNTA(AC11:AY11)=0,"—",_xlfn.TEXTJOIN(", ",TRUE(),AC11:AY11)) -> — | AB11: —
A12: 11 | B12: T1 | C12: Ramal | D12: Ramal do 0200475007 | E12: DJ AL01048007 | F12: poste N8 | G12: fim 144443 | H12: fim 202873 | I12: fim 202872 | J12: 0200475007 | K12: fim 145175 | L12: fim 145089 | M12: 0200047007 | N12: fim 144450 | S12: DJ AL01048007 | X12: =COUNTIFS(Trechos!$L$2:$L$275,A12) -> 15 | Y12: =SUMIFS(Trechos!$F$2:$F$275,Trechos!$L$2:$L$275,A12) -> 870.97186 | Z12: =COUNTA(AC12:AY12) -> 2 | AA12: =IF(COUNTA(AC12:AY12)=0,"—",_xlfn.TEXTJOIN(", ",TRUE(),AC12:AY12)) -> 0200475007, 0200047007 | AB12: — | AC12: 0200475007 | AD12: 0200047007
A13: 12 | B13: T3 | C13: Ramal | D13: Ramal do 0200475007 | E13: 0200475007 | F13: 0200475007 | G13: fim N150 | S13: DJ AL01048007 | T13: 0200475007 | X13: =COUNTIFS(Trechos!$L$2:$L$275,A13) -> 2 | Y13: =SUMIFS(Trechos!$F$2:$F$275,Trechos!$L$2:$L$275,A13) -> 57.037306 | Z13: =COUNTA(AC13:AY13) -> 0 | AA13: =IF(COUNTA(AC13:AY13)=0,"—",_xlfn.TEXTJOIN(", ",TRUE(),AC13:AY13)) -> — | AB13: —
A14: 13 | B14: T3 | C14: Ramal | D14: Ramal do 0200475007 | E14: 0200047007 | F14: 0200047007 | G14: fim 144448 | S14: DJ AL01048007 | T14: 0200047007 | X14: =COUNTIFS(Trechos!$L$2:$L$275,A14) -> 1 | Y14: =SUMIFS(Trechos!$F$2:$F$275,Trechos!$L$2:$L$275,A14) -> 11.094453 | Z14: =COUNTA(AC14:AY14) -> 0 | AA14: =IF(COUNTA(AC14:AY14)=0,"—",_xlfn.TEXTJOIN(", ",TRUE(),AC14:AY14)) -> — | AB14: —
A15: 14 | B15: T1 | C15: Ramal | D15: Ramal do 0300050007 | E15: DJ AL01048007 | F15: poste N13 | G15: fim 145198 | H15: 0300050007 | S15: DJ AL01048007 | X15: =COUNTIFS(Trechos!$L$2:$L$275,A15) -> 3 | Y15: =SUMIFS(Trechos!$F$2:$F$275,Trechos!$L$2:$L$275,A15) -> 39.211624 | Z15: =COUNTA(AC15:AY15) -> 1 | AA15: =IF(COUNTA(AC15:AY15)=0,"—",_xlfn.TEXTJOIN(", ",TRUE(),AC15:AY15)) -> 0300050007 | AB15: — | AC15: 0300050007
A16: 15 | B16: T3 | C16: Ramal | D16: Ramal do 0300050007 | E16: 0300050007 | F16: 0300050007 | G16: fim 145186 | S16: DJ AL01048007 | T16: 0300050007 | X16: =COUNTIFS(Trechos!$L$2:$L$275,A16) -> 3 | Y16: =SUMIFS(Trechos!$F$2:$F$275,Trechos!$L$2:$L$275,A16) -> 380.99649 | Z16: =COUNTA(AC16:AY16) -> 0 | AA16: =IF(COUNTA(AC16:AY16)=0,"—",_xlfn.TEXTJOIN(", ",TRUE(),AC16:AY16)) -> — | AB16: —
A17: 16 | B17: T1 | C17: Ramal | D17: Ramal N21 | E17: DJ AL01048007 | F17: poste N21 | G17: fim 145152 | H17: fim 144498 | S17: DJ AL01048007 | X17: =COUNTIFS(Trechos!$L$2:$L$275,A17) -> 2 | Y17: =SUMIFS(Trechos!$F$2:$F$275,Trechos!$L$2:$L$275,A17) -> 27.024643 | Z17: =COUNTA(AC17:AY17) -> 0 | AA17: =IF(COUNTA(AC17:AY17)=0,"—",_xlfn.TEXTJOIN(", ",TRUE(),AC17:AY17)) -> — | AB17: —
A18: 17 | B18: T1 | C18: Ramal | D18: Ramal 145158 | E18: DJ AL01048007 | F18: poste 145158 | G18: 0200055007 | S18: DJ AL01048007 | X18: =COUNTIFS(Trechos!$L$2:$L$275,A18) -> 1 | Y18: =SUMIFS(Trechos!$F$2:$F$275,Trechos!$L$2:$L$275,A18) -> 2.8761034 | Z18: =COUNTA(AC18:AY18) -> 1 | AA18: =IF(COUNTA(AC18:AY18)=0,"—",_xlfn.TEXTJOIN(", ",TRUE(),AC18:AY18)) -> 0200055007 | AB18: — | AC18: 0200055007
A19: 18 | B19: T3 | C19: Ramal | D19: Ramal 145158 | E19: 0200055007 | F19: 0200055007 | G19: fim N136 | S19: DJ AL01048007 | T19: 0200055007 | X19: =COUNTIFS(Trechos!$L$2:$L$275,A19) -> 2 | Y19: =SUMIFS(Trechos!$F$2:$F$275,Trechos!$L$2:$L$275,A19) -> 41.257041 | Z19: =COUNTA(AC19:AY19) -> 0 | AA19: =IF(COUNTA(AC19:AY19)=0,"—",_xlfn.TEXTJOIN(", ",TRUE(),AC19:AY19)) -> — | AB19: —
A20: 19 | B20: T1 | C20: Ramal | D20: Ramal do 0300057007 | E20: DJ AL01048007 | F20: poste N32 | G20: 0300057007 | H20: 0300056007 | S20: DJ AL01048007 | X20: =COUNTIFS(Trechos!$L$2:$L$275,A20) -> 4 | Y20: =SUMIFS(Trechos!$F$2:$F$275,Trechos!$L$2:$L$275,A20) -> 24.809169 | Z20: =COUNTA(AC20:AY20) -> 3 | AA20: =IF(COUNTA(AC20:AY20)=0,"—",_xlfn.TEXTJOIN(", ",TRUE(),AC20:AY20)) -> 0300057007, 0357094007, 0300056007 | AB20: — | AC20: 0300057007 | AD20: 0357094007 | AE20: 0300056007
A21: 20 | B21: T3 | C21: Ramal | D21: Ramal do 0300057007 | E21: 0300057007 | F21: 0300057007 | G21: fim 40943446 | H21: 0357094007 | S21: DJ AL01048007 | T21: 0300057007 | X21: =COUNTIFS(Trechos!$L$2:$L$275,A21) -> 4 | Y21: =SUMIFS(Trechos!$F$2:$F$275,Trechos!$L$2:$L$275,A21) -> 188.29821 | Z21: =COUNTA(AC21:AY21) -> 1 | AA21: =IF(COUNTA(AC21:AY21)=0,"—",_xlfn.TEXTJOIN(", ",TRUE(),AC21:AY21)) -> 0357094007 | AB21: — | AC21: 0357094007
A22: 21 | B22: T4 | C22: Ramal | D22: Ramal do 0300057007 | E22: 0357094007 | F22: 0357094007 | G22: fim N46 | S22: DJ AL01048007 | T22: 0300057007 | U22: 0357094007 | X22: =COUNTIFS(Trechos!$L$2:$L$275,A22) -> 1 | Y22: =SUMIFS(Trechos!$F$2:$F$275,Trechos!$L$2:$L$275,A22) -> 2.3526217 | Z22: =COUNTA(AC22:AY22) -> 0 | AA22: =IF(COUNTA(AC22:AY22)=0,"—",_xlfn.TEXTJOIN(", ",TRUE(),AC22:AY22)) -> — | AB22: —
A23: 22 | B23: T3 | C23: Ramal | D23: Ramal do 0300057007 | E23: 0300056007 | F23: 0300056007 | G23: fim 145054 | S23: DJ AL01048007 | T23: 0300056007 | X23: =COUNTIFS(Trechos!$L$2:$L$275,A23) -> 1 | Y23: =SUMIFS(Trechos!$F$2:$F$275,Trechos!$L$2:$L$275,A23) -> 25.770317 | Z23: =COUNTA(AC23:AY23) -> 0 | AA23: =IF(COUNTA(AC23:AY23)=0,"—",_xlfn.TEXTJOIN(", ",TRUE(),AC23:AY23)) -> — | AB23: —
A24: 23 | B24: T1 | C24: Ramal | D24: Ramal 145048 | E24: DJ AL01048007 | F24: poste 145048 | G24: 0200061007 | S24: DJ AL01048007 | X24: =COUNTIFS(Trechos!$L$2:$L$275,A24) -> 1 | Y24: =SUMIFS(Trechos!$F$2:$F$275,Trechos!$L$2:$L$275,A24) -> 1.9163448 | Z24: =COUNTA(AC24:AY24) -> 1 | AA24: =IF(COUNTA(AC24:AY24)=0,"—",_xlfn.TEXTJOIN(", ",TRUE(),AC24:AY24)) -> 0200061007 | AB24: — | AC24: 0200061007
A25: 24 | B25: T3 | C25: Ramal | D25: Ramal 145048 | E25: 0200061007 | F25: 0200061007 | G25: fim N139 | S25: DJ AL01048007 | T25: 0200061007 | X25: =COUNTIFS(Trechos!$L$2:$L$275,A25) -> 2 | Y25: =SUMIFS(Trechos!$F$2:$F$275,Trechos!$L$2:$L$275,A25) -> 31.662404 | Z25: =COUNTA(AC25:AY25) -> 0 | AA25: =IF(COUNTA(AC25:AY25)=0,"—",_xlfn.TEXTJOIN(", ",TRUE(),AC25:AY25)) -> — | AB25: —
A26: 25 | B26: T1 | C26: Ramal | D26: Ramal 145047 | E26: DJ AL01048007 | F26: poste 145047 | G26: 0300062007 | S26: DJ AL01048007 | X26: =COUNTIFS(Trechos!$L$2:$L$275,A26) -> 1 | Y26: =SUMIFS(Trechos!$F$2:$F$275,Trechos!$L$2:$L$275,A26) -> 0.32894394 | Z26: =COUNTA(AC26:AY26) -> 1 | AA26: =IF(COUNTA(AC26:AY26)=0,"—",_xlfn.TEXTJOIN(", ",TRUE(),AC26:AY26)) -> 0300062007 | AB26: — | AC26: 0300062007
A27: 26 | B27: T3 | C27: Ramal | D27: Ramal 145047 | E27: 0300062007 | F27: 0300062007 | G27: fim N50 | H27: fim N48 | S27: DJ AL01048007 | T27: 0300062007 | X27: =COUNTIFS(Trechos!$L$2:$L$275,A27) -> 4 | Y27: =SUMIFS(Trechos!$F$2:$F$275,Trechos!$L$2:$L$275,A27) -> 10.271276 | Z27: =COUNTA(AC27:AY27) -> 0 | AA27: =IF(COUNTA(AC27:AY27)=0,"—",_xlfn.TEXTJOIN(", ",TRUE(),AC27:AY27)) -> — | AB27: —
A28: 27 | B28: T1 | C28: Ramal | D28: Ramal do 0300065007 | E28: DJ AL01048007 | F28: poste N53 | G28: 0300065007 | H28: fim 145080 | S28: DJ AL01048007 | X28: =COUNTIFS(Trechos!$L$2:$L$275,A28) -> 4 | Y28: =SUMIFS(Trechos!$F$2:$F$275,Trechos!$L$2:$L$275,A28) -> 174.12782 | Z28: =COUNTA(AC28:AY28) -> 1 | AA28: =IF(COUNTA(AC28:AY28)=0,"—",_xlfn.TEXTJOIN(", ",TRUE(),AC28:AY28)) -> 0300065007 | AB28: — | AC28: 0300065007
A29: 28 | B29: T3 | C29: Ramal | D29: Ramal do 0300065007 | E29: 0300065007 | F29: 0300065007 | G29: fim 145113 | S29: DJ AL01048007 | T29: 0300065007 | X29: =COUNTIFS(Trechos!$L$2:$L$275,A29) -> 1 | Y29: =SUMIFS(Trechos!$F$2:$F$275,Trechos!$L$2:$L$275,A29) -> 102.76122 | Z29: =COUNTA(AC29:AY29) -> 0 | AA29: =IF(COUNTA(AC29:AY29)=0,"—",_xlfn.TEXTJOIN(", ",TRUE(),AC29:AY29)) -> — | AB29: —
A30: 29 | B30: T1 | C30: Ramal | D30: Ramal N59 | E30: DJ AL01048007 | F30: poste N59 | G30: fim N61 | S30: DJ AL01048007 | X30: =COUNTIFS(Trechos!$L$2:$L$275,A30) -> 1 | Y30: =SUMIFS(Trechos!$F$2:$F$275,Trechos!$L$2:$L$275,A30) -> 5.4577228 | Z30: =COUNTA(AC30:AY30) -> 0 | AA30: =IF(COUNTA(AC30:AY30)=0,"—",_xlfn.TEXTJOIN(", ",TRUE(),AC30:AY30)) -> — | AB30: —
A31: 30 | B31: T2 | C31: Ramal | D31: Ramal N152 | E31: 7925573007 | F31: poste N152 | G31: fim N153 | S31: DJ AL01048007 | T31: 7925573007 | X31: =COUNTIFS(Trechos!$L$2:$L$275,A31) -> 1 | Y31: =SUMIFS(Trechos!$F$2:$F$275,Trechos!$L$2:$L$275,A31) -> 4.7759555 | Z31: =COUNTA(AC31:AY31) -> 0 | AA31: =IF(COUNTA(AC31:AY31)=0,"—",_xlfn.TEXTJOIN(", ",TRUE(),AC31:AY31)) -> — | AB31: —
A32: 31 | B32: T2 | C32: Ramal | D32: Ramal 144482 | E32: 7925573007 | F32: poste 144482 | G32: 0300068007 | S32: DJ AL01048007 | T32: 7925573007 | X32: =COUNTIFS(Trechos!$L$2:$L$275,A32) -> 2 | Y32: =SUMIFS(Trechos!$F$2:$F$275,Trechos!$L$2:$L$275,A32) -> 44.770933 | Z32: =COUNTA(AC32:AY32) -> 4 | AA32: =IF(COUNTA(AC32:AY32)=0,"—",_xlfn.TEXTJOIN(", ",TRUE(),AC32:AY32)) -> 0300068007, 0300070007, 0300073007, 0300074007 | AB32: — | AC32: 0300068007 | AD32: 0300070007 | AE32: 0300073007 | AF32: 0300074007
A33: 32 | B33: T3 | C33: Ramal | D33: Ramal 144482 | E33: 0300068007 | F33: 0300068007 | G33: fim N202 | H33: 0300070007 | I33: 0300073007 | J33: fim 144475 | K33: fim N176 | L33: fim 145185 | M33: fim 145183 | S33: DJ AL01048007 | T33: 7925573007 | U33: 0300068007 | X33: =COUNTIFS(Trechos!$L$2:$L$275,A33) -> 16 | Y33: =SUMIFS(Trechos!$F$2:$F$275,Trechos!$L$2:$L$275,A33) -> 618.68117 | Z33: =COUNTA(AC33:AY33) -> 3 | AA33: =IF(COUNTA(AC33:AY33)=0,"—",_xlfn.TEXTJOIN(", ",TRUE(),AC33:AY33)) -> 0300070007, 0300073007, 0300074007 | AB33: — | AC33: 0300070007 | AD33: 0300073007 | AE33: 0300074007
A34: 33 | B34: T4 | C34: Ramal | D34: Ramal 144482 | E34: 0300070007 | F34: 0300070007 | G34: fim 145209 | S34: DJ AL01048007 | T34: 7925573007 | U34: 0300068007 | V34: 0300070007 | X34: =COUNTIFS(Trechos!$L$2:$L$275,A34) -> 2 | Y34: =SUMIFS(Trechos!$F$2:$F$275,Trechos!$L$2:$L$275,A34) -> 174.54062 | Z34: =COUNTA(AC34:AY34) -> 0 | AA34: =IF(COUNTA(AC34:AY34)=0,"—",_xlfn.TEXTJOIN(", ",TRUE(),AC34:AY34)) -> — | AB34: —
A35: 34 | B35: T4 | C35: Ramal | D35: Ramal 144482 | E35: 0300073007 | F35: 0300073007 | G35: 0300074007 | S35: DJ AL01048007 | T35: 7925573007 | U35: 0300068007 | V35: 0300073007 | X35: =COUNTIFS(Trechos!$L$2:$L$275,A35) -> 5 | Y35: =SUMIFS(Trechos!$F$2:$F$275,Trechos!$L$2:$L$275,A35) -> 276.32823 | Z35: =COUNTA(AC35:AY35) -> 1 | AA35: =IF(COUNTA(AC35:AY35)=0,"—",_xlfn.TEXTJOIN(", ",TRUE(),AC35:AY35)) -> 0300074007 | AB35: — | AC35: 0300074007
A36: 35 | B36: T5 | C36: Ramal | D36: Ramal 144482 | E36: 0300074007 | F36: 0300074007 | G36: fim 38877902 | S36: DJ AL01048007 | T36: 7925573007 | U36: 0300068007 | V36: 0300073007 | W36: 0300074007 | X36: =COUNTIFS(Trechos!$L$2:$L$275,A36) -> 1 | Y36: =SUMIFS(Trechos!$F$2:$F$275,Trechos!$L$2:$L$275,A36) -> 9.2894256 | Z36: =COUNTA(AC36:AY36) -> 0 | AA36: =IF(COUNTA(AC36:AY36)=0,"—",_xlfn.TEXTJOIN(", ",TRUE(),AC36:AY36)) -> — | AB36: —
A37: 36 | B37: T2 | C37: Ramal | D37: Ramal do 0300111007 | E37: 7925573007 | F37: poste N155 | G37: fim 145475 | H37: 0300111007 | I37: fim 145034 | J37: 0300109007 | S37: DJ AL01048007 | T37: 7925573007 | X37: =COUNTIFS(Trechos!$L$2:$L$275,A37) -> 7 | Y37: =SUMIFS(Trechos!$F$2:$F$275,Trechos!$L$2:$L$275,A37) -> 255.81026 | Z37: =COUNTA(AC37:AY37) -> 6 | AA37: =IF(COUNTA(AC37:AY37)=0,"—",_xlfn.TEXTJOIN(", ",TRUE(),AC37:AY37)) -> 0300111007, 0300115007, 0300145007, 0200114007, 0301201007, 0300109007 | AB37: — | AC37: 0300111007 | AD37: 0300115007 | AE37: 0300145007 | AF37: 0200114007 | AG37: 0301201007 | AH37: 0300109007
A38: 37 | B38: T3 | C38: Ramal | D38: Ramal do 0300111007 | E38: 0300111007 | F38: 0300111007 | G38: fim 346374 | H38: 0300115007 | I38: fim 145540 | J38: 0300145007 | K38: fim 373501 | L38: fim N233 | M38: fim 346375 | N38: fim 373500 | O38: fim 346371 | P38: 0200114007 | Q38: fim N205 | R38: 0301201007 | S38: DJ AL01048007 | T38: 7925573007 | U38: 0300111007 | X38: =COUNTIFS(Trechos!$L$2:$L$275,A38) -> 34 | Y38: =SUMIFS(Trechos!$F$2:$F$275,Trechos!$L$2:$L$275,A38) -> 1391.5635 | Z38: =COUNTA(AC38:AY38) -> 4 | AA38: =IF(COUNTA(AC38:AY38)=0,"—",_xlfn.TEXTJOIN(", ",TRUE(),AC38:AY38)) -> 0300115007, 0300145007, 0200114007, 0301201007 | AB38: — | AC38: 0300115007 | AD38: 0300145007 | AE38: 0200114007 | AF38: 0301201007
A39: 38 | B39: T4 | C39: Ramal | D39: Ramal do 0300111007 | E39: 0300115007 | F39: 0300115007 | G39: fim 28903358 | H39: fim 28903363 | I39: fim 28903259 | J39: fim 28903253 | S39: DJ AL01048007 | T39: 7925573007 | U39: 0300111007 | V39: 0300115007 | X39: =COUNTIFS(Trechos!$L$2:$L$275,A39) -> 16 | Y39: =SUMIFS(Trechos!$F$2:$F$275,Trechos!$L$2:$L$275,A39) -> 903.03517 | Z39: =COUNTA(AC39:AY39) -> 0 | AA39: =IF(COUNTA(AC39:AY39)=0,"—",_xlfn.TEXTJOIN(", ",TRUE(),AC39:AY39)) -> — | AB39: 8856371007
A40: 39 | B40: T4 | C40: Ramal | D40: Ramal do 0300111007 | E40: 0300145007 | F40: 0300145007 | G40: fim 1444580 | H40: fim 1444577 | I40: fim 145110 | J40: fim N244 | S40: DJ AL01048007 | T40: 7925573007 | U40: 0300111007 | V40: 0300145007 | X40: =COUNTIFS(Trechos!$L$2:$L$275,A40) -> 9 | Y40: =SUMIFS(Trechos!$F$2:$F$275,Trechos!$L$2:$L$275,A40) -> 318.29317 | Z40: =COUNTA(AC40:AY40) -> 0 | AA40: =IF(COUNTA(AC40:AY40)=0,"—",_xlfn.TEXTJOIN(", ",TRUE(),AC40:AY40)) -> — | AB40: —
A41: 40 | B41: T4 | C41: Ramal | D41: Ramal do 0300111007 | E41: 0200114007 | F41: 0200114007 | G41: fim N270 | S41: DJ AL01048007 | T41: 7925573007 | U41: 0300111007 | V41: 0200114007 | X41: =COUNTIFS(Trechos!$L$2:$L$275,A41) -> 2 | Y41: =SUMIFS(Trechos!$F$2:$F$275,Trechos!$L$2:$L$275,A41) -> 41.848529 | Z41: =COUNTA(AC41:AY41) -> 0 | AA41: =IF(COUNTA(AC41:AY41)=0,"—",_xlfn.TEXTJOIN(", ",TRUE(),AC41:AY41)) -> — | AB41: —
A42: 41 | B42: T4 | C42: Ramal | D42: Ramal do 0300111007 | E42: 0301201007 | F42: 0301201007 | G42: fim 145203 | S42: DJ AL01048007 | T42: 7925573007 | U42: 0300111007 | V42: 0301201007 | X42: =COUNTIFS(Trechos!$L$2:$L$275,A42) -> 3 | Y42: =SUMIFS(Trechos!$F$2:$F$275,Trechos!$L$2:$L$275,A42) -> 441.77386 | Z42: =COUNTA(AC42:AY42) -> 0 | AA42: =IF(COUNTA(AC42:AY42)=0,"—",_xlfn.TEXTJOIN(", ",TRUE(),AC42:AY42)) -> — | AB42: —
A43: 42 | B43: T3 | C43: Ramal | D43: Ramal do 0300111007 | E43: 0300109007 | F43: 0300109007 | G43: fim 145036 | S43: DJ AL01048007 | T43: 7925573007 | U43: 0300109007 | X43: =COUNTIFS(Trechos!$L$2:$L$275,A43) -> 1 | Y43: =SUMIFS(Trechos!$F$2:$F$275,Trechos!$L$2:$L$275,A43) -> 42.037106 | Z43: =COUNTA(AC43:AY43) -> 0 | AA43: =IF(COUNTA(AC43:AY43)=0,"—",_xlfn.TEXTJOIN(", ",TRUE(),AC43:AY43)) -> — | AB43: —
A44: 43 | B44: T2 | C44: Ramal | D44: Ramal 145510 | E44: 7925573007 | F44: poste 145510 | G44: 0200038007 | S44: DJ AL01048007 | T44: 7925573007 | X44: =COUNTIFS(Trechos!$L$2:$L$275,A44) -> 1 | Y44: =SUMIFS(Trechos!$F$2:$F$275,Trechos!$L$2:$L$275,A44) -> 2.8561892 | Z44: =COUNTA(AC44:AY44) -> 1 | AA44: =IF(COUNTA(AC44:AY44)=0,"—",_xlfn.TEXTJOIN(", ",TRUE(),AC44:AY44)) -> 0200038007 | AB44: — | AC44: 0200038007
A45: 44 | B45: T3 | C45: Ramal | D45: Ramal 145510 | E45: 0200038007 | F45: 0200038007 | G45: fim 145532 | S45: DJ AL01048007 | T45: 7925573007 | U45: 0200038007 | X45: =COUNTIFS(Trechos!$L$2:$L$275,A45) -> 1 | Y45: =SUMIFS(Trechos!$F$2:$F$275,Trechos!$L$2:$L$275,A45) -> 26.065962 | Z45: =COUNTA(AC45:AY45) -> 0 | AA45: =IF(COUNTA(AC45:AY45)=0,"—",_xlfn.TEXTJOIN(", ",TRUE(),AC45:AY45)) -> — | AB45: —
A46: 45 | B46: T2 | C46: Ramal | D46: Ramal N197 | E46: 7925573007 | F46: poste N197 | G46: fim 321325 | H46: fim 1068338 | S46: DJ AL01048007 | T46: 7925573007 | X46: =COUNTIFS(Trechos!$L$2:$L$275,A46) -> 3 | Y46: =SUMIFS(Trechos!$F$2:$F$275,Trechos!$L$2:$L$275,A46) -> 141.43782 | Z46: =COUNTA(AC46:AY46) -> 0 | AA46: =IF(COUNTA(AC46:AY46)=0,"—",_xlfn.TEXTJOIN(", ",TRUE(),AC46:AY46)) -> — | AB46: —
A47: 46 | B47: T2 | C47: Ramal | D47: Ramal 145501 | E47: 7925573007 | F47: poste 145501 | G47: 0300040007 | S47: DJ AL01048007 | T47: 7925573007 | X47: =COUNTIFS(Trechos!$L$2:$L$275,A47) -> 1 | Y47: =SUMIFS(Trechos!$F$2:$F$275,Trechos!$L$2:$L$275,A47) -> 0.35114356 | Z47: =COUNTA(AC47:AY47) -> 1 | AA47: =IF(COUNTA(AC47:AY47)=0,"—",_xlfn.TEXTJOIN(", ",TRUE(),AC47:AY47)) -> 0300040007 | AB47: — | AC47: 0300040007
A48: 47 | B48: T3 | C48: Ramal | D48: Ramal 145501 | E48: 0300040007 | F48: 0300040007 | G48: fim N221 | S48: DJ AL01048007 | T48: 7925573007 | U48: 0300040007 | X48: =COUNTIFS(Trechos!$L$2:$L$275,A48) -> 1 | Y48: =SUMIFS(Trechos!$F$2:$F$275,Trechos!$L$2:$L$275,A48) -> 3.0548547 | Z48: =COUNTA(AC48:AY48) -> 0 | AA48: =IF(COUNTA(AC48:AY48)=0,"—",_xlfn.TEXTJOIN(", ",TRUE(),AC48:AY48)) -> — | AB48: —
A49: 48 | B49: T2 | C49: Ramal | D49: Ramal N227 | E49: 7925573007 | F49: poste N227 | G49: fim 145500 | S49: DJ AL01048007 | T49: 7925573007 | X49: =COUNTIFS(Trechos!$L$2:$L$275,A49) -> 2 | Y49: =SUMIFS(Trechos!$F$2:$F$275,Trechos!$L$2:$L$275,A49) -> 2.8473881 | Z49: =COUNTA(AC49:AY49) -> 0 | AA49: =IF(COUNTA(AC49:AY49)=0,"—",_xlfn.TEXTJOIN(", ",TRUE(),AC49:AY49)) -> — | AB49: —
A50: TOTAL | X50: =SUM(X2:X49) -> 274 | Y50: =SUM(Y2:Y49) -> 15315.766

Sheet Por bloco
A1: Bloco | B1: Zona | C1: Tronco/Ramal | D1: Ramal | E1: Ativo de referência | F1: Trecho | G1: Poste início | H1: Poste fim | I1: Extensão (m) | J1: Distância do ativo de referência até o fim (m) | K1: Outra chave no fim do vão (88…) | L1: Próximos ativos | M1: Outras chaves no bloco (88…) | N1: Ativos posteriores
A2: 1 | B2: T1 | C2: Tronco | D2: Tronco | E2: DJ AL01048007 | F2: =COUNTIFS(Trechos!$L$2:$L$275,A2)&" vãos" -> 19 vãos | I2: =SUMIFS(Trechos!$F$2:$F$275,Trechos!$L$2:$L$275,A2) -> 1449.3614 | L2: 7925573007 | M2: 8800042007, 8808674007, 8800054007 | N2: =Blocos!AA2 -> 7925573007, 0300040007, 0200038007, 0300111007, 0300115007, 0300145007, 0200114007, 0301201007, 0300109007, 0300068007, 0300070007, 0300073007, 0300074007, 0300065007, 0300062007, 0200061007, 0300057007, 0357094007, 0300056007, 0200055007, 0300050007, 0200475007, 0200047007
F3: TR-001 | G3: 1478970 | H3: N3 | I3: 41.56866 | J3: 41.56866
F4: TR-002 | G4: N3 | H4: N4 | I4: 1.6822778 | J4: 43.250938 | K4: 8800042007
F5: TR-003 | G5: N4 | H5: N6 | I5: 280.07955 | J5: 323.33049
F6: TR-004 | G6: N6 | H6: 145119 | I6: 1.6173316 | J6: 324.94782 | K6: 8808674007
F7: TR-005 | G7: 145119 | H7: N8 | I7: 14.398109 | J7: 339.34593
F8: TR-006 | G8: N8 | H8: N13 | I8: 170.41517 | J8: 509.7611
F9: TR-007 | G9: N13 | H9: 144496 | I9: 304.82191 | J9: 814.58301
F10: TR-008 | G10: 144496 | H10: N21 | I10: 48.159534 | J10: 862.74254
F11: TR-009 | G11: N21 | H11: 145155 | I11: 83.231515 | J11: 945.97406
F12: TR-010 | G12: 145155 | H12: N28 | I12: 3.8195131 | J12: 949.79357 | K12: 8800054007
F13: TR-011 | G13: N28 | H13: 145158 | I13: 103.14624 | J13: 1052.9398
F14: TR-012 | G14: 145158 | H14: N32 | I14: 29.465725 | J14: 1082.4055
F15: TR-013 | G15: N32 | H15: 145048 | I15: 153.92026 | J15: 1236.3258
F16: TR-014 | G16: 145048 | H16: 145047 | I16: 34.268223 | J16: 1270.594
F17: TR-015 | G17: 145047 | H17: N53 | I17: 20.192935 | J17: 1290.7869
F18: TR-016 | G18: N53 | H18: N59 | I18: 155.47565 | J18: 1446.2626
F19: TR-017 | G19: N59 | H19: N140 | I19: 0.24795168 | J19: 1446.5105
F20: TR-018 | G20: N140 | H20: N141 | I20: 2.7396149 | J20: 1449.2502
F21: TR-019 | G21: N141 | H21: N142 | I21: 0.11119493 | J21: 1449.3614
A22: 2 | B22: T2 | C22: Tronco | D22: Tronco | E22: 7925573007 | F22: =COUNTIFS(Trechos!$L$2:$L$275,A22)&" vãos" -> 17 vãos | I22: =SUMIFS(Trechos!$F$2:$F$275,Trechos!$L$2:$L$275,A22) -> 960.40964 | L22: fim N228 | M22: 8800075007 | N22: =Blocos!AA3 -> 0300040007, 0200038007, 0300111007, 0300115007, 0300145007, 0200114007, 0301201007, 0300109007, 0300068007, 0300070007, 0300073007, 0300074007
F23: TR-020 | G23: N142 | H23: N143 | I23: 1.8968617 | J23: 1.8968617
F24: TR-021 | G24: N143 | H24: 1251159 | I24: 0.24795168 | J24: 2.1448133
F25: TR-022 | G25: 1251159 | H25: N152 | I25: 2.7485749 | J25: 4.8933882
F26: TR-023 | G26: N152 | H26: 144482 | I26: 58.215048 | J26: 63.108436
F27: TR-024 | G27: 144482 | H27: N155 | I27: 22.660938 | J27: 85.769374
F28: TR-025 | G28: N155 | H28: 145523 | I28: 41.187563 | J28: 126.95694
F29: TR-026 | G29: 145523 | H29: 47444546 | I29: 95.135421 | J29: 222.09236
F30: TR-027 | G30: 47444546 | H30: 145527 | I30: 77.064587 | J30: 299.15695
F31: TR-028 | G31: 145527 | H31: N172 | I31: 3.4383273 | J31: 302.59527 | K31: 8800075007
F32: TR-029 | G32: N172 | H32: 145531 | I32: 148.45724 | J32: 451.05252
F33: TR-030 | G33: 145531 | H33: 145510 | I33: 38.02473 | J33: 489.07725
F34: TR-031 | G34: 145510 | H34: N197 | I34: 6.7718383 | J34: 495.84908
F35: TR-032 | G35: N197 | H35: N213 | I35: 287.45402 | J35: 783.30311
F36: TR-033 | G36: N213 | H36: 145502 | I36: 73.415709 | J36: 856.71882
F37: TR-034 | G37: 145502 | H37: 145501 | I37: 35.465519 | J37: 892.18434
F38: TR-035 | G38: 145501 | H38: N227 | I38: 63.66279 | J38: 955.84713
F39: TR-036 | G39: N227 | H39: N228 | I39: 4.5625139 | J39: 960.40964
A40: 3 | B40: T1 | C40: Ramal | D40: Ramal 1478970 | E40: DJ AL01048007 | F40: =COUNTIFS(Trechos!$L$2:$L$275,A40)&" vãos" -> 2 vãos | I40: =SUMIFS(Trechos!$F$2:$F$275,Trechos!$L$2:$L$275,A40) -> 38.914441 | L40: 0300043007 | M40: — | N40: =Blocos!AA4 -> 0300043007, 0301038007, 0301039007, 0301117007, 0201291007, 0302253007, 0301273007
F41: TR-037 | G41: 1478970 | H41: 145116 | I41: 37.178789 | J41: 37.178789
F42: TR-038 | G42: 145116 | H42: N2 | I42: 1.7356518 | J42: 38.914441
A43: 4 | B43: T3 | C43: Ramal | D43: Ramal 1478970 | E43: 0300043007 | F43: =COUNTIFS(Trechos!$L$2:$L$275,A43)&" vãos" -> 15 vãos | I43: =SUMIFS(Trechos!$F$2:$F$275,Trechos!$L$2:$L$275,A43) -> 2457.9533 | L43: 0301038007 / fim 69120630 / 0301117007 / fim 299845 / 0301273007 | M43: 386243 | N43: =Blocos!AA5 -> 0301038007, 0301039007, 0301117007, 0201291007, 0302253007, 0301273007
F44: TR-039 | G44: N2 | H44: 1363488 | I44: 245.38344 | J44: 245.38344
F45: TR-040 | G45: 1363488 | H45: 309512 | I45: 186.94836 | J45: 432.3318
F46: TR-041 | G46: 309512 | H46: 272819 | I46: 472.68936 | J46: 905.02117
F47: TR-042 | G47: 272819 | H47: N27 | I47: 2.212801 | J47: 907.23397
F48: TR-043 | G48: N27 | H48: 289787 | I48: 14.447429 | J48: 921.68139
F49: TR-044 | G49: 289787 | H49: N30 | I49: 10.074377 | J49: 931.75577
F50: TR-045 | G50: 272819 | H50: N58 | I50: 476.62379 | J50: 1381.645
F51: TR-046 | G51: N58 | H51: N62 | I51: 96.15179 | J51: 1477.7967
F52: TR-047 | G52: N62 | H52: 299844 | I52: 20.614264 | J52: 1498.411
F53: TR-048 | G53: 299844 | H53: N65 | I53: 4.0803552 | J53: 1502.4914 | K53: 386243
F54: TR-049 | G54: N65 | H54: 69120630 | I54: 884.75071 | J54: 2387.2421
F55: TR-050 | G55: N62 | H55: 1453811 | I55: 31.105754 | J55: 1508.9025
F56: TR-051 | G56: 1453811 | H56: N67 | I56: 3.7009401 | J56: 1512.6034
F57: TR-052 | G57: N62 | H57: 299845 | I57: 4.6714172 | J57: 1482.4682
F58: TR-053 | G58: 309512 | H58: N12 | I58: 4.498491 | J58: 436.8303
A59: 5 | B59: T4 | C59: Ramal | D59: Ramal 1478970 | E59: 0301038007 | F59: =COUNTIFS(Trechos!$L$2:$L$275,A59)&" vãos" -> 2 vãos | I59: =SUMIFS(Trechos!$F$2:$F$275,Trechos!$L$2:$L$275,A59) -> 223.13742 | L59: 0301039007 | M59: — | N59: =Blocos!AA6 -> 0301039007
F60: TR-054 | G60: N30 | H60: 289789 | I60: 212.83056 | J60: 212.83056
F61: TR-055 | G61: 289789 | H61: N39 | I61: 10.306858 | J61: 223.13742
A62: 6 | B62: T5 | C62: Ramal | D62: Ramal 1478970 | E62: 0301039007 | F62: =COUNTIFS(Trechos!$L$2:$L$275,A62)&" vãos" -> 1 vãos | I62: =SUMIFS(Trechos!$F$2:$F$275,Trechos!$L$2:$L$275,A62) -> 92.473831 | L62: fim 289786 | M62: — | N62: =Blocos!AA7 -> —
F63: TR-056 | G63: N39 | H63: 289786 | I63: 92.473831 | J63: 92.473831
A64: 7 | B64: T4 | C64: Ramal | D64: Ramal 1478970 | E64: 0301117007 | F64: =COUNTIFS(Trechos!$L$2:$L$275,A64)&" vãos" -> 37 vãos | I64: =SUMIFS(Trechos!$F$2:$F$275,Trechos!$L$2:$L$275,A64) -> 2136.3104 | L64: 0201291007 / 0302253007 / fim 1078155 | M64: — | N64: =Blocos!AA8 -> 0201291007, 0302253007
F65: TR-057 | G65: N67 | H65: N68 | I65: 265.27524 | J65: 265.27524
F66: TR-058 | G66: N68 | H66: 299852 | I66: 3.4278628 | J66: 268.7031
F67: TR-059 | G67: 299852 | H67: 299856 | I67: 157.28398 | J67: 425.98708
F68: TR-060 | G68: 299856 | H68: N71 | I68: 28.107069 | J68: 454.09415
F69: TR-061 | G69: N71 | H69: 299857 | I69: 3.1522445 | J69: 457.2464
F70: TR-062 | G70: 299857 | H70: N73 | I70: 46.65727 | J70: 503.90367
F71: TR-063 | G71: N73 | H71: 315972 | I71: 3.1475023 | J71: 507.05117
F72: TR-064 | G72: 315972 | H72: 1078142 | I72: 16.252877 | J72: 523.30405
F73: TR-065 | G73: 1078142 | H73: N79 | I73: 26.255256 | J73: 549.5593
F74: TR-066 | G74: N79 | H74: 315971 | I74: 3.2480309 | J74: 552.80733
F75: TR-067 | G75: 315971 | H75: N81 | I75: 68.435503 | J75: 621.24284
F76: TR-068 | G76: N81 | H76: N82 | I76: 2.9066729 | J76: 624.14951
... F101: TR-093 | G101: 1078154 | H101: 1078155 | I101: 43.76589 | J101: 1036.6215
A102: 8 | B102: T5 | C102: Ramal | D102: Ramal 1478970 | E102: 0201291007 | F102: =COUNTIFS(Trechos!$L$2:$L$275,A102)&" vãos" -> 1 vãos | I102: =SUMIFS(Trechos!$F$2:$F$275,Trechos!$L$2:$L$275,A102) -> 16.087812 | L102: fim 315977 | M102: — | N102: =Blocos!AA9 -> —
F103: TR-094 | G103: 315976 | H103: 315977 | I103: 16.087812 | J103: 16.087812
A104: 9 | B104: T5 | C104: Ramal | D104: Ramal 1478970 | E104: 0302253007 | F104: =COUNTIFS(Trechos!$L$2:$L$275,A104)&" vãos" -> 18 vãos | I104: =SUMIFS(Trechos!$F$2:$F$275,Trechos!$L$2:$L$275,A104) -> 1159.7448 | L104: fim 1088763 / fim 1088774 / fim 1089030 / fim 1088769 / fim N118 / fim 1088761 / fim N120 / fim 1089031 | M104: — | N104: =Blocos!AA10 -> —
F105: TR-095 | G105: N103 | H105: N105 | I105: 213.09462 | J105: 213.09462
F106: TR-096 | G106: N105 | H106: 1088763 | I106: 10.619069 | J106: 223.71368
F107: TR-097 | G107: N105 | H107: 1088774 | I107: 34.570723 | J107: 247.66534
F108: TR-098 | G108: N105 | H108: N108 | I108: 57.961743 | J108: 271.05636
F109: TR-099 | G109: N108 | H109: 1088764 | I109: 49.866742 | J109: 320.9231
F110: TR-100 | G110: 1088764 | H110: 1089030 | I110: 28.508827 | J110: 349.43193
F111: TR-101 | G111: N108 | H111: 1088769 | I111: 16.460136 | J111: 287.5165
F112: TR-102 | G112: N108 | H112: 1088765 | I112: 233.29187 | J112: 504.34823
F113: TR-103 | G113: 1088765 | H113: N113 | I113: 3.5851642 | J113: 507.9334
F114: TR-104 | G114: N113 | H114: 1088782 | I114: 47.239482 | J114: 555.17288
F115: TR-105 | G115: 1088782 | H115: 1088766 | I115: 121.26322 | J115: 676.4361
F116: TR-106 | G116: 1088766 | H116: N117 | I116: 74.585974 | J116: 751.02208
... F122: TR-112 | G122: 1088765 | H122: 1089031 | I122: 30.432931 | J122: 534.78116
A123: 10 | B123: T4 | C123: Ramal | D123: Ramal 1478970 | E123: 0301273007 | F123: =COUNTIFS(Trechos!$L$2:$L$275,A123)&" vãos" -> 1 vãos | I123: =SUMIFS(Trechos!$F$2:$F$275,Trechos!$L$2:$L$275,A123) -> 83.786375 | L123: fim 309513 | M123: — | N123: =Blocos!AA11 -> —
F124: TR-113 | G124: N12 | H124: 309513 | I124: 83.786375 | J124: 83.786375
A125: 11 | B125: T1 | C125: Ramal | D125: Ramal do 0200475007 | E125: DJ AL01048007 | F125: =COUNTIFS(Trechos!$L$2:$L$275,A125)&" vãos" -> 15 vãos | I125: =SUMIFS(Trechos!$F$2:$F$275,Trechos!$L$2:$L$275,A125) -> 870.97186 | L125: fim 144443 / fim 202873 / fim 202872 / 0200475007 / fim 145175 / fim 145089 / 0200047007 / fim 144450 | M125: — | N125: =Blocos!AA12 -> 0200475007, 0200047007
F126: TR-114 | G126: N8 | H126: 144449 | I126: 41.943747 | J126: 381.28968
F127: TR-115 | G127: 144449 | H127: N123 | I127: 3.7157623 | J127: 385.00544
F128: TR-116 | G128: N123 | H128: 144447 | I128: 33.125912 | J128: 418.13135
F129: TR-117 | G129: 144447 | H129: N125 | I129: 126.62878 | J129: 544.76013
...

Sheet Trechos
A1: Seq | B1: Trecho | C1: Trecho no Daimon | D1: Poste início | E1: Poste fim | F1: Extensão (m) | G1: Distância do DJ até o fim (m) | H1: Distância do ativo de referência até o fim (m) | I1: Zona | J1: Tronco/Ramal | K1: Ramal | L1: Bloco | M1: Ativo de referência | N1: Tipo do ativo de referência | O1: Próximo(s) ativo(s) | P1: Ativos posteriores englobados | Q1: Qtd. ativos posteriores | R1: Outra chave no fim do vão (88…) | S1: Nível 1 | T1: Nível 2 | U1: Nível 3 | V1: Nível 4 | W1: Nível 5 | X1: Caminho desde o DJ | Y1: Latitude (meio do vão) | Z1: Longitude (meio do vão) | AA1: Mapa | AB1: Chave do caminho (uso das fórmulas)
A2: 1 | B2: TR-001 | C2: 3050603 | D2: 1478970 | E2: N3 | F2: 41.56866 | G2: 41.56866 | H2: 41.56866 | I2: T1 | J2: Tronco | K2: Tronco | L2: 1 | M2: DJ AL01048007 | N2: Disjuntor (DJ) | O2: 7925573007 | P2: 7925573007, 0300040007, 0200038007, 0300111007, 0300115007, 0300145007, 0200114007, 0301201007, 0300109007, 0300068007, 0300070007, 0300073007, 0300074007, 0300065007, 0300062007, 0200061007, 0300057007, 0357094007, 0300056007, 0200055007, 0300050007, 0200475007, 0200047007 | Q2: 23 | S2: DJ AL01048007 | X2: DJ AL01048007 | Y2: -9.5767105 | Z2: -48.395626 | AA2: abrir | AB2: |DJ AL01048007|
A3: 2 | B3: TR-002 | C3: Suporte Chave 8800042007 | D3: N3 | E3: N4 | F3: 1.6822778 | G3: 43.250938 | H3: 43.250938 | I3: T1 | J3: Tronco | K3: Tronco | L3: 1 | M3: DJ AL01048007 | N3: Disjuntor (DJ) | O3: 7925573007 | P3: 7925573007, 0300040007, 0200038007, 0300111007, 0300115007, 0300145007, 0200114007, 0301201007, 0300109007, 0300068007, 0300070007, 0300073007, 0300074007, 0300065007, 0300062007, 0200061007, 0300057007, 0357094007, 0300056007, 0200055007, 0300050007, 0200475007, 0200047007 | Q3: 23 | R3: 8800042007 | S3: DJ AL01048007 | X3: DJ AL01048007 | Y3: -9.5765665 | Z3: -48.395754 | AA3: abrir | AB3: |DJ AL01048007|
A4: 3 | B4: TR-003 | C4: 2540074 | D4: N4 | E4: N6 | F4: 280.07955 | G4: 323.33049 | H4: 323.33049 | I4: T1 | J4: Tronco | K4: Tronco | L4: 1 | M4: DJ AL01048007 | N4: Disjuntor (DJ) | O4: 7925573007 | P4: 7925573007, 0300040007, 0200038007, 0300111007, 0300115007, 0300145007, 0200114007, 0301201007, 0300109007, 0300068007, 0300070007, 0300073007, 0300074007, 0300065007, 0300062007, 0200061007, 0300057007, 0357094007, 0300056007, 0200055007, 0300050007, 0200475007, 0200047007 | Q4: 23 | S4: DJ AL01048007 | X4: DJ AL01048007 | Y4: -9.575339 | Z4: -48.395436 | AA4: abrir | AB4: |DJ AL01048007|
A5: 4 | B5: TR-004 | C5: Suporte Chave 8808674007 | D5: N6 | E5: 145119 | F5: 1.6173316 | G5: 324.94782 | H5: 324.94782 | I5: T1 | J5: Tronco | K5: Tronco | L5: 1 | M5: DJ AL01048007 | N5: Disjuntor (DJ) | O5: 7925573007 | P5: 7925573007, 0300040007, 0200038007, 0300111007, 0300115007, 0300145007, 0200114007, 0301201007, 0300109007, 0300068007, 0300070007, 0300073007, 0300074007, 0300065007, 0300062007, 0200061007, 0300057007, 0357094007, 0300056007, 0200055007, 0300050007, 0200475007, 0200047007 | Q5: 23 | R5: 8808674007 | S5: DJ AL01048007 | X5: DJ AL01048007 | Y5: -9.574112 | Z5: -48.395117 | AA5: abrir | AB5: |DJ AL01048007|
A6: 5 | B6: TR-005 | C6: 3002072 | D6: 145119 | E6: N8 | F6: 14.398109 | G6: 339.34593 | H6: 339.34593 | I6: T1 | J6: Tronco | K6: Tronco | L6: 1 | M6: DJ AL01048007 | N6: Disjuntor (DJ) | O6: 7925573007 | P6: 7925573007, 0300040007, 0200038007, 0300111007, 0300115007, 0300145007, 0200114007, 0301201007, 0300109007, 0300068007, 0300070007, 0300073007, 0300074007, 0300065007, 0300062007, 0200061007, 0300057007, 0357094007, 0300056007, 0200055007, 0300050007, 0200475007, 0200047007 | Q6: 23 | S6: DJ AL01048007 | X6: DJ AL01048007 | Y6: -9.574044 | Z6: -48.395093 | AA6: abrir | AB6: |DJ AL01048007|
A7: 6 | B7: TR-006 | C7: 2540055 | D7: N8 | E7: N13 | F7: 170.41517 | G7: 509.7611 | H7: 509.7611 | I7: T1 | J7: Tronco | K7: Tronco | L7: 1 | M7: DJ AL01048007 | N7: Disjuntor (DJ) | O7: 7925573007 | P7: 7925573007, 0300040007, 0200038007, 0300111007, 0300115007, 0300145007, 0200114007, 0301201007, 0300109007, 0300068007, 0300070007, 0300073007, 0300074007, 0300065007, 0300062007, 0200061007, 0300057007, 0357094007, 0300056007, 0200055007, 0300050007 | Q7: 21 | S7: DJ AL01048007 | X7: DJ AL01048007 | Y7: -9.573242 | Z7: -48.394873 | AA7: abrir | AB7: |DJ AL01048007|
A8: 7 | B8: TR-007 | C8: 2690372 | D8: N13 | E8: 144496 | F8: 304.82191 | G8: 814.58301 | H8: 814.58301 | I8: T1 | J8: Tronco | K8: Tronco | L8: 1 | M8: DJ AL01048007 | N8: Disjuntor (DJ) | O8: 7925573007 | P8: 7925573007, 0300040007, 0200038007, 0300111007, 0300115007, 0300145007, 0200114007, 0301201007, 0300109007, 0300068007, 0300070007, 0300073007, 0300074007, 0300065007, 0300062007, 0200061007, 0300057007, 0357094007, 0300056007, 0200055007 | Q8: 20 | S8: DJ AL01048007 | X8: DJ AL01048007 | Y8: -9.5711775 | Z8: -48.394314 | AA8: abrir | AB8: |DJ AL01048007|
A9: 8 | B9: TR-008 | C9: 2540058 | D9: 144496 | E9: N21 | F9: 48.159534 | G9: 862.74254 | H9: 862.74254 | I9: T1 | J9: Tronco | K9: Tronco | L9: 1 | M9: DJ AL01048007 | N9: Disjuntor (DJ) | O9: 7925573007 | P9: 7925573007, 0300040007, 0200038007, 0300111007, 0300115007, 0300145007, 0200114007, 0301201007, 0300109007, 0300068007, 0300070007, 0300073007, 0300074007, 0300065007, 0300062007, 0200061007, 0300057007, 0357094007, 0300056007, 0200055007 | Q9: 20 | S9: DJ AL01048007 | X9: DJ AL01048007 | Y9: -9.569645 | Z9: -48.393895 | AA9: abrir | AB9: |DJ AL01048007|
A10: 9 | B10: TR-009 | C10: 2691019 | D10: N21 | E10: 145155 | F10: 83.231515 | G10: 945.97406 | H10: 945.97406 | I10: T1 | J10: Tronco | K10: Tronco | L10: 1 | M10: DJ AL01048007 | N10: Disjuntor (DJ) | O10: 7925573007 | P10: 7925573007, 0300040007, 0200038007, 0300111007, 0300115007, 0300145007, 0200114007, 0301201007, 0300109007, 0300068007, 0300070007, 0300073007, 0300074007, 0300065007, 0300062007, 0200061007, 0300057007, 0357094007, 0300056007, 0200055007 | Q10: 20 | S10: DJ AL01048007 | X10: DJ AL01048007 | Y10: -9.569542 | Z10: -48.393473 | AA10: abrir | AB10: |DJ AL01048007|
A11: 10 | B11: TR-010 | C11: Suporte Chave 8800054007 | D11: 145155 | E11: N28 | F11: 3.8195131 | G11: 949.79357 | H11: 949.79357 | I11: T1 | J11: Tronco | K11: Tronco | L11: 1 | M11: DJ AL01048007 | N11: Disjuntor (DJ) | O11: 7925573007 | P11: 7925573007, 0300040007, 0200038007, 0300111007, 0300115007, 0300145007, 0200114007, 0301201007, 0300109007, 0300068007, 0300070007, 0300073007, 0300074007, 0300065007, 0300062007, 0200061007, 0300057007, 0357094007, 0300056007, 0200055007 | Q11: 20 | R11: 8800054007 | S11: DJ AL01048007 | X11: DJ AL01048007 | Y11: -9.5696535 | Z11: -48.393093 | AA11: abrir | AB11: |DJ AL01048007|
A12: 11 | B12: TR-011 | C12: 2691022 | D12: N28 | E12: 145158 | F12: 103.14624 | G12: 1052.9398 | H12: 1052.9398 | I12: T1 | J12: Tronco | K12: Tronco | L12: 1 | M12: DJ AL01048007 | N12: Disjuntor (DJ) | O12: 7925573007 | P12: 7925573007, 0300040007, 0200038007, 0300111007, 0300115007, 0300145007, 0200114007, 0301201007, 0300109007, 0300068007, 0300070007, 0300073007, 0300074007, 0300065007, 0300062007, 0200061007, 0300057007, 0357094007, 0300056007, 0200055007 | Q12: 20 | S12: DJ AL01048007 | X12: DJ AL01048007 | Y12: -9.569789 | Z12: -48.392624 | AA12: abrir | AB12: |DJ AL01048007|
A13: 12 | B13: TR-012 | C13: 2690546 | D13: 145158 | E13: N32 | F13: 29.465725 | G13: 1082.4055 | H13: 1082.4055 | I13: T1 | J13: Tronco | K13: Tronco | L13: 1 | M13: DJ AL01048007 | N13: Disjuntor (DJ) | O13: 7925573007 | P13: 7925573007, 0300040007, 0200038007, 0300111007, 0300115007, 0300145007, 0200114007, 0301201007, 0300109007, 0300068007, 0300070007, 0300073007, 0300074007, 0300065007, 0300062007, 0200061007, 0300057007, 0357094007, 0300056007 | Q13: 19 | S13: DJ AL01048007 | X13: DJ AL01048007 | Y13: -9.5699525 | Z13: -48.392043 | AA13: abrir | AB13: |DJ AL01048007|
A14: 13 | B14: TR-013 | C14: 2690799 | D14: N32 | E14: 145048 | F14: 153.92026 | G14: 1236.3258 | H14: 1236.3258 | I14: T1 | J14: Tronco | K14: Tronco | L14: 1 | M14: DJ AL01048007 | N14: Disjuntor (DJ) | O14: 7925573007 | P14: 7925573007, 0300040007, 0200038007, 0300111007, 0300115007, 0300145007, 0200114007, 0301201007, 0300109007, 0300068007, 0300070007, 0300073007, 0300074007, 0300065007, 0300062007, 0200061007 | Q14: 16 | S14: DJ AL01048007 | X14: DJ AL01048007 | Y14: -9.56932 | Z14: -48.391722 | AA14: abrir | AB14: |DJ AL01048007|
A15: 14 | B15: TR-014 | C15: 2690632 | D15: 145048 | E15: 145047 | F15: 34.268223 | G15: 1270.594 | H15: 1270.594 | I15: T1 | J15: Tronco | K15: Tronco | L15: 1 | M15: DJ AL01048007 | N15: Disjuntor (DJ) | O15: 7925573007 | P15: 7925573007, 0300040007, 0200038007, 0300111007, 0300115007, 0300145007, 0200114007, 0301201007, 0300109007, 0300068007, 0300070007, 0300073007, 0300074007, 0300065007, 0300062007 | Q15: 15 | S15: DJ AL01048007 | X15: DJ AL01048007 | Y15: -9.568506 | Z15: -48.391487 | AA15: abrir | AB15: |DJ AL01048007|
A16: 15 | B16: TR-015 | C16: 2913371 | D16: 145047 | E16: N53 | F16: 20.192935 | G16: 1290.7869 | H16: 1290.7869 | I16: T1 | J16: Tronco | K16: Tronco | L16: 1 | M16: DJ AL01048007 | N16: Disjuntor (DJ) | O16: 7925573007 | P16: 7925573007, 0300040007, 0200038007, 0300111007, 0300115007, 0300145007, 0200114007, 0301201007, 0300109007, 0300068007, 0300070007, 0300073007, 0300074007, 0300065007 | Q16: 14 | S16: DJ AL01048007 | X16: DJ AL01048007 | Y16: -9.5682715 | Z16: -48.391416 | AA16: abrir | AB16: |DJ AL01048007|
A17: 16 | B17: TR-016 | C17: 2690521 | D17: N53 | E17: N59 | F17: 155.47565 | G17: 1446.2626 | H17: 1446.2626 | I17: T1 | J17: Tronco | K17: Tronco | L17: 1 | M17: DJ AL01048007 | N17: Disjuntor (DJ) | O17: 7925573007 | P17: 7925573007, 0300040007, 0200038007, 0300111007, 0300115007, 0300145007, 0200114007, 0301201007, 0300109007, 0300068007, 0300070007, 0300073007, 0300074007 | Q17: 13 | S17: DJ AL01048007 | X17: DJ AL01048007 | Y17: -9.5675165 | Z17: -48.39118 | AA17: abrir | AB17: |DJ AL01048007|
A18: 17 | B18: TR-017 | C18: Suporte Chave 9025573007 | D18: N59 | E18: N140 | F18: 0.24795168 | G18: 1446.5105 | H18: 1446.5105 | I18: T1 | J18: Tronco | K18: Tronco | L18: 1 | M18: DJ AL01048007 | N18: Disjuntor (DJ) | O18: 7925573007 | P18: 7925573007, 0300040007, 0200038007, 0300111007, 0300115007, 0300145007, 0200114007, 0301201007, 0300109007, 0300068007, 0300070007, 0300073007, 0300074007 | Q18: 13 | S18: DJ AL01048007 | X18: DJ AL01048007 | Y18: -9.566847 | Z18: -48.390972 | AA18: abrir | AB18: |DJ AL01048007|
A19: 18 | B19: TR-018 | C19: 3654912 | D19: N140 | E19: N141 | F19: 2.7396149 | G19: 1449.2502 | H19: 1449.2502 | I19: T1 | J19: Tronco | K19: Tronco | L19: 1 | M19: DJ AL01048007 | N19: Disjuntor (DJ) | O19: 7925573007 | P19: 7925573007, 0300040007, 0200038007, 0300111007, 0300115007, 0300145007, 0200114007, 0301201007, 0300109007, 0300068007, 0300070007, 0300073007, 0300074007 | Q19: 13 | S19: DJ AL01048007 | X19: DJ AL01048007 | Y19: -9.566838 | Z19: -48.390963 | AA19: abrir | AB19: |DJ AL01048007|
A20: 19 | B20: TR-019 | C20: Suporte Chave 7925573007 | D20: N141 | E20: N142 | F20: 0.11119493 | G20: 1449.3614 | H20: 1449.3614 | I20: T1 | J20: Tronco | K20: Tronco | L20: 1 | M20: DJ AL01048007 | N20: Disjuntor (DJ) | O20: 7925573007 | P20: 7925573007, 0300040007, 0200038007, 0300111007, 0300115007, 0300145007, 0200114007, 0301201007, 0300109007, 0300068007, 0300070007, 0300073007, 0300074007 | Q20: 13 | S20: DJ AL01048007 | X20: DJ AL01048007 | Y20: -9.5668295 | Z20: -48.390953 | AA20: abrir | AB20: |DJ AL01048007|
A21: 20 | B21: TR-020 | C21: 3654914 | D21: N142 | E21: N143 | F21: 1.8968617 | G21: 1451.2582 | H21: 1.8968617 | I21: T2 | J21: Tronco | K21: Tronco | L21: 2 | M21: 7925573007 | N21: Religador (79) | O21: fim N228 | P21: 0300040007, 0200038007, 0300111007, 0300115007, 0300145007, 0200114007, 0301201007, 0300109007, 0300068007, 0300070007, 0300073007, 0300074007 | Q21: 12 | S21: DJ AL01048007 | T21: 7925573007 | X21: DJ AL01048007 › 7925573007 | Y21: -9.566821 | Z21: -48.39095 | AA21: abrir | AB21: |DJ AL01048007|7925573007|
A22: 21 | B22: TR-021 | C22: Suporte Chave 9000067007 | D22: N143 | E22: 1251159 | F22: 0.24795168 | G22: 1451.5062 | H22: 2.1448133 | I22: T2 | J22: Tronco | K22: Tronco | L22: 2 | M22: 7925573007 | N22: Religador (79) | O22: fim N228 | P22: 0300040007, 0200038007, 0300111007, 0300115007, 0300145007, 0200114007, 0301201007, 0300109007, 0300068007, 0300070007, 0300073007, 0300074007 | Q22: 12 | S22: DJ AL01048007 | T22: 7925573007 | X22: DJ AL01048007 › 7925573007 | Y22: -9.566812 | Z22: -48.390948 | AA22: abrir | AB22: |DJ AL01048007|7925573007|
A23: 22 | B23: TR-022 | C23: 3654913 | D23: 1251159 | E23: N152 | F23: 2.7485749 | G23: 1454.2547 | H23: 4.8933882 | I23: T2 | J23: Tronco | K23: Tronco | L23: 2 | M23: 7925573007 | N23: Religador (79) | O23: fim N228 | P23: 0300040007, 0200038007, 0300111007, 0300115007, 0300145007, 0200114007, 0301201007, 0300109007, 0300068007, 0300070007, 0300073007, 0300074007 | Q23: 12 | S23: DJ AL01048007 | T23: 7925573007 | X23: DJ AL01048007 › 7925573007 | Y23: -9.566799 | Z23: -48.390951 | AA23: abrir | AB23: |DJ AL01048007|7925573007|
A24: 23 | B24: TR-023 | C24: 2904780 | D24: N152 | E24: 144482 | F24: 58.215048 | G24: 1512.4698 | H24: 63.108436 | I24: T2 | J24: Tronco | K24: Tronco | L24: 2 | M24: 7925573007 | N24: Religador (79) | O24: fim N228 | P24: 0300040007, 0200038007, 0300111007, 0300115007, 0300145007, 0200114007, 0301201007, 0300109007, 0300068007, 0300070007, 0300073007, 0300074007 | Q24: 12 | S24: DJ AL01048007 | T24: 7925573007 | X24: DJ AL01048007 › 7925573007 | Y24: -9.5665305 | Z24: -48.391007 | AA24: abrir | AB24: |DJ AL01048007|7925573007|
A25: 24 | B25: TR-024 | C25: 2690429 | D25: 144482 | E25: N155 | F25: 22.660938 | G25: 1535.1307 | H25: 85.769374 | I25: T2 | J25: Tronco | K25: Tronco | L25: 2 | M25: 7925573007 | N25: Religador (79) | O25: fim N228 | P25: 0300040007, 0200038007, 0300111007, 0300115007, 0300145007, 0200114007, 0301201007, 0300109007 | Q25: 8 | S25: DJ AL01048007 | T25: 7925573007 | X25: DJ AL01048007 › 7925573007 | Y25: -9.5662465 | Z25: -48.39116 | AA25: abrir | AB25: |DJ AL01048007|7925573007|
A26: 25 | B26: TR-025 | C26: 2690630 | D26: N155 | E26: 145523 | F26: 41.187563 | G26: 1576.3183 | H26: 126.95694 | I26: T2 | J26: Tronco | K26: Tronco | L26: 2 | M26: 7925573007 | N26: Religador (79) | O26: fim N228 | P26: 0300040007, 0200038007 | Q26: 2 | S26: DJ AL01048007 | T26: 7925573007 | X26: DJ AL01048007 › 7925573007 | Y26: -9.5661645 | Z26: -48.391438 | AA26: abrir | AB26: |DJ AL01048007|7925573007|
A27: 26 | B27: TR-026 | C27: 2690256 | D27: 145523 | E27: 47444546 | F27: 95.135421 | G27: 1671.4537 | H27: 222.09236 | I27: T2 | J27: Tronco | K27: Tronco | L27: 2 | M27: 7925573007 | N27: Religador (79) | O27: fim N228 | P27: 0300040007, 0200038007 | Q27: 2 | S27: DJ AL01048007 | T27: 7925573007 | X27: DJ AL01048007 › 7925573007 | Y27: -9.565987 | Z27: -48.392033 | AA27: abrir | AB27: |DJ AL01048007|7925573007|
A28: 27 | B28: TR-027 | C28: 2690258 | D28: 47444546 | E28: 145527 | F28: 77.064587 | G28: 1748.5183 | H28: 299.15695 | I28: T2 | J28: Tronco | K28: Tronco | L28: 2 | M28: 7925573007 | N28: Religador (79) | O28: fim N228 | P28: 0300040007, 0200038007 | Q28: 2 | S28: DJ AL01048007 | T28: 7925573007 | X28: DJ AL01048007 › 7925573007 | Y28: -9.565749 | Z28: -48.392781 | AA28: abrir | AB28: |DJ AL01048007|7925573007|
A29: 28 | B29: TR-028 | C29: Suporte Chave 8800075007 | D29: 145527 | E29: N172 | F29: 3.4383273 | G29: 1751.9566 | H29: 302.59527 | I29: T2 | J29: Tronco | K29: Tronco | L29: 2 | M29: 7925573007 | N29: Religador (79) | O29: fim N228 | P29: 0300040007, 0200038007 | Q29: 2 | R29: 8800075007 | S29: DJ AL01048007 | T29: 7925573007 | X29: DJ AL01048007 › 7925573007 | Y29: -9.5656295 | Z29: -48.393127 | AA29: abrir | AB29: |DJ AL01048007|7925573007|
A30: 29 | B30: TR-029 | C30: 2690260 | D30: N172 | E30: 145531 | F30: 148.45724 | G30: 1900.4139 | H30: 451.05252 | I30: T2 | J30: Tronco | K30: Tronco | L30: 2 | M30: 7925573007 | N30: Religador (79) | O30: fim N228 | P30: 0300040007, 0200038007 | Q30: 2 | S30: DJ AL01048007 | T30: 7925573007 | X30: DJ AL01048007 › 7925573007 | Y30: -9.565406 | Z30: -48.393782 | AA30: abrir | AB30: |DJ AL01048007|7925573007|
A31: 30 | B31: TR-030 | C31: 2690435 | D31: 145531 | E31: 145510 | F31: 38.02473 | G31: 1938.4386 | H31: 489.07725 | I31: T2 | J31: Tronco | K31: Tronco | L31: 2 | M31: 7925573007 | N31: Religador (79) | O31: fim N228 | P31: 0300040007, 0200038007 | Q31: 2 | S31: DJ AL01048007 | T31: 7925573007 | X31: DJ AL01048007 › 7925573007 | Y31: -9.565136 | Z31: -48.394587 | AA31: abrir | AB31: |DJ AL01048007|7925573007|
A32: 31 | B32: TR-031 | C32: 3252616 | D32: 145510 | E32: N197 | F32: 6.7718383 | G32: 1945.2104 | H32: 495.84908 | I32: T2 | J32: Tronco | K32: Tronco | L32: 2 | M32: 7925573007 | N32: Religador (79) | O32: fim N228 | P32: 0300040007 | Q32: 1 | S32: DJ AL01048007 | T32: 7925573007 | X32: DJ AL01048007 › 7925573007 | Y32: -9.565076 | Z32: -48.394782 | AA32: abrir | AB32: |DJ AL01048007|7925573007|
A33: 32 | B33: TR-032 | C33: 2690189 | D33: N197 | E33: N213 | F33: 287.45402 | G33: 2232.6645 | H33: 783.30311 | I33: T2 | J33: Tronco | K33: Tronco | L33: 2 | M33: 7925573007 | N33: Religador (79) | O33: fim N228 | P33: 0300040007 | Q33: 1 | S33: DJ AL01048007 | T33: 7925573007 | X33: DJ AL01048007 › 7925573007 | Y33: -9.5646795 | Z33: -48.396062 | AA33: abrir | AB33: |DJ AL01048007|7925573007|
A34: 33 | B34: TR-033 | C34: 2690187 | D34: N213 | E34: 145502 | F34: 73.415709 | G34: 2306.0802 | H34: 856.71882 | I34: T2 | J34: Tronco | K34: Tronco | L34: 2 | M34: 7925573007 | N34: Religador (79) | O34: fim N228 | P34: 0300040007 | Q34: 1 | S34: DJ AL01048007 | T34: 7925573007 | X34: DJ AL01048007 › 7925573007 | Y34: -9.564183 | Z34: -48.397628 | AA34: abrir | AB34: |DJ AL01048007|7925573007|
A35: 34 | B35: TR-034 | C35: 2690186 | D35: 145502 | E35: 145501 | F35: 35.465519 | G35: 2341.5457 | H35: 892.18434 | I35: T2 | J35: Tronco | K35: Tronco | L35: 2 | M35: 7925573007 | N35: Religador (79) | O35: fim N228 | P35: 0300040007 | Q35: 1 | S35: DJ AL01048007 | T35: 7925573007 | X35: DJ AL01048007 › 7925573007 | Y35: -9.564012 | Z35: -48.398093 | AA35: abrir | AB35: |DJ AL01048007|7925573007|
A36: 35 | B36: TR-035 | C36: 2690185 | D36: 145501 | E36: N227 | F36: 63.66279 | G36: 2405.2085 | H36: 955.84713 | I36: T2 | J36: Tronco | K36: Tronco | L36: 2 | M36: 7925573007 | N36: Religador (79) | O36: fim N228 | P36: — | Q36: 0 | S36: DJ AL01048007 | T36: 7925573007 | X36: DJ AL01048007 › 7925573007 | Y36: -9.5638105 | Z36: -48.398496 | AA36: abrir | AB36: |DJ AL01048007|7925573007|
A37: 36 | B37: TR-036 | C37: 3654905 | D37: N227 | E37: N228 | F37: 4.5625139 | G37: 2409.771 | H37: 960.40964 | I37: T2 | J37: Tronco | K37: Tronco | L37: 2 | M37: 7925573007 | N37: Religador (79) | O37: fim N228 | P37: — | Q37: 0 | S37: DJ AL01048007 | T37: 7925573007 | X37: DJ AL01048007 › 7925573007 | Y37: -9.5636745 | Z37: -48.39877 | AA37: abrir | AB37: |DJ AL01048007|7925573007|
A38: 37 | B38: TR-037 | C38: 2676256 | D38: 1478970 | E38: 145116 | F38: 37.178789 | G38: 37.178789 | H38: 37.178789 | I38: T1 | J38: Ramal | K38: Ramal 1478970 | L38: 3 | M38: DJ AL01048007 | N38: Disjuntor (DJ) | O38: 0300043007 | P38: 0300043007, 0301038007, 0301039007, 0301117007, 0201291007, 0302253007, 0301273007 | Q38: 7 | S38: DJ AL01048007 | X38: DJ AL01048007 | Y38: -9.5768285 | Z38: -48.395665 | AA38: abrir | AB38: |DJ AL01048007|
A39: 38 | B39: TR-038 | C39: Suporte Chave 0300043007 | D39: 145116 | E39: N2 | F39: 1.7356518 | G39: 38.914441 | H39: 38.914441 | I39: T1 | J39: Ramal | K39: Ramal 1478970 | L39: 3 | M39: DJ AL01048007 | N39: Disjuntor (DJ) | O39: 0300043007 | P39: 0300043007, 0301038007, 0301039007, 0301117007, 0201291007, 0302253007, 0301273007 | Q39: 7 | S39: DJ AL01048007 | X39: DJ AL01048007 | Y39: -9.576817 | Z39: -48.395837 | AA39: abrir | AB39: |DJ AL01048007|
A40: 39 | B40: TR-039 | C40: 2803096 | D40: N2 | E40: 1363488 | F40: 245.38344 | G40: 284.29789 | H40: 245.38344 | I40: T3 | J40: Ramal | K40: Ramal 1478970 | L40: 4 | M40: 0300043007 | N40: Chave fusível (03) | O40: 0301038007 / fim 69120630 / 0301117007 / fim 299845 / 0301273007 | P40: 0301038007, 0301039007, 0301117007, 0201291007, 0302253007, 0301273007 | Q40: 6 | S40: DJ AL01048007 | T40: 0300043007 | X40: DJ AL01048007 › 0300043007 | Y40: -9.577873 | Z40: -48.396187 | AA40: abrir | AB40: |DJ AL01048007|0300043007|
A41: 40 | B41: TR-040 | C41: 2803098 | D41: 1363488 | E41: 309512 | F41: 186.94836 | G41: 471.24625 | H41: 432.3318 | I41: T3 | J41: Ramal | K41: Ramal 1478970 | L41: 4 | M41: 0300043007 | N41: Chave fusível (03) | O41: 0301038007 / fim 69120630 / 0301117007 / fim 299845 / 0301273007 | P41: 0301038007, 0301039007, 0301117007, 0201291007, 0302253007, 0301273007 | Q41: 6 | S41: DJ AL01048007 | T41: 0300043007 | X41: DJ AL01048007 › 0300043007 | Y41: -9.579716 | Z41: -48.396814 | AA41: abrir | AB41: |DJ AL01048007|0300043007|
A42: 41 | B42: TR-041 | C42: 2951200 | D42: 309512 | E42: 272819 | F42: 472.68936 | G42: 943.93561 | H42: 905.02117 | I42: T3 | J42: Ramal | K42: Ramal 1478970 | L42: 4 | M42: 0300043007 | N42: Chave fusível (03) | O42: 0301038007 / fim 69120630 / 0301117007 / fim 299845 / 0301273007 | P42: 0301038007, 0301039007, 0301117007, 0201291007, 0302253007 | Q42: 5 | S42: DJ AL01048007 | T42: 0300043007 | X42: DJ AL01048007 › 0300043007 | Y42: -9.5824835 | Z42: -48.397894 | AA42: abrir | AB42: |DJ AL01048007|0300043007|
A43: 42 | B43: TR-042 | C43: 12122206 | D43: 272819 | E43: N27 | F43: 2.212801 | G43: 946.14841 | H43: 907.23397 | I43: T3 | J43: Ramal | K43: Ramal 1478970 | L43: 4 | M43: 0300043007 | N43: Chave fusível (03) | O43: 0301038007 / fim 69120630 / 0301117007 / fim 299845 / 0301273007 | P43: 0301038007, 0301039007 | Q43: 2 | S43: DJ AL01048007 | T43: 0300043007 | X43: DJ AL01048007 › 0300043007 | Y43: -9.5844615 | Z43: -48.398686 | AA43: abrir | AB43: |DJ AL01048007|0300043007|
A44: 43 | B44: TR-043 | C44: 3525540 | D44: N27 | E44: 289787 | F44: 14.447429 | G44: 960.59584 | H44: 921.68139 | I44: T3 | J44: Ramal | K44: Ramal 1478970 | L44: 4 | M44: 0300043007 | N44: Chave fusível (03) | O44: 0301038007 / fim 69120630 / 0301117007 / fim 299845 / 0301273007 | P44: 0301038007, 0301039007 | Q44: 2 | S44: DJ AL01048007 | T44: 0300043007 | X44: DJ AL01048007 › 0300043007 | Y44: -9.5845105 | Z44: -48.398629 | AA44: abrir | AB44: |DJ AL01048007|0300043007|
A45: 44 | B45: TR-044 | C45: Suporte Chave 0301038007 | D45: 289787 | E45: N30 | F45: 10.074377 | G45: 970.67021 | H45: 931.75577 | I45: T3 | J45: Ramal | K45: Ramal 1478970 | L45: 4 | M45: 0300043007 | N45: Chave fusível (03) | O45: 0301038007 / fim 69120630 / 0301117007 / fim 299845 / 0301273007 | P45: 0301038007, 0301039007 | Q45: 2 | S45: DJ AL01048007 | T45: 0300043007 | X45: DJ AL01048007 › 0300043007 | Y45: -9.584586 | Z45: -48.398547 | AA45: abrir | AB45: |DJ AL01048007|0300043007|
A46: 45 | B46: TR-045 | C46: 3122563 | D46: 272819 | E46: N58 | F46: 476.62379 | G46: 1420.5594 | H46: 1381.645 | I46: T3 | J46: Ramal | K46: Ramal 1478970 | L46: 4 | M46: 0300043007 | N46: Chave fusível (03) | O46: 0301038007 / fim 69120630 / 0301117007 / fim 299845 / 0301273007 | P46: 0301117007, 0201291007, 0302253007 | Q46: 3 | S46: DJ AL01048007 | T46: 0300043007 | X46: DJ AL01048007 › 0300043007 | Y46: -9.5864085 | Z46: -48.399594 | AA46: abrir | AB46: |DJ AL01048007|0300043007|
A47: 46 | B47: TR-046 | C47: 3497514 | D47: N58 | E47: N62 | F47: 96.15179 | G47: 1516.7112 | H47: 1477.7967 | I47: T3 | J47: Ramal | K47: Ramal 1478970 | L47: 4 | M47: 0300043007 | N47: Chave fusível (03) | O47: 0301038007 / fim 69120630 / 0301117007 / fim 299845 / 0301273007 | P47: 0301117007, 0201291007, 0302253007 | Q47: 3 | S47: DJ AL01048007 | T47: 0300043007 | X47: DJ AL01048007 › 0300043007 | Y47: -9.588756 | Z47: -48.400668 | AA47: abrir | AB47: |DJ AL01048007|0300043007|
A48: 47 | B48: TR-047 | C48: 3497517 | D48: N62 | E48: 299844 | F48: 20.614264 | G48: 1537.3254 | H48: 1498.411 | I48: T3 | J48: Ramal | K48: Ramal 1478970 | L48: 4 | M48: 0300043007 | N48: Chave fusível (03) | O48: 0301038007 / fim 69120630 / 0301117007 / fim 299845 / 0301273007 | P48: — | Q48: 0 | S48: DJ AL01048007 | T48: 0300043007 | X48: DJ AL01048007 › 0300043007 | Y48: -9.589237 | Z48: -48.400881 | AA48: abrir | AB48: |DJ AL01048007|0300043007|
A49: 48 | B49: TR-048 | C49: Suporte Chave 386243 | D49: 299844 | E49: N65 | F49: 4.0803552 | G49: 1541.4058 | H49: 1502.4914 | I49: T3 | J49: Ramal | K49: Ramal 1478970 | L49: 4 | M49: 0300043007 | N49: Chave fusível (03) | O49: 0301038007 / fim 69120630 / 0301117007 / fim 299845 / 0301273007 | P49: — | Q49: 0 | R49: 386243 | S49: DJ AL01048007 | T49: 0300043007 | X49: DJ AL01048007 › 0300043007 | Y49: -9.589339 | Z49: -48.400926 | AA49: abrir | AB49: |DJ AL01048007|0300043007|
A50: 49 | B50: TR-049 | C50: 69120710 | D50: N65 | E50: 69120630 | F50: 884.75071 | G50: 2426.1565 | H50: 2387.2421 | I50: T3 | J50: Ramal | K50: Ramal 1478970 | L50: 4 | M50: 0300043007 | N50: Chave fusível (03) | O50: 0301038007 / fim 69120630 / 0301117007 / fim 299845 / 0301273007 | P50: — | Q50: 0 | S50: DJ AL01048007 | T50: 0300043007 | X50: DJ AL01048007 › 0300043007 | Y50: -9.5932625 | Z50: -48.401696 | AA50: abrir | AB50: |DJ AL01048007|0300043007|
A51: 50 | B51: TR-050 | C51: 3497518 | D51: N62 | E51: 1453811 | F51: 31.105754 | G51: 1547.8169 | H51: 1508.9025 | I51: T3 | J51: Ramal | K51: Ramal 1478970 | L51: 4 | M51: 0300043007 | N51: Chave fusível (03) | O51: 0301038007 / fim 69120630 / 0301117007 / fim 299845 / 0301273007 | P51: 0301117007, 0201291007, 0302253007 | Q51: 3 | S51: DJ AL01048007 | T51: 0300043007 | X51: DJ AL01048007 › 0300043007 | Y51: -9.589079 | Z51: -48.400965 | AA51: abrir | AB51: |DJ AL01048007|0300043007|
A52: 51 | B52: TR-051 | C52: Suporte Chave 0301117007 | D52: 1453811 | E52: N67 | F52: 3.7009401 | G52: 1551.5179 | H52: 1512.6034 | I52: T3 | J52: Ramal | K52: Ramal 1478970 | L52: 4 | M52: 0300043007 | N52: Chave fusível (03) | O52: 0301038007 / fim 69120630 / 0301117007 / fim 299845 / 0301273007 | P52: 0301117007, 0201291007, 0302253007 | Q52: 3 | S52: DJ AL01048007 | T52: 0300043007 | X52: DJ AL01048007 › 0300043007 | Y52: -9.5890025 | Z52: -48.401103 | AA52: abrir | AB52: |DJ AL01048007|0300043007|
A53: 52 | B53: TR-052 | C53: 3497519 | D53: N62 | E53: 299845 | F53: 4.6714172 | G53: 1521.3826 | H53: 1482.4682 | I53: T3 | J53: Ramal | K53: Ramal 1478970 | L53: 4 | M53: 0300043007 | N53: Chave fusível (03) | O53: 0301038007 / fim 69120630 / 0301117007 / fim 299845 / 0301273007 | P53: — | Q53: 0 | S53: DJ AL01048007 | T53: 0300043007 | X53: DJ AL01048007 › 0300043007 | Y53: -9.5891615 | Z53: -48.400825 | AA53: abrir | AB53: |DJ AL01048007|0300043007|
A54: 53 | B54: TR-053 | C54: Suporte Chave 0301273007 | D54: 309512 | E54: N12 | F54: 4.498491 | G54: 475.74474 | H54: 436.8303 | I54: T3 | J54: Ramal | K54: Ramal 1478970 | L54: 4 | M54: 0300043007 | N54: Chave fusível (03) | O54: 0301038007 / fim 69120630 / 0301117007 / fim 299845 / 0301273007 | P54: 0301273007 | Q54: 1 | S54: DJ AL01048007 | T54: 0300043007 | X54: DJ AL01048007 › 0300043007 | Y54: -9.5805055 | Z54: -48.397114 | AA54: abrir | AB54: |DJ AL01048007|0300043007|
A55: 54 | B55: TR-054 | C55: 3525542 | D55: N30 | E55: 289789 | F55: 212.83056 | G55: 1183.5008 | H55: 212.83056 | I55: T4 | J55: Ramal | K55: Ramal 1478970 | L55: 5 | M55: 0301038007 | N55: Chave fusível (03) | O55: 0301039007 | P55: 0301039007 | Q55: 1 | S55: DJ AL01048007 | T55: 0300043007 | U55: 0301038007 | X55: DJ AL01048007 › 0300043007 › 0301038007 | Y55: -9.5852695 | Z55: -48.397804 | AA55: abrir | AB55: |DJ AL01048007|0300043007|0301038007|
A56: 55 | B56: TR-055 | C56: Suporte Chave 0301039007 | D56: 289789 | E56: N39 | F56: 10.306858 | G56: 1193.8076 | H56: 223.13742 | I56: T4 | J56: Ramal | K56: Ramal 1478970 | L56: 5 | M56: 0301038007 | N56: Chave fusível (03) | O56: 0301039007 | P56: 0301039007 | Q56: 1 | S56: DJ AL01048007 | T56: 0300043007 | U56: 0301038007 | X56: DJ AL01048007 › 0300043007 › 0301038007 | Y56: -9.585954 | Z56: -48.39706 | AA56: abrir | AB56: |DJ AL01048007|0300043007|0301038007|
A57: 56 | B57: TR-056 | C57: 3525543 | D57: N39 | E57: 289786 | F57: 92.473831 | G57: 1286.2815 | H57: 92.473831 | I57: T5 | J57: Ramal | K57: Ramal 1478970 | L57: 6 | M57: 0301039007 | N57: Chave fusível (03) | O57: fim 289786 | P57: — | Q57: 0 | S57: DJ AL01048007 | T57: 0300043007 | U57: 0301038007 | V57: 0301039007 | X57: DJ AL01048007 › 0300043007 › 0301038007 › 0301039007 | Y57: -9.5862695 | Z57: -48.396718 | AA57: abrir | AB57: |DJ AL01048007|0300043007|0301038007|0301039007|
A58: 57 | B58: TR-057 | C58: 3498043 | D58: N67 | E58: N68 | F58: 265.27524 | G58: 1816.7931 | H58: 265.27524 | I58: T4 | J58: Ramal | K58: Ramal 1478970 | L58: 7 | M58: 0301117007 | N58: Chave fusível (03) | O58: 0201291007 / 0302253007 / fim 1078155 | P58: 0201291007, 0302253007 | Q58: 2 | S58: DJ AL01048007 | T58: 0300043007 | U58: 0301117007 | X58: DJ AL01048007 › 0300043007 › 0301117007 | Y58: -9.588823 | Z58: -48.402316 | AA58: abrir | AB58: |DJ AL01048007|0300043007|0301117007|
A59: 58 | B59: TR-058 | C59: 12078830 | D59: N68 | E59: 299852 | F59: 3.4278628 | G59: 1820.221 | H59: 268.7031 | I59: T4 | J59: Ramal | K59: Ramal 1478970 | L59: 7 | M59: 0301117007 | N59: Chave fusível (03) | O59: 0201291007 / 0302253007 / fim 1078155 | P59: 0201291007, 0302253007 | Q59: 2 | S59: DJ AL01048007 | T59: 0300043007 | U59: 0301117007 | X59: DJ AL01048007 › 0300043007 › 0301117007 | Y59: -9.588645 | Z59: -48.403528 | AA59: abrir | AB59: |DJ AL01048007|0300043007|0301117007|
A60: 59 | B60: TR-059 | C60: 3497790 | D60: 299852 | E60: 299856 | F60: 157.28398 | G60: 1977.505 | H60: 425.98708 | I60: T4 | J60: Ramal | K60: Ramal 1478970 | L60: 7 | M60: 0301117007 | N60: Chave fusível (03) | O60: 0201291007 / 0302253007 / fim 1078155 | P60: 0201291007, 0302253007 | Q60: 2 | S60: DJ AL01048007 | T60: 0300043007 | U60: 0301117007 | X60: DJ AL01048007 › 0300043007 › 0301117007 | Y60: -9.58899 | Z60: -48.404168 | AA60: abrir | AB60: |DJ AL01048007|0300043007|0301117007|
A61: 60 | B61: TR-060 | C61: 3497786 | D61: 299856 | E61: N71 | F61: 28.107069 | G61: 2005.612 | H61: 454.09415 | I61: T4 | J61: Ramal | K61: Ramal 1478970 | L61: 7 | M61: 0301117007 | N61: Chave fusível (03) | O61: 0201291007 / 0302253007 / fim 1078155 | P61: 0201291007, 0302253007 | Q61: 2 | S61: DJ AL01048007 | T61: 0300043007 | U61: 0301117007 | X61: DJ AL01048007 › 0300043007 › 0301117007 | Y61: -9.5894035 | Z61: -48.404902 | AA61: abrir | AB61: |DJ AL01048007|0300043007|0301117007|
A62: 61 | B62: TR-061 | C62: 12075553 | D62: N71 | E62: 299857 | F62: 3.1522445 | G62: 2008.7643 | H62: 457.2464 | I62: T4 | J62: Ramal | K62: Ramal 1478970 | L62: 7 | M62: 0301117007 | N62: Chave fusível (03) | O62: 0201291007 / 0302253007 / fim 1078155 | P62: 0201291007, 0302253007 | Q62: 2 | S62: DJ AL01048007 | T62: 0300043007 | U62: 0301117007 | X62: DJ AL01048007 › 0300043007 › 0301117007 | Y62: -9.589477 | Z62: -48.405023 | AA62: abrir | AB62: |DJ AL01048007|0300043007|0301117007|
A63: 62 | B63: TR-062 | C63: 3050796 | D63: 299857 | E63: N73 | F63: 46.65727 | G63: 2055.4215 | H63: 503.90367 | I63: T4 | J63: Ramal | K63: Ramal 1478970 | L63: 7 | M63: 0301117007 | N63: Chave fusível (03) | O63: 0201291007 / 0302253007 / fim 1078155 | P63: 0201291007, 0302253007 | Q63: 2 | S63: DJ AL01048007 | T63: 0300043007 | U63: 0301117007 | X63: DJ AL01048007 › 0300043007 › 0301117007 | Y63: -9.5895885 | Z63: -48.40522 | AA63: abrir | AB63: |DJ AL01048007|0300043007|0301117007|
A64: 63 | B64: TR-063 | C64: 12075554 | D64: N73 | E64: 315972 | F64: 3.1475023 | G64: 2058.5691 | H64: 507.05117 | I64: T4 | J64: Ramal | K64: Ramal 1478970 | L64: 7 | M64: 0301117007 | N64: Chave fusível (03) | O64: 0201291007 / 0302253007 / fim 1078155 | P64: 0201291007, 0302253007 | Q64: 2 | S64: DJ AL01048007 | T64: 0300043007 | U64: 0301117007 | X64: DJ AL01048007 › 0300043007 › 0301117007 | Y64: -9.589699 | Z64: -48.405418 | AA64: abrir | AB64: |DJ AL01048007|0300043007|0301117007|
A65: 64 | B65: TR-064 | C65: 3513274 | D65: 315972 | E65: 1078142 | F65: 16.252877 | G65: 2074.8219 | H65: 523.30405 | I65: T4 | J65: Ramal | K65: Ramal 1478970 | L65: 7 | M65: 0301117007 | N65: Chave fusível (03) | O65: 0201291007 / 0302253007 / fim 1078155 | P65: 0201291007, 0302253007 | Q65: 2 | S65: DJ AL01048007 | T65: 0300043007 | U65: 0301117007 | X65: DJ AL01048007 › 0300043007 › 0301117007 | Y65: -9.5897435 | Z65: -48.405494 | AA65: abrir | AB65: |DJ AL01048007|0300043007|0301117007|
A66: 65 | B66: TR-065 | C66: 3513275 | D66: 1078142 | E66: N79 | F66: 26.255256 | G66: 2101.0772 | H66: 549.5593 | I66: T4 | J66: Ramal | K66: Ramal 1478970 | L66: 7 | M66: 0301117007 | N66: Chave fusível (03) | O66: 0201291007 / 0302253007 / fim 1078155 | P66: 0201291007, 0302253007 | Q66: 2 | S66: DJ AL01048007 | T66: 0300043007 | U66: 0301117007 | X66: DJ AL01048007 › 0300043007 › 0301117007 | Y66: -9.5898405 | Z66: -48.405661 | AA66: abrir | AB66: |DJ AL01048007|0300043007|0301117007|
A67: 66 | B67: TR-066 | C67: 12075555 | D67: N79 | E67: 315971 | F67: 3.2480309 | G67: 2104.3252 | H67: 552.80733 | I67: T4 | J67: Ramal | K67: Ramal 1478970 | L67: 7 | M67: 0301117007 | N67: Chave fusível (03) | O67: 0201291007 / 0302253007 / fim 1078155 | P67: 0201291007, 0302253007 | Q67: 2 | S67: DJ AL01048007 | T67: 0300043007 | U67: 0301117007 | X67: DJ AL01048007 › 0300043007 › 0301117007 | Y67: -9.589906 | Z67: -48.405778 | AA67: abrir | AB67: |DJ AL01048007|0300043007|0301117007|
A68: 67 | B68: TR-067 | C68: 3050794 | D68: 315971 | E68: N81 | F68: 68.435503 | G68: 2172.7607 | H68: 621.24284 | I68: T4 | J68: Ramal | K68: Ramal 1478970 | L68: 7 | M68: 0301117007 | N68: Chave fusível (03) | O68: 0201291007 / 0302253007 / fim 1078155 | P68: 0201291007, 0302253007 | Q68: 2 | S68: DJ AL01048007 | T68: 0300043007 | U68: 0301117007 | X68: DJ AL01048007 › 0300043007 › 0301117007 | Y68: -9.5900585 | Z68: -48.406066 | AA68: abrir | AB68: |DJ AL01048007|0300043007|0301117007|
A69: 68 | B69: TR-068 | C69: 12075556 | D69: N81 | E69: N82 | F69: 2.9066729 | G69: 2175.6674 | H69: 624.14951 | I69: T4 | J69: Ramal | K69: Ramal 1478970 | L69: 7 | M69: 0301117007 | N69: Chave fusível (03) | O69: 0201291007 / 0302253007 / fim 1078155 | P69: 0201291007, 0302253007 | Q69: 2 | S69: DJ AL01048007 | T69: 0300043007 | U69: 0301117007 | X69: DJ AL01048007 › 0300043007 › 0301117007 | Y69: -9.5902105 | Z69: -48.406352 | AA69: abrir | AB69: |DJ AL01048007|0300043007|0301117007|
... A94: 93 | B94: TR-093 | C94: 3513276 | D94: 1078154 | E94: 1078155 | F94: 43.76589 | G94: 2588.1394 | H94: 1036.6215 | I94: T4 | J94: Ramal | K94: Ramal 1478970 | L94: 7 | M94: 0301117007 | N94: Chave fusível (03) | O94: 0201291007 / 0302253007 / fim 1078155 | P94: — | Q94: 0 | S94: DJ AL01048007 | T94: 0300043007 | U94: 0301117007 | X94: DJ AL01048007 › 0300043007 › 0301117007 | Y94: -9.5939255 | Z94: -48.406807 | AA94: abrir | AB94: |DJ AL01048007|0300043007|0301117007|
A95: 94 | B95: TR-094 | C95: 2676260 | D95: 315976 | E95: 315977 | F95: 16.087812 | G95: 3112.8996 | H95: 16.087812 | I95: T5 | J95: Ramal | K95: Ramal 1478970 | L95: 8 | M95: 0201291007 | N95: Chave 02 (conta como fusível) | O95: fim 315977 | P95: — | Q95: 0 | S95: DJ AL01048007 | T95: 0300043007 | U95: 0301117007 | V95: 0201291007 | X95: DJ AL01048007 › 0300043007 › 0301117007 › 0201291007 | Y95: -9.5838665 | Z95: -48.410266 | AA95: abrir | AB95: |DJ AL01048007|0300043007|0301117007|0201291007|
A96: 95 | B96: TR-095 | C96: 2568029 | D96: N103 | E96: N105 | F96: 213.09462 | G96: 3253.948 | H96: 213.09462 | I96: T5 | J96: Ramal | K96: Ramal 1478970 | L96: 9 | M96: 0302253007 | N96: Chave fusível (03) | O96: fim 1088763 / fim 1088774 / fim 1089030 / fim 1088769 / fim N118 / fim 1088761 / fim N120 / fim 1089031 | P96: — | Q96: 0 | S96: DJ AL01048007 | T96: 0300043007 | U96: 0301117007 | V96: 0302253007 | X96: DJ AL01048007 › 0300043007 › 0301117007 › 0302253007 | Y96: -9.582903 | Z96: -48.409533 | AA96: abrir | AB96: |DJ AL01048007|0300043007|0301117007|0302253007|
A97: 96 | B97: TR-096 | C97: 2568034 | D97: N105 | E97: 1088763 | F97: 10.619069 | G97: 3264.567 | H97: 223.71368 | I97: T5 | J97: Ramal | K97: Ramal 1478970 | L97: 9 | M97: 0302253007 | N97: Chave fusível (03) | O97: fim 1088763 / fim 1088774 / fim 1089030 / fim 1088769 / fim N118 / fim 1088761 / fim N120 / fim 1089031 | P97: — | Q97: 0 | S97: DJ AL01048007 | T97: 0300043007 | U97: 0301117007 | V97: 0302253007 | X97: DJ AL01048007 › 0300043007 › 0301117007 › 0302253007 | Y97: -9.5819335 | Z97: -48.40956 | AA97: abrir | AB97: |DJ AL01048007|0300043007|0301117007|0302253007|
A98: 97 | B98: TR-097 | C98: 2568033 | D98: N105 | E98: 1088774 | F98: 34.570723 | G98: 3288.5187 | H98: 247.66534 | I98: T5 | J98: Ramal | K98: Ramal 1478970 | L98: 9 | M98: 0302253007 | N98: Chave fusível (03) | O98: fim 1088763 / fim 1088774 / fim 1089030 / fim 1088769 / fim N118 / fim 1088761 / fim N120 / fim 1089031 | P98: — | Q98: 0 | S98: DJ AL01048007 | T98: 0300043007 | U98: 0301117007 | V98: 0302253007 | X98: DJ AL01048007 › 0300043007 › 0301117007 › 0302253007 | Y98: -9.58179 | Z98: -48.409501 | AA98: abrir | AB98: |DJ AL01048007|0300043007|0301117007|0302253007|
A99: 98 | B99: TR-098 | C99: 2568035 | D99: N105 | E99: N108 | F99: 57.961743 | G99: 3311.9097 | H99: 271.05636 | I99: T5 | J99: Ramal | K99: Ramal 1478970 | L99: 9 | M99: 0302253007 | N99: Chave fusível (03) | O99: fim 1088763 / fim 1088774 / fim 1089030 / fim 1088769 / fim N118 / fim 1088761 / fim N120 / fim 1089031 | P99: — | Q99: 0 | S99: DJ AL01048007 | T99: 0300043007 | U99: 0301117007 | V99: 0302253007 | X99: DJ AL01048007 › 0300043007 › 0301117007 › 0302253007 | Y99: -9.5819655 | Z99: -48.40925 | AA99: abrir | AB99: |DJ AL01048007|0300043007|0301117007|0302253007|
A100: 99 | B100: TR-099 | C100: 2568039 | D100: N108 | E100: 1088764 | F100: 49.866742 | G100: 3361.7765 | H100: 320.9231 | I100: T5 | J100: Ramal | K100: Ramal 1478970 | L100: 9 | M100: 0302253007 | N100: Chave fusível (03) | O100: fim 1088763 / fim 1088774 / fim 1089030 / fim 1088769 / fim N118 / fim 1088761 / fim N120 / fim 1089031 | P100: — | Q100: 0 | S100: DJ AL01048007 | T100: 0300043007 | U100: 0301117007 | V100: 0302253007 | X100: DJ AL01048007 › 0300043007 › 0301117007 › 0302253007 | Y100: -9.581764 | Z100: -48.408954 | AA100: abrir | AB100: |DJ AL01048007|0300043007|0301117007|0302253007|
A101: 100 | B101: TR-100 | C101: 2568041 | D101: 1088764 | E101: 1089030 | F101: 28.508827 | G101: 3390.2853 | H101: 349.43193 | I101: T5 | J101: Ramal | K101: Ramal 1478970 | L101: 9 | M101: 0302253007 | N101: Chave fusível (03) | O101: fim 1088763 / fim 1088774 / fim 1089030 / fim 1088769 / fim N118 / fim 1088761 / fim N120 / fim 1089031 | P101: — | Q101: 0 | S101: DJ AL01048007 | T101: 0300043007 | U101: 0301117007 | V101: 0302253007 | X101: DJ AL01048007 › 0300043007 › 0301117007 › 0302253007 | Y101: -9.5814145 | Z101: -48.408909 | AA101: abrir | AB101: |DJ AL01048007|0300043007|0301117007|0302253007|
A102: 101 | B102: TR-101 | C102: 2568038 | D102: N108 | E102: 1088769 | F102: 16.460136 | G102: 3328.3698 | H102: 287.5165 | I102: T5 | J102: Ramal | K102: Ramal 1478970 | L102: 9 | M102: 0302253007 | N102: Chave fusível (03) | O102: fim 1088763 / fim 1088774 / fim 1089030 / fim 1088769 / fim N118 / fim 1088761 / fim N120 / fim 1089031 | P102: — | Q102: 0 | S102: DJ AL01048007 | T102: 0300043007 | U102: 0301117007 | V102: 0302253007 | X102: DJ AL01048007 › 0300043007 › 0301117007 › 0302253007 | Y102: -9.58206 | Z102: -48.408988 | AA102: abrir | AB102: |DJ AL01048007|0300043007|0301117007|0302253007|
A103: 102 | B103: TR-102 | C103: 2568042 | D103: N108 | E103: 1088765 | F103: 233.29187 | G103: 3545.2016 | H103: 504.34823 | I103: T5 | J103: Ramal | K103: Ramal 1478970 | L103: 9 | M103: 0302253007 | N103: Chave fusível (03) | O103: fim 1088763 / fim 1088774 / fim 1089030 / fim 1088769 / fim N118 / fim 1088761 / fim N120 / fim 1089031 | P103: — | Q103: 0 | S103: DJ AL01048007 | T103: 0300043007 | U103: 0301117007 | V103: 0302253007 | X103: DJ AL01048007 › 0300043007 › 0301117007 › 0302253007 | Y103: -9.582096 | Z103: -48.407928 | AA103: abrir | AB103: |DJ AL01048007|0300043007|0301117007|0302253007|
A104: 103 | B104: TR-103 | C104: 12072638 | D104: 1088765 | E104: N113 | F104: 3.5851642 | G104: 3548.7867 | H104: 507.9334 | I104: T5 | J104: Ramal | K104: Ramal 1478970 | L104: 9 | M104: 0302253007 | N104: Chave fusível (03) | O104: fim 1088763 / fim 1088774 / fim 1089030 / fim 1088769 / fim N118 / fim 1088761 / fim N120 / fim 1089031 | P104: — | Q104: 0 | S104: DJ AL01048007 | T104: 0300043007 | U104: 0301117007 | V104: 0302253007 | X104: DJ AL01048007 › 0300043007 › 0301117007 › 0302253007 | Y104: -9.58219 | Z104: -48.406868 | AA104: abrir | AB104: |DJ AL01048007|0300043007|0301117007|0302253007|
A105: 104 | B105: TR-104 | C105: 2535957 | D105: N113 | E105: 1088782 | F105: 47.239482 | G105: 3596.0262 | H105: 555.17288 | I105: T5 | J105: Ramal | K105: Ramal 1478970 | L105: 9 | M105: 0302253007 | N105: Chave fusível (03) | O105: fim 1088763 / fim 1088774 / fim 1089030 / fim 1088769 / fim N118 / fim 1088761 / fim N120 / fim 1089031 | P105: — | Q105: 0 | S105: DJ AL01048007 | T105: 0300043007 | U105: 0301117007 | V105: 0302253007 | X105: DJ AL01048007 › 0300043007 › 0301117007 › 0302253007 | Y105: -9.5819625 | Z105: -48.406846 | AA105: abrir | AB105: |DJ AL01048007|0300043007|0301117007|0302253007|
A106: 105 | B106: TR-105 | C106: 2535951 | D106: 1088782 | E106: 1088766 | F106: 121.26322 | G106: 3717.2895 | H106: 676.4361 | I106: T5 | J106: Ramal | K106: Ramal 1478970 | L106: 9 | M106: 0302253007 | N106: Chave fusível (03) | O106: fim 1088763 / fim 1088774 / fim 1089030 / fim 1088769 / fim N118 / fim 1088761 / fim N120 / fim 1089031 | P106: — | Q106: 0 | S106: DJ AL01048007 | T106: 0300043007 | U106: 0301117007 | V106: 0302253007 | X106: DJ AL01048007 › 0300043007 › 0301117007 › 0302253007 | Y106: -9.581209 | Z106: -48.406765 | AA106: abrir | AB106: |DJ AL01048007|0300043007|0301117007|0302253007|
... A113: 112 | B113: TR-112 | C113: 2568047 | D113: 1088765 | E113: 1089031 | F113: 30.432931 | G113: 3575.6345 | H113: 534.78116 | I113: T5 | J113: Ramal | K113: Ramal 1478970 | L113: 9 | M113: 0302253007 | N113: Chave fusível (03) | O113: fim 1088763 / fim 1088774 / fim 1089030 / fim 1088769 / fim N118 / fim 1088761 / fim N120 / fim 1089031 | P113: — | Q113: 0 | S113: DJ AL01048007 | T113: 0300043007 | U113: 0301117007 | V113: 0302253007 | X113: DJ AL01048007 › 0300043007 › 0301117007 › 0302253007 | Y113: -9.5822205 | Z113: -48.406732 | AA113: abrir | AB113: |DJ AL01048007|0300043007|0301117007|0302253007|
A114: 113 | B114: TR-113 | C114: 2514395 | D114: N12 | E114: 309513 | F114: 83.786375 | G114: 559.53111 | H114: 83.786375 | I114: T4 | J114: Ramal | K114: Ramal 1478970 | L114: 10 | M114: 0301273007 | N114: Chave fusível (03) | O114: fim 309513 | P114: — | Q114: 0 | S114: DJ AL01048007 | T114: 0300043007 | U114: 0301273007 | X114: DJ AL01048007 › 0300043007 › 0301273007 | Y114: -9.580407 | Z114: -48.397504 | AA114: abrir | AB114: |DJ AL01048007|0300043007|0301273007|
A115: 114 | B115: TR-114 | C115: 2690340 | D115: N8 | E115: 144449 | F115: 41.943747 | G115: 381.28968 | H115: 381.28968 | I115: T1 | J115: Ramal | K115: Ramal do 0200475007 | L115: 11 | M115: DJ AL01048007 | N115: Disjuntor (DJ) | O115: fim 144443 / fim 202873 / fim 202872 / 0200475007 / fim 145175 / fim 145089 / 0200047007 / fim 144450 | P115: 0200475007, 0200047007 | Q115: 2 | S115: DJ AL01048007 | X115: DJ AL01048007 | Y115: -9.574041 | Z115: -48.394889 | AA115: abrir | AB115: |DJ AL01048007|
A116: 115 | B116: TR-115 | C116: Suporte Chave 6800046007 | D116: 144449 | E116: N123 | F116: 3.7157623 | G116: 385.00544 | H116: 385.00544 | I116: T1 | J116: Ramal | K116: Ramal do 0200475007 | L116: 11 | M116: DJ AL01048007 | N116: Disjuntor (DJ) | O116: fim 144443 / fim 202873 / fim 202872 / 0200475007 / fim 145175 / fim 145089 / 0200047007 / fim 144450 | P116: 0200475007, 0200047007 | Q116: 2 | S116: DJ AL01048007 | X116: DJ AL01048007 | Y116: -9.5741045 | Z116: -48.394691 | AA116: abrir | AB116: |DJ AL01048007|
A117: 116 | B117: TR-116 | C117: 2690339 | D117: N123 | E117: 144447 | F117: 33.125912 | G117: 418.13135 | H117: 418.13135 | I117: T1 | J117: Ramal | K117: Ramal do 0200475007 | L117: 11 | M117: DJ AL01048007 | N117: Disjuntor (DJ) | O117: fim 144443 / fim 202873 / fim 202872 / 0200475007 / fim 145175 / fim 145089 / 0200047007 / fim 144450 | P117: 0200475007, 0200047007 | Q117: 2 | S117: DJ AL01048007 | X117: DJ AL01048007 | Y117: -9.574155 | Z117: -48.394531 | AA117: abrir | AB117: |DJ AL01048007|
A118: 117 | B118: TR-117 | C118: 2690262 | D118: 144447 | E118: N125 | F118: 126.62878 | G118: 544.76013 | H118: 544.76013 | I118: T1 | J118: Ramal | K118: Ramal do 0200475007 | L118: 11 | M118: DJ AL01048007 | N118: Disjuntor (DJ) | O118: fim 144443 / fim 202873 / fim 202872 / 0200475007 / fim 145175 / fim 145089 / 0200047007 / fim 144450 | P118: 0200475007 | Q118: 1 | S118: DJ AL01048007 | X118: DJ AL01048007 | Y118: -9.5743795 | Z118: -48.393839 | AA118: abrir | AB118: |DJ AL01048007|
A119: 118 | B119: TR-118 | C119: 2678933 | D119: N125 | E119: 144443 | F119: 12.364807 | G119: 557.12494 | H119: 557.12494 | I119: T1 | J119: Ramal | K119: Ramal do 0200475007 | L119: 11 | M119: DJ AL01048007 | N119: Disjuntor (DJ) | O119: fim 144443 / fim 202873 / fim 202872 / 0200475007 / fim 145175 / fim 145089 / 0200047007 / fim 144450 | P119: — | Q119: 0 | S119: DJ AL01048007 | X119: DJ AL01048007 | Y119: -9.574575 | Z119: -48.393237 | AA119: abrir | AB119: |DJ AL01048007|
A120: 119 | B120: TR-119 | C120: 2690693 | D120: N125 | E120: 145167 | F120: 128.4127 | G120: 673.17283 | H120: 673.17283 | I120: T1 | J120: Ramal | K120: Ramal do 0200475007 | L120: 11 | M120: DJ AL01048007 | N120: Disjuntor (DJ) | O120: fim 144443 / fim 202873 / fim 202872 / 0200475007 / fim 145175 / fim 145089 / 0200047007 / fim 144450 | P120: 0200475007 | Q120: 1 | S120: DJ AL01048007 | X120: DJ AL01048007 | Y120: -9.575112 | Z120: -48.393459 | AA120: abrir | AB120: |DJ AL01048007|
A121: 120 | B121: TR-120 | C121: 2691340 | D121: 145167 | E121: N129 | F121: 77.913191 | G121: 751.08602 | H121: 751.08602 | I121: T1 | J121: Ramal | K121: Ramal do 0200475007 | L121: 11 | M121: DJ AL01048007 | N121: Disjuntor (DJ) | O121: fim 144443 / fim 202873 / fim 202872 / 0200475007 / fim 145175 / fim 145089 / 0200047007 / fim 144450 | P121: 0200475007 | Q121: 1 | S121: DJ AL01048007 | X121: DJ AL01048007 | Y121: -9.576 | Z121: -48.393732 | AA121: abrir | AB121: |DJ AL01048007|
A122: 121 | B122: TR-121 | C122: 2769222 | D122: N129 | E122: 202873 | F122: 14.105795 | G122: 765.19182 | H122: 765.19182 | I122: T1 | J122: Ramal | K122: Ramal do 0200475007 | L122: 11 | M122: DJ AL01048007 | N122: Disjuntor (DJ) | O122: fim 144443 / fim 202873 / fim 202872 / 0200475007 / fim 145175 / fim 145089 / 0200047007 / fim 144450 | P122: — | Q122: 0 | S122: DJ AL01048007 | X122: DJ AL01048007 | Y122: -9.57632 | Z122: -48.393898 | AA122: abrir | AB122: |DJ AL01048007|
A123: 122 | B123: TR-122 | C123: 2769227 | D123: N129 | E123: 202949 | F123: 113.15274 | G123: 864.23877 | H123: 864.23877 | I123: T1 | J123: Ramal | K123: Ramal do 0200475007 | L123: 11 | M123: DJ AL01048007 | N123: Disjuntor (DJ) | O123: fim 144443 / fim 202873 / fim 202872 / 0200475007 / fim 145175 / fim 145089 / 0200047007 / fim 144450 | P123: 0200475007 | Q123: 1 | S123: DJ AL01048007 | X123: DJ AL01048007 | Y123: -9.57647 | Z123: -48.393338 | AA123: abrir | AB123: |DJ AL01048007|
A124: 123 | B124: TR-123 | C124: 2769223 | D124: 202949 | E124: 202872 | F124: 39.236462 | G124: 903.47523 | H124: 903.47523 | I124: T1 | J124: Ramal | K124: Ramal do 0200475007 | L124: 11 | M124: DJ AL01048007 | N124: Disjuntor (DJ) | O124: fim 144443 / fim 202873 / fim 202872 / 0200475007 / fim 145175 / fim 145089 / 0200047007 / fim 144450 | P124: — | Q124: 0 | S124: DJ AL01048007 | X124: DJ AL01048007 | Y124: -9.5766585 | Z124: -48.392671 | AA124: abrir | AB124: |DJ AL01048007|
A125: 124 | B125: TR-124 | C125: Suporte Chave 0200475007 | D125: 202949 | E125: N148 | F125: 4.1505777 | G125: 868.38934 | H125: 868.38934 | I125: T1 | J125: Ramal | K125: Ramal do 0200475007 | L125: 11 | M125: DJ AL01048007 | N125: Disjuntor (DJ) | O125: fim 144443 / fim 202873 / fim 202872 / 0200475007 / fim 145175 / fim 145089 / 0200047007 / fim 144450 | P125: 0200475007 | Q125: 1 | S125: DJ AL01048007 | X125: DJ AL01048007 | Y125: -9.5766235 | Z125: -48.392843 | AA125: abrir | AB125: |DJ AL01048007|
A126: 125 | B126: TR-125 | C126: 2691341 | D126: N129 | E126: 145175 | F126: 262.62594 | G126: 1013.712 | H126: 1013.712 | I126: T1 | J126: Ramal | K126: Ramal do 0200475007 | L126: 11 | M126: DJ AL01048007 | N126: Disjuntor (DJ) | O126: fim 144443 / fim 202873 / fim 202872 / 0200475007 / fim 145175 / fim 145089 / 0200047007 / fim 144450 | P126: — | Q126: 0 | S126: DJ AL01048007 | X126: DJ AL01048007 | Y126: -9.5774695 | Z126: -48.394168 | AA126: abrir | AB126: |DJ AL01048007|
... A129: 128 | B129: TR-128 | C129: 3664802 | D129: N8 | E129: 144450 | F129: 1.2855058 | G129: 340.63144 | H129: 340.63144 | I129: T1 | J129: Ramal | K129: Ramal do 0200475007 | L129: 11 | M129: DJ AL01048007 | N129: Disjuntor (DJ) | O129: fim 144443 / fim 202873 / fim 202872 / 0200475007 / fim 145175 / fim 145089 / 0200047007 / fim 144450 | P129: — | Q129: 0 | S129: DJ AL01048007 | X129: DJ AL01048007 | Y129: -9.573981 | Z129: -48.395077 | AA129: abrir | AB129: |DJ AL01048007|
A130: 129 | B130: TR-129 | C130: 2769228 | D130: N148 | E130: 202953 | F130: 37.16355 | G130: 905.55289 | H130: 37.16355 | I130: T3 | J130: Ramal | K130: Ramal do 0200475007 | L130: 12 | M130: 0200475007 | N130: Chave 02 (conta como fusível) | O130: fim N150 | P130: — | Q130: 0 | S130: DJ AL01048007 | T130: 0200475007 | X130: DJ AL01048007 › 0200475007 | Y130: -9.576808 | Z130: -48.392865 | AA130: abrir | AB130: |DJ AL01048007|0200475007|
A131: 130 | B131: TR-130 | C131: 24566759 | D131: 202953 | E131: N150 | F131: 19.873756 | G131: 925.42665 | H131: 57.037306 | I131: T3 | J131: Ramal | K131: Ramal do 0200475007 | L131: 12 | M131: 0200475007 | N131: Chave 02 (conta como fusível) | O131: fim N150 | P131: — | Q131: 0 | S131: DJ AL01048007 | T131: 0200475007 | X131: DJ AL01048007 › 0200475007 | Y131: -9.577005 | Z131: -48.3928 | AA131: abrir | AB131: |DJ AL01048007|0200475007|
A132: 131 | B132: TR-131 | C132: 2678932 | D132: N146 | E132: 144448 | F132: 11.094453 | G132: 430.57804 | H132: 11.094453 | I132: T3 | J132: Ramal | K132: Ramal do 0200475007 | L132: 13 | M132: 0200047007 | N132: Chave 02 (conta como fusível) | O132: fim 144448 | P132: — | Q132: 0 | S132: DJ AL01048007 | T132: 0200047007 | X132: DJ AL01048007 › 0200047007 | Y132: -9.574261 | Z132: -48.394399 | AA132: abrir | AB132: |DJ AL01048007|0200047007|
...

Sheet Ativos
A1: Ativo | B1: Tipo | C1: Poste | D1: No tronco | E1: Zona antes | F1: Zona depois | G1: Bloco onde está | H1: Blocos em que é referência | I1: Caminho desde o DJ | J1: Vãos em que é a referência | K1: Extensão em que é a referência (m) | L1: Vãos englobados (tudo a jusante) | M1: Extensão englobada (m) | N1: Ativos posteriores englobados | O1: Latitude | P1: Longitude | Q1: Mapa
A2: DJ AL01048007 | B2: Disjuntor (DJ) | C2: 1478970 | D2: sim | E2: — | F2: T1 | G2: — | H2: 1, 3, 11, 14, 16, 17, 19, 23, 25, 27, 29 | I2: DJ AL01048007 | J2: =COUNTIFS(Trechos!$M$2:$M$275,A2) -> 53 | K2: =SUMIFS(Trechos!$F$2:$F$275,Trechos!$M$2:$M$275,A2) -> 2635 | L2: =SUMPRODUCT(--ISNUMBER(SEARCH("|"&A2&"|",Trechos!$AB$2:$AB$275))) -> 274 | M2: =SUMPRODUCT(ISNUMBER(SEARCH("|"&A2&"|",Trechos!$AB$2:$AB$275))*Trechos!$F$2:$F$275) -> 15315.766 | N2: 7925573007, 0300040007, 0200038007, 0300111007, 0300115007, 0300145007, 0200114007, 0301201007, 0300109007, 0300068007, 0300070007, 0300073007, 0300074007, 0300065007, 0300062007, 0200061007, 0300057007, 0357094007, 0300056007, 0200055007, 0300050007, 0200475007, 0200047007, 0300043007, 0301038007, 0301039007, 0301117007, 0201291007, 0302253007, 0301273007 | O2: -9.576847 | P2: -48.395496 | Q2: abrir
A3: 8800042007 | B3: Chave 88 | C3: N4 | D3: sim | E3: T1 | F3: T1 | G3: 1 | H3: — | I3: DJ AL01048007 | N3: 7925573007, 0300040007, 0200038007, 0300111007, 0300115007, 0300145007, 0200114007, 0301201007, 0300109007, 0300068007, 0300070007, 0300073007, 0300074007, 0300065007, 0300062007, 0200061007, 0300057007, 0357094007, 0300056007, 0200055007, 0300050007, 0200475007, 0200047007 | O3: -9.576559 | P3: -48.395753 | Q3: abrir
A4: 8808674007 | B4: Chave 88 | C4: 145119 | D4: sim | E4: T1 | F4: T1 | G4: 1 | H4: — | I4: DJ AL01048007 | N4: 7925573007, 0300040007, 0200038007, 0300111007, 0300115007, 0300145007, 0200114007, 0301201007, 0300109007, 0300068007, 0300070007, 0300073007, 0300074007, 0300065007, 0300062007, 0200061007, 0300057007, 0357094007, 0300056007, 0200055007, 0300050007, 0200475007, 0200047007 | O4: -9.574105 | P4: -48.395115 | Q4: abrir
A5: 8800054007 | B5: Chave 88 | C5: N28 | D5: sim | E5: T1 | F5: T1 | G5: 1 | H5: — | I5: DJ AL01048007 | N5: 7925573007, 0300040007, 0200038007, 0300111007, 0300115007, 0300145007, 0200114007, 0301201007, 0300109007, 0300068007, 0300070007, 0300073007, 0300074007, 0300065007, 0300062007, 0200061007, 0300057007, 0357094007, 0300056007, 0200055007 | O5: -9.569659 | P5: -48.393076 | Q5: abrir
A6: 7925573007 | B6: Religador (79) | C6: N142 | D6: sim | E6: T1 | F6: T2 | G6: 1 | H6: 2, 30, 31, 36, 43, 45, 46, 48 | I6: DJ AL01048007 › 7925573007 | J6: =COUNTIFS(Trechos!$M$2:$M$275,A6) -> 34 | K6: =SUMIFS(Trechos!$F$2:$F$275,Trechos!$M$2:$M$275,A6) -> 1413.2593 | L6: =SUMPRODUCT(--ISNUMBER(SEARCH("|"&A6&"|",Trechos!$AB$2:$AB$275))) -> 125 | M6: =SUMPRODUCT(ISNUMBER(SEARCH("|"&A6&"|",Trechos!$AB$2:$AB$275))*Trechos!$F$2:$F$275) -> 5659.7709 | N6: 0300040007, 0200038007, 0300111007, 0300115007, 0300145007, 0200114007, 0301201007, 0300109007, 0300068007, 0300070007, 0300073007, 0300074007 | O6: -9.566829 | P6: -48.390953 | Q6: abrir
A7: 8800075007 | B7: Chave 88 | C7: N172 | D7: sim | E7: T2 | F7: T2 | G7: 2 | H7: — | I7: DJ AL01048007 › 7925573007 | N7: 0300040007, 0200038007 | O7: -9.565625 | P7: -48.393142 | Q7: abrir
A8: 0300043007 | B8: Chave fusível (03) | C8: N2 | D8: não | E8: T1 | F8: T3 | G8: 3 | H8: 4 | I8: DJ AL01048007 › 0300043007 | J8: =COUNTIFS(Trechos!$M$2:$M$275,A8) -> 15 | K8: =SUMIFS(Trechos!$F$2:$F$275,Trechos!$M$2:$M$275,A8) -> 2457.9533 | L8: =SUMPRODUCT(--ISNUMBER(SEARCH("|"&A8&"|",Trechos!$AB$2:$AB$275))) -> 75 | M8: =SUMPRODUCT(ISNUMBER(SEARCH("|"&A8&"|",Trechos!$AB$2:$AB$275))*Trechos!$F$2:$F$275) -> 6169.4939 | N8: 0301038007, 0301039007, 0301117007, 0201291007, 0302253007, 0301273007 | O8: -9.576824 | P8: -48.39584 | Q8: abrir
A9: 0301038007 | B9: Chave fusível (03) | C9: N30 | D9: não | E9: T3 | F9: T4 | G9: 4 | H9: 5 | I9: DJ AL01048007 › 0300043007 › 0301038007 | J9: =COUNTIFS(Trechos!$M$2:$M$275,A9) -> 2 | K9: =SUMIFS(Trechos!$F$2:$F$275,Trechos!$M$2:$M$275,A9) -> 223.13742 | L9: =SUMPRODUCT(--ISNUMBER(SEARCH("|"&A9&"|",Trechos!$AB$2:$AB$275))) -> 3 | M9: =SUMPRODUCT(ISNUMBER(SEARCH("|"&A9&"|",Trechos!$AB$2:$AB$275))*Trechos!$F$2:$F$275) -> 315.61125 | N9: 0301039007 | O9: -9.584617 | P9: -48.398514 | Q9: abrir
A10: 386243 | B10: Chave (38) | C10: N65 | D10: não | E10: T3 | F10: T3 | G10: 4 | H10: — | I10: DJ AL01048007 › 0300043007 | N10: — | O10: -9.589356 | P10: -48.400933 | Q10: abrir
A11: 0301117007 | B11: Chave fusível (03) | C11: N67 | D11: não | E11: T3 | F11: T4 | G11: 4 | H11: 7 | I11: DJ AL01048007 › 0300043007 › 0301117007 | J11: =COUNTIFS(Trechos!$M$2:$M$275,A11) -> 37 | K11: =SUMIFS(Trechos!$F$2:$F$275,Trechos!$M$2:$M$275,A11) -> 2136.3104 | L11: =SUMPRODUCT(--ISNUMBER(SEARCH("|"&A11&"|",Trechos!$AB$2:$AB$275))) -> 56 | M11: =SUMPRODUCT(ISNUMBER(SEARCH("|"&A11&"|",Trechos!$AB$2:$AB$275))*Trechos!$F$2:$F$275) -> 3312.143 | N11: 0201291007, 0302253007 | O11: -9.588999 | P11: -48.401119 | Q11: abrir
A12: 0301273007 | B12: Chave fusível (03) | C12: N12 | D12: não | E12: T3 | F12: T4 | G12: 4 | H12: 10 | I12: DJ AL01048007 › 0300043007 › 0301273007 | J12: =COUNTIFS(Trechos!$M$2:$M$275,A12) -> 1 | K12: =SUMIFS(Trechos!$F$2:$F$275,Trechos!$M$2:$M$275,A12) -> 83.786375 | L12: =SUMPRODUCT(--ISNUMBER(SEARCH("|"&A12&"|",Trechos!$AB$2:$AB$275))) -> 1 | M12: =SUMPRODUCT(ISNUMBER(SEARCH("|"&A12&"|",Trechos!$AB$2:$AB$275))*Trechos!$F$2:$F$275) -> 83.786375 | N12: — | O12: -9.580501 | P12: -48.397134 | Q12: abrir
A13: 0301039007 | B13: Chave fusível (03) | C13: N39 | D13: não | E13: T4 | F13: T5 | G13: 5 | H13: 6 | I13: DJ AL01048007 › 0300043007 › 0301038007 › 0301039007 | J13: =COUNTIFS(Trechos!$M$2:$M$275,A13) -> 1 | K13: =SUMIFS(Trechos!$F$2:$F$275,Trechos!$M$2:$M$275,A13) -> 92.473831 | L13: =SUMPRODUCT(--ISNUMBER(SEARCH("|"&A13&"|",Trechos!$AB$2:$AB$275))) -> 1 | M13: =SUMPRODUCT(ISNUMBER(SEARCH("|"&A13&"|",Trechos!$AB$2:$AB$275))*Trechos!$F$2:$F$275) -> 92.473831 | N13: — | O13: -9.585986 | P13: -48.397026 | Q13: abrir
A14: 0201291007 | B14: Chave 02 (conta como fusível) | C14: 315976 | D14: não | E14: T4 | F14: T5 | G14: 7 | H14: 8 | I14: DJ AL01048007 › 0300043007 › 0301117007 › 0201291007 | J14: =COUNTIFS(Trechos!$M$2:$M$275,A14) -> 1 | K14: =SUMIFS(Trechos!$F$2:$F$275,Trechos!$M$2:$M$275,A14) -> 16.087812 | L14: =SUMPRODUCT(--ISNUMBER(SEARCH("|"&A14&"|",Trechos!$AB$2:$AB$275))) -> 1 | M14: =SUMPRODUCT(ISNUMBER(SEARCH("|"&A14&"|",Trechos!$AB$2:$AB$275))*Trechos!$F$2:$F$275) -> 16.087812 | N14: — | O14: -9.583916 | P14: -48.410213 | Q14: abrir
A15: 0302253007 | B15: Chave fusível (03) | C15: N103 | D15: não | E15: T4 | F15: T5 | G15: 7 | H15: 9 | I15: DJ AL01048007 › 0300043007 › 0301117007 › 0302253007 | J15: =COUNTIFS(Trechos!$M$2:$M$275,A15) -> 18 | K15: =SUMIFS(Trechos!$F$2:$F$275,Trechos!$M$2:$M$275,A15) -> 1159.7448 | L15: =SUMPRODUCT(--ISNUMBER(SEARCH("|"&A15&"|",Trechos!$AB$2:$AB$275))) -> 18 | M15: =SUMPRODUCT(ISNUMBER(SEARCH("|"&A15&"|",Trechos!$AB$2:$AB$275))*Trechos!$F$2:$F$275) -> 1159.7448 | N15: — | O15: -9.583861 | P15: -48.409553 | Q15: abrir
A16: 0200475007 | B16: Chave 02 (conta como fusível) | C16: N148 | D16: não | E16: T1 | F16: T3 | G16: 11 | H16: 12 | I16: DJ AL01048007 › 0200475007 | J16: =COUNTIFS(Trechos!$M$2:$M$275,A16) -> 2 | K16: =SUMIFS(Trechos!$F$2:$F$275,Trechos!$M$2:$M$275,A16) -> 57.037306 | L16: =SUMPRODUCT(--ISNUMBER(SEARCH("|"&A16&"|",Trechos!$AB$2:$AB$275))) -> 2 | M16: =SUMPRODUCT(ISNUMBER(SEARCH("|"&A16&"|",Trechos!$AB$2:$AB$275))*Trechos!$F$2:$F$275) -> 57.037306 | N16: — | O16: -9.576642 | P16: -48.392846 | Q16: abrir
A17: 0200047007 | B17: Chave 02 (conta como fusível) | C17: N146 | D17: não | E17: T1 | F17: T3 | G17: 11 | H17: 13 | I17: DJ AL01048007 › 0200047007 | J17: =COUNTIFS(Trechos!$M$2:$M$275,A17) -> 1 | K17: =SUMIFS(Trechos!$F$2:$F$275,Trechos!$M$2:$M$275,A17) -> 11.094453 | L17: =SUMPRODUCT(--ISNUMBER(SEARCH("|"&A17&"|",Trechos!$AB$2:$AB$275))) -> 1 | M17: =SUMPRODUCT(ISNUMBER(SEARCH("|"&A17&"|",Trechos!$AB$2:$AB$275))*Trechos!$F$2:$F$275) -> 11.094453 | N17: — | O17: -9.574212 | P17: -48.394389 | Q17: abrir
A18: 0300050007 | B18: Chave fusível (03) | C18: N15 | D18: não | E18: T1 | F18: T3 | G18: 14 | H18: 15 | I18: DJ AL01048007 › 0300050007 | J18: =COUNTIFS(Trechos!$M$2:$M$275,A18) -> 3 | K18: =SUMIFS(Trechos!$F$2:$F$275,Trechos!$M$2:$M$275,A18) -> 380.99649 | L18: =SUMPRODUCT(--ISNUMBER(SEARCH("|"&A18&"|",Trechos!$AB$2:$AB$275))) -> 3 | M18: =SUMPRODUCT(ISNUMBER(SEARCH("|"&A18&"|",Trechos!$AB$2:$AB$275))*Trechos!$F$2:$F$275) -> 380.99649 | N18: — | O18: -9.57254 | P18: -48.39454 | Q18: abrir
A19: 0200055007 | B19: Chave 02 (conta como fusível) | C19: N134 | D19: não | E19: T1 | F19: T3 | G19: 17 | H19: 18 | I19: DJ AL01048007 › 0200055007 | J19: =COUNTIFS(Trechos!$M$2:$M$275,A19) -> 2 | K19: =SUMIFS(Trechos!$F$2:$F$275,Trechos!$M$2:$M$275,A19) -> 41.257041 | L19: =SUMPRODUCT(--ISNUMBER(SEARCH("|"&A19&"|",Trechos!$AB$2:$AB$275))) -> 2 | M19: =SUMPRODUCT(ISNUMBER(SEARCH("|"&A19&"|",Trechos!$AB$2:$AB$275))*Trechos!$F$2:$F$275) -> 41.257041 | N19: — | O19: -9.569942 | P19: -48.392185 | Q19: abrir
A20: 0300057007 | B20: Chave fusível (03) | C20: N35 | D20: não | E20: T1 | F20: T3 | G20: 19 | H20: 20 | I20: DJ AL01048007 › 0300057007 | J20: =COUNTIFS(Trechos!$M$2:$M$275,A20) -> 4 | K20: =SUMIFS(Trechos!$F$2:$F$275,Trechos!$M$2:$M$275,A20) -> 188.29821 | L20: =SUMPRODUCT(--ISNUMBER(SEARCH("|"&A20&"|",Trechos!$AB$2:$AB$275))) -> 5 | M20: =SUMPRODUCT(ISNUMBER(SEARCH("|"&A20&"|",Trechos!$AB$2:$AB$275))*Trechos!$F$2:$F$275) -> 190.65083 | N20: 0357094007 | O20: -9.570017 | P20: -48.39181 | Q20: abrir
A21: 0300056007 | B21: Chave fusível (03) | C21: N36 | D21: não | E21: T1 | F21: T3 | G21: 19 | H21: 22 | I21: DJ AL01048007 › 0300056007 | J21: =COUNTIFS(Trechos!$M$2:$M$275,A21) -> 1 | K21: =SUMIFS(Trechos!$F$2:$F$275,Trechos!$M$2:$M$275,A21) -> 25.770317 | L21: =SUMPRODUCT(--ISNUMBER(SEARCH("|"&A21&"|",Trechos!$AB$2:$AB$275))) -> 1 | M21: =SUMPRODUCT(ISNUMBER(SEARCH("|"&A21&"|",Trechos!$AB$2:$AB$275))*Trechos!$F$2:$F$275) -> 25.770317 | N21: — | O21: -9.570098 | P21: -48.391947 | Q21: abrir
A22: 0357094007 | B22: Chave fusível (03) | C22: N43 | D22: não | E22: T3 | F22: T4 | G22: 20 | H22: 21 | I22: DJ AL01048007 › 0300057007 › 0357094007 | J22: =COUNTIFS(Trechos!$M$2:$M$275,A22) -> 1 | K22: =SUMIFS(Trechos!$F$2:$F$275,Trechos!$M$2:$M$275,A22) -> 2.3526217 | L22: =SUMPRODUCT(--ISNUMBER(SEARCH("|"&A22&"|",Trechos!$AB$2:$AB$275))) -> 1 | M22: =SUMPRODUCT(ISNUMBER(SEARCH("|"&A22&"|",Trechos!$AB$2:$AB$275))*Trechos!$F$2:$F$275) -> 2.3526217 | N22: — | O22: -9.570445 | P22: -48.390266 | Q22: abrir
... A35: 0301201007 | B35: Chave fusível (03) | C35: N193 | D35: não | E35: T3 | F35: T4 | G35: 37 | H35: 41 | I35: DJ AL01048007 › 7925573007 › 0300111007 › 0301201007 | J35: =COUNTIFS(Trechos!$M$2:$M$275,A35) -> 3 | K35: =SUMIFS(Trechos!$F$2:$F$275,Trechos!$M$2:$M$275,A35) -> 441.77386 | L35: =SUMPRODUCT(--ISNUMBER(SEARCH("|"&A35&"|",Trechos!$AB$2:$AB$275))) -> 3 | M35: =SUMPRODUCT(ISNUMBER(SEARCH("|"&A35&"|",Trechos!$AB$2:$AB$275))*Trechos!$F$2:$F$275) -> 441.77386 | N35: — | O35: -9.56335 | P35: -48.390103 | Q35: abrir
A36: 8856371007 | B36: Chave 88 | C36: N257 | D36: não | E36: T4 | F36: T4 | G36: 38 | H36: — | I36: DJ AL01048007 › 7925573007 › 0300111007 › 0300115007 | N36: — | O36: -9.559394 | P36: -48.385709 | Q36: abrir
A37: 0200038007 | B37: Chave 02 (conta como fusível) | C37: N266 | D37: não | E37: T2 | F37: T3 | G37: 43 | H37: 44 | I37: DJ AL01048007 › 7925573007 › 0200038007 | J37: =COUNTIFS(Trechos!$M$2:$M$275,A37) -> 1 | K37: =SUMIFS(Trechos!$F$2:$F$275,Trechos!$M$2:$M$275,A37) -> 26.065962 | L37: =SUMPRODUCT(--ISNUMBER(SEARCH("|"&A37&"|",Trechos!$AB$2:$AB$275))) -> 1 | M37: =SUMPRODUCT(ISNUMBER(SEARCH("|"&A37&"|",Trechos!$AB$2:$AB$275))*Trechos!$F$2:$F$275) -> 26.065962 | N37: — | O37: -9.565064 | P37: -48.394737 | Q37: abrir
A38: 0300040007 | B38: Chave fusível (03) | C38: N220 | D38: não | E38: T2 | F38: T3 | G38: 46 | H38: 47 | I38: DJ AL01048007 › 7925573007 › 0300040007 | J38: =COUNTIFS(Trechos!$M$2:$M$275,A38) -> 1 | K38: =SUMIFS(Trechos!$F$2:$F$275,Trechos!$M$2:$M$275,A38) -> 3.0548547 | L38: =SUMPRODUCT(--ISNUMBER(SEARCH("|"&A38&"|",Trechos!$AB$2:$AB$275))) -> 1 | M38: =SUMPRODUCT(ISNUMBER(SEARCH("|"&A38&"|",Trechos!$AB$2:$AB$275))*Trechos!$F$2:$F$275) -> 3.0548547 | N38: — | O38: -9.563947 | P38: -48.398241 | Q38: abrir
