Workbook

Sheet Leia-me
A1: Zonas, ramais e blocos — AL04010004
A3: Zona | B3: T1 do DJ ao 1º religador (79). Depois de qualquer religador é T2, inclusive religador em ramal: religador nunca cria T3. Depois de uma chave fusível (03) é no mínimo T3; se já estava em T3 ou mais, soma uma.
A4: Seccionamento | B4: Chave 03/33/02 com religador depois dela não conta como fusível: não muda a zona e aparece em "Outras chaves no bloco (88…)" como "Chave 03 de seccionamento".
A5: Tronco | B5: Caminho DJ → 1º religador → 2º religador e, depois do 2º, até os próximos ativos (religador ou fusível): o trecho entre dois ativos do tronco ainda é tronco. Pontas sem equipamento são ramal. Nunca tem T3. O resto é ramal, com o nome do poste onde sai do tronco.
A6: Ativo de referência | B6: Último DJ, 79 ou 03 antes do vão, vindo do DJ. Ele engloba o vão e tudo o que vem depois.
A7: Ativos posteriores englobados | B7: Os DJ/79/03 que ficam depois do vão ou do bloco. Se o ativo de referência abrir, todos ficam sem energia.
A8: Bloco | B8: Vãos com o mesmo ativo de referência e o mesmo ramal (de um ativo até o próximo). Chaves 88 e outras que não são DJ/79/fusível não dividem bloco: aparecem na coluna "Outras chaves no bloco (88…)". Chaves 02 e 33 contam como fusível.
A9: Nível 1…N | B9: Sequência de ativos desde o DJ até o ativo de referência. Filtrar um nível mostra tudo o que fica depois daquele ativo.
A10: Distâncias | B10: Calculadas a partir das coordenadas (haversine, raio 6.371 km), seguindo a rede.
A11: Abas | B11: Árvore de blocos: visão rápida da sequência, agrupada por tronco e ramal. Consulta: digite um poste e veja onde ele está. Blocos: um bloco por linha, com os ativos posteriores um por coluna e juntos numa coluna só. Por bloco: os vãos agrupados embaixo de cada bloco (botão + à esquerda). Trechos: um vão por linha. Ativos: resumo por ativo.
A13: Cores das zonas
A14: T1
A15: T2
A16: T3
A17: T4
A18: T5

Sheet Árvore de blocos
A1: Árvore de blocos — AL04010004
A2: Cada linha é um bloco. A célula colorida é o ativo de referência do bloco (cor da zona). As células em cinza à esquerda são os ativos antes dele, desde o DJ.
A3: Zonas: | B3: T1 | C3: T2 | D3: T3 | E3: T4 | F3: T5
A5: Bloco | B5: Zona | C5: Nível 1 | D5: Nível 2 | E5: Nível 3 | F5: Nível 4 | G5: Nível 5 | H5: De | I5: Até (próximos ativos) | J5: Vãos | K5: Extensão (m) | L5: Outras chaves no bloco (88…) | M5: Ativos englobados (depois do bloco)
A6: TRONCO — do DJ ao 2º religador e até os próximos ativos
A7: 1 | B7: T1 | C7: DJ AL04010004 | H7: DJ AL04010004 | I7: 7903565004 | J7: =COUNTIFS(Trechos!$L$2:$L$526,A7) -> 62 | K7: =SUMIFS(Trechos!$F$2:$F$526,Trechos!$L$2:$L$526,A7) -> 2972.1647 | L7: 8800004004, 8804421004, 8802681004, 8847597004, 8802014004, 8800554004, 8801115004 | M7: =Blocos!AU2 -> 7903565004, 7935867004, 7902218004, 0330915004, 0203711004, 0202227004, 0204190004, 0200482004, 0200484004, 0200489004, 0200490004, 0230938004, 0200492004, 0202676004, 0303862004, 0229036004, 0200495004, 0201153004, 0352542004, 0300603004, 0203117004, 0202175004, 0300600004, 0203661004, 0300596004, 0300588004, 0300591004, 0200593004, 0224749004, 0200583004, 0300584004, 0300585004, 0300582004, 0204195004, 0300578004, 0229381004, 0200580004, 0202671004, 0204249004, 0200868004, 0200573004, 0200571004, 0230252004, 0303731004, 0200556004, 0303973004, 0200550004, 0201875004, 0200549004, 0200548004, 0200547004, 0345761004, 0201072004
A8: 2 | B8: T2 | C8: DJ AL04010004 | D8: 7903565004 | H8: 7903565004 | I8: 7935867004 | J8: =COUNTIFS(Trechos!$L$2:$L$526,A8) -> 28 | K8: =SUMIFS(Trechos!$F$2:$F$526,Trechos!$L$2:$L$526,A8) -> 1067.0564 | L8: 8841355004 | M8: =Blocos!AU3 -> 7935867004, 7902218004, 0330915004, 0203711004, 0202227004, 0204190004, 0200482004, 0200484004, 0200489004, 0200490004, 0230938004, 0200492004, 0202676004, 0303862004, 0229036004, 0200495004, 0201153004, 0352542004, 0300603004, 0203117004, 0202175004, 0300600004, 0203661004, 0300596004, 0300588004, 0300591004, 0200593004, 0224749004, 0200583004, 0300584004, 0300585004, 0300582004, 0204195004, 0300578004, 0229381004, 0200580004, 0202671004, 0204249004, 0200868004, 0200573004, 0200571004, 0230252004, 0303731004, 0200556004, 0303973004
A9: 3 | B9: T2 | C9: DJ AL04010004 | D9: 7903565004 | E9: 7935867004 | H9: 7935867004 | I9: 7902218004 / 0352542004 / 0300603004 / 0203117004 / 0202175004 / 0300600004 | J9: =COUNTIFS(Trechos!$L$2:$L$526,A9) -> 55 | K9: =SUMIFS(Trechos!$F$2:$F$526,Trechos!$L$2:$L$526,A9) -> 1795.8328 | L9: 8834608004, 8800606004, 8843255004, 8800599004 | M9: =Blocos!AU4 -> 7902218004, 0330915004, 0203711004, 0202227004, 0204190004, 0200482004, 0200484004, 0200489004, 0200490004, 0230938004, 0200492004, 0202676004, 0303862004, 0229036004, 0200495004, 0201153004, 0352542004, 0300603004, 0203117004, 0202175004, 0300600004
A10: RAMAL 587997 — sai do tronco no poste 587997
A11: 4 | B11: T1 | C11: DJ AL04010004 | H11: poste 587997 | I11: fim 25524195 / fim 65878548 | J11: =COUNTIFS(Trechos!$L$2:$L$526,A11) -> 6 | K11: =SUMIFS(Trechos!$F$2:$F$526,Trechos!$L$2:$L$526,A11) -> 343.48266 | L11: — | M11: =Blocos!AU5 -> —
A12: RAMAL 122086 — sai do tronco no poste 122086
A13: 5 | B13: T1 | C13: DJ AL04010004 | H13: poste 122086 | I13: fim N34 | J13: =COUNTIFS(Trechos!$L$2:$L$526,A13) -> 1 | K13: =SUMIFS(Trechos!$F$2:$F$526,Trechos!$L$2:$L$526,A13) -> 8.4653287 | L13: — | M13: =Blocos!AU6 -> —
A14: RAMAL 104546 — sai do tronco no poste 104546
A15: 6 | B15: T1 | C15: DJ AL04010004 | H15: poste 104546 | I15: 0201072004 | J15: =COUNTIFS(Trechos!$L$2:$L$526,A15) -> 1 | K15: =SUMIFS(Trechos!$F$2:$F$526,Trechos!$L$2:$L$526,A15) -> 1.0068168 | L15: — | M15: =Blocos!AU7 -> 0201072004
A16: 7 | B16: T3 | C16: DJ AL04010004 | D16: 0201072004 | H16: 0201072004 | I16: fim N85 | J16: =COUNTIFS(Trechos!$L$2:$L$526,A16) -> 2 | K16: =SUMIFS(Trechos!$F$2:$F$526,Trechos!$L$2:$L$526,A16) -> 22.323525 | L16: — | M16: =Blocos!AU8 -> —
A17: RAMAL 33261324 — sai do tronco no poste 33261324
A18: 8 | B18: T1 | C18: DJ AL04010004 | H18: poste 33261324 | I18: 0345761004 | J18: =COUNTIFS(Trechos!$L$2:$L$526,A18) -> 1 | K18: =SUMIFS(Trechos!$F$2:$F$526,Trechos!$L$2:$L$526,A18) -> 1.0205312 | L18: — | M18: =Blocos!AU9 -> 0345761004
A19: 9 | B19: T3 | C19: DJ AL04010004 | D19: 0345761004 | H19: 0345761004 | I19: fim 33308575 | J19: =COUNTIFS(Trechos!$L$2:$L$526,A19) -> 1 | K19: =SUMIFS(Trechos!$F$2:$F$526,Trechos!$L$2:$L$526,A19) -> 8.5499772 | L19: — | M19: =Blocos!AU10 -> —
A20: RAMAL 94069 — sai do tronco no poste 94069
A21: 10 | B21: T1 | C21: DJ AL04010004 | H21: poste 94069 | I21: 0200547004 | J21: =COUNTIFS(Trechos!$L$2:$L$526,A21) -> 1 | K21: =SUMIFS(Trechos!$F$2:$F$526,Trechos!$L$2:$L$526,A21) -> 0.55440619 | L21: — | M21: =Blocos!AU11 -> 0200547004
A22: 11 | B22: T3 | C22: DJ AL04010004 | D22: 0200547004 | H22: 0200547004 | I22: fim 94065 | J22: =COUNTIFS(Trechos!$L$2:$L$526,A22) -> 1 | K22: =SUMIFS(Trechos!$F$2:$F$526,Trechos!$L$2:$L$526,A22) -> 3.8390204 | L22: — | M22: =Blocos!AU12 -> —
A23: RAMAL 94068 — sai do tronco no poste 94068
A24: 12 | B24: T1 | C24: DJ AL04010004 | H24: poste 94068 | I24: 0200548004 | J24: =COUNTIFS(Trechos!$L$2:$L$526,A24) -> 1 | K24: =SUMIFS(Trechos!$F$2:$F$526,Trechos!$L$2:$L$526,A24) -> 1.021764 | L24: — | M24: =Blocos!AU13 -> 0200548004
A25: 13 | B25: T3 | C25: DJ AL04010004 | D25: 0200548004 | H25: 0200548004 | I25: fim 94064 | J25: =COUNTIFS(Trechos!$L$2:$L$526,A25) -> 1 | K25: =SUMIFS(Trechos!$F$2:$F$526,Trechos!$L$2:$L$526,A25) -> 8.854961 | L25: — | M25: =Blocos!AU14 -> —
A26: RAMAL 20392852 — sai do tronco no poste 20392852
A27: 14 | B27: T1 | C27: DJ AL04010004 | H27: poste 20392852 | I27: 0200549004 | J27: =COUNTIFS(Trechos!$L$2:$L$526,A27) -> 1 | K27: =SUMIFS(Trechos!$F$2:$F$526,Trechos!$L$2:$L$526,A27) -> 1.0430959 | L27: — | M27: =Blocos!AU15 -> 0200549004
A28: 15 | B28: T3 | C28: DJ AL04010004 | D28: 0200549004 | H28: 0200549004 | I28: fim 94063 | J28: =COUNTIFS(Trechos!$L$2:$L$526,A28) -> 1 | K28: =SUMIFS(Trechos!$F$2:$F$526,Trechos!$L$2:$L$526,A28) -> 9.0630126 | L28: — | M28: =Blocos!AU16 -> —
A29: RAMAL 552519 — sai do tronco no poste 552519
A30: 16 | B30: T1 | C30: DJ AL04010004 | H30: poste 552519 | I30: fim 832105 | J30: =COUNTIFS(Trechos!$L$2:$L$526,A30) -> 2 | K30: =SUMIFS(Trechos!$F$2:$F$526,Trechos!$L$2:$L$526,A30) -> 79.282946 | L30: — | M30: =Blocos!AU17 -> —
A31: RAMAL 272816 — sai do tronco no poste 272816
A32: 17 | B32: T1 | C32: DJ AL04010004 | H32: poste 272816 | I32: 0201875004 | J32: =COUNTIFS(Trechos!$L$2:$L$526,A32) -> 1 | K32: =SUMIFS(Trechos!$F$2:$F$526,Trechos!$L$2:$L$526,A32) -> 0.95157043 | L32: — | M32: =Blocos!AU18 -> 0201875004
A33: 18 | B33: T3 | C33: DJ AL04010004 | D33: 0201875004 | H33: 0201875004 | I33: fim 272817 | J33: =COUNTIFS(Trechos!$L$2:$L$526,A33) -> 1 | K33: =SUMIFS(Trechos!$F$2:$F$526,Trechos!$L$2:$L$526,A33) -> 8.6844675 | L33: — | M33: =Blocos!AU19 -> —
A34: RAMAL 94067 — sai do tronco no poste 94067
A35: 19 | B35: T1 | C35: DJ AL04010004 | H35: poste 94067 | I35: 0200550004 | J35: =COUNTIFS(Trechos!$L$2:$L$526,A35) -> 1 | K35: =SUMIFS(Trechos!$F$2:$F$526,Trechos!$L$2:$L$526,A35) -> 0.86567317 | L35: — | M35: =Blocos!AU20 -> 0200550004
A36: 20 | B36: T3 | C36: DJ AL04010004 | D36: 0200550004 | H36: 0200550004 | I36: fim N96 / fim N97 | J36: =COUNTIFS(Trechos!$L$2:$L$526,A36) -> 3 | K36: =SUMIFS(Trechos!$F$2:$F$526,Trechos!$L$2:$L$526,A36) -> 46.711058 | L36: — | M36: =Blocos!AU21 -> —
A37: RAMAL 26974937 — sai do tronco no poste 26974937
A38: 21 | B38: T1 | C38: DJ AL04010004 | H38: poste 26974937 | I38: fim 106594 / fim 538410 / fim 539777 / fim 550142 / fim 539569 / fim 535127 / fim 538391 / fim 536377 / fim N123 | J38: =COUNTIFS(Trechos!$L$2:$L$526,A38) -> 24 | K38: =SUMIFS(Trechos!$F$2:$F$526,Trechos!$L$2:$L$526,A38) -> 1142.2202 | L38: — | M38: =Blocos!AU22 -> —
A39: RAMAL 550921 — sai do tronco no poste 550921
A40: 22 | B40: T1 | C40: DJ AL04010004 | H40: poste 550921 | I40: fim N82 / fim N122 | J40: =COUNTIFS(Trechos!$L$2:$L$526,A40) -> 10 | K40: =SUMIFS(Trechos!$F$2:$F$526,Trechos!$L$2:$L$526,A40) -> 134.24053 | L40: — | M40: =Blocos!AU23 -> —
A41: RAMAL N68 — sai do tronco no poste N68
A42: 23 | B42: T1 | C42: DJ AL04010004 | H42: poste N68 | I42: fim 308076 | J42: =COUNTIFS(Trechos!$L$2:$L$526,A42) -> 1 | K42: =SUMIFS(Trechos!$F$2:$F$526,Trechos!$L$2:$L$526,A42) -> 41.768705 | L42: — | M42: =Blocos!AU24 -> —
A43: RAMAL N77 — sai do tronco no poste N77
A44: 24 | B44: T1 | C44: DJ AL04010004 | H44: poste N77 | I44: fim N78 | J44: =COUNTIFS(Trechos!$L$2:$L$526,A44) -> 1 | K44: =SUMIFS(Trechos!$F$2:$F$526,Trechos!$L$2:$L$526,A44) -> 5.4735809 | L44: — | M44: =Blocos!AU25 -> —
A45: RAMAL N127 — sai do tronco no poste N127
A46: 25 | B46: T2 | C46: DJ AL04010004 | D46: 7903565004 | H46: poste N127 | I46: fim N128 | J46: =COUNTIFS(Trechos!$L$2:$L$526,A46) -> 1 | K46: =SUMIFS(Trechos!$F$2:$F$526,Trechos!$L$2:$L$526,A46) -> 4.263923 | L46: — | M46: =Blocos!AU26 -> —
A47: RAMAL DO 0303973004 — sai do tronco no poste 0303973004
A48: 26 | B48: T2 | C48: DJ AL04010004 | D48: 7903565004 | H48: poste N130 | I48: fim 30002378 / 0303973004 / fim 30002218 | J48: =COUNTIFS(Trechos!$L$2:$L$526,A48) -> 8 | K48: =SUMIFS(Trechos!$F$2:$F$526,Trechos!$L$2:$L$526,A48) -> 193.17717 | L48: 8845029004 | M48: =Blocos!AU27 -> 0303973004
A49: 27 | B49: T3 | C49: DJ AL04010004 | D49: 7903565004 | E49: 0303973004 | H49: 0303973004 | I49: fim N144 | J49: =COUNTIFS(Trechos!$L$2:$L$526,A49) -> 2 | K49: =SUMIFS(Trechos!$F$2:$F$526,Trechos!$L$2:$L$526,A49) -> 34.30462 | L49: — | M49: =Blocos!AU28 -> —
A50: RAMAL 122229 — sai do tronco no poste 122229
A51: 28 | B51: T2 | C51: DJ AL04010004 | D51: 7903565004 | H51: poste 122229 | I51: 0200556004 | J51: =COUNTIFS(Trechos!$L$2:$L$526,A51) -> 1 | K51: =SUMIFS(Trechos!$F$2:$F$526,Trechos!$L$2:$L$526,A51) -> 2.9054667 | L51: — | M51: =Blocos!AU29 -> 0200556004
A52: 29 | B52: T3 | C52: DJ AL04010004 | D52: 7903565004 | E52: 0200556004 | H52: 0200556004 | I52: fim N260 | J52: =COUNTIFS(Trechos!$L$2:$L$526,A52) -> 2 | K52: =SUMIFS(Trechos!$F$2:$F$526,Trechos!$L$2:$L$526,A52) -> 41.706607 | L52: — | M52: =Blocos!AU30 -> —
A53: RAMAL 550125 — sai do tronco no poste 550125
A54: 30 | B54: T2 | C54: DJ AL04010004 | D54: 7903565004 | H54: poste 550125 | I54: fim 94055 | J54: =COUNTIFS(Trechos!$L$2:$L$526,A54) -> 2 | K54: =SUMIFS(Trechos!$F$2:$F$526,Trechos!$L$2:$L$526,A54) -> 22.039154 | L54: — | M54: =Blocos!AU31 -> —
A55: RAMAL 122230 — sai do tronco no poste 122230
A56: 31 | B56: T2 | C56: DJ AL04010004 | D56: 7903565004 | H56: poste 122230 | I56: 0303731004 | J56: =COUNTIFS(Trechos!$L$2:$L$526,A56) -> 2 | K56: =SUMIFS(Trechos!$F$2:$F$526,Trechos!$L$2:$L$526,A56) -> 5.3811234 | L56: — | M56: =Blocos!AU32 -> 0303731004
A57: 32 | B57: T3 | C57: DJ AL04010004 | D57: 7903565004 | E57: 0303731004 | H57: 0303731004 | I57: fim 553594 / fim 552526 / fim 537929 | J57: =COUNTIFS(Trechos!$L$2:$L$526,A57) -> 5 | K57: =SUMIFS(Trechos!$F$2:$F$526,Trechos!$L$2:$L$526,A57) -> 167.98351 | L57: — | M57: =Blocos!AU33 -> —
A58: RAMAL 1326106 — sai do tronco no poste 1326106
A59: 33 | B59: T2 | C59: DJ AL04010004 | D59: 7903565004 | H59: poste 1326106 | I59: 0230252004 | J59: =COUNTIFS(Trechos!$L$2:$L$526,A59) -> 1 | K59: =SUMIFS(Trechos!$F$2:$F$526,Trechos!$L$2:$L$526,A59) -> 1.0879701 | L59: — | M59: =Blocos!AU34 -> 0230252004
A60: 34 | B60: T3 | C60: DJ AL04010004 | D60: 7903565004 | E60: 0230252004 | H60: 0230252004 | I60: fim N263 | J60: =COUNTIFS(Trechos!$L$2:$L$526,A60) -> 2 | K60: =SUMIFS(Trechos!$F$2:$F$526,Trechos!$L$2:$L$526,A60) -> 24.734505 | L60: — | M60: =Blocos!AU35 -> —
A61: RAMAL DO 0200571004 — sai do tronco no poste 0200571004
A62: 35 | B62: T2 | C62: DJ AL04010004 | D62: 7903565004 | H62: poste N157 | I62: 0200571004 | J62: =COUNTIFS(Trechos!$L$2:$L$526,A62) -> 1 | K62: =SUMIFS(Trechos!$F$2:$F$526,Trechos!$L$2:$L$526,A62) -> 2.7820614 | L62: — | M62: =Blocos!AU36 -> 0200571004
A63: 36 | B63: T3 | C63: DJ AL04010004 | D63: 7903565004 | E63: 0200571004 | H63: 0200571004 | I63: fim 94371 | J63: =COUNTIFS(Trechos!$L$2:$L$526,A63) -> 1 | K63: =SUMIFS(Trechos!$F$2:$F$526,Trechos!$L$2:$L$526,A63) -> 25.030774 | L63: — | M63: =Blocos!AU37 -> —
A64: RAMAL 94187 — sai do tronco no poste 94187
A65: 37 | B65: T2 | C65: DJ AL04010004 | D65: 7903565004 | H65: poste 94187 | I65: fim N162 / 0200573004 | J65: =COUNTIFS(Trechos!$L$2:$L$526,A65) -> 3 | K65: =SUMIFS(Trechos!$F$2:$F$526,Trechos!$L$2:$L$526,A65) -> 44.461056 | L65: — | M65: =Blocos!AU38 -> 0200573004
A66: 38 | B66: T3 | C66: DJ AL04010004 | D66: 7903565004 | E66: 0200573004 | H66: 0200573004 | I66: fim 94185 | J66: =COUNTIFS(Trechos!$L$2:$L$526,A66) -> 1 | K66: =SUMIFS(Trechos!$F$2:$F$526,Trechos!$L$2:$L$526,A66) -> 22.705485 | L66: — | M66: =Blocos!AU39 -> —
A67: RAMAL 101058 — sai do tronco no poste 101058
A68: 39 | B68: T2 | C68: DJ AL04010004 | D68: 7903565004 | H68: poste 101058 | I68: 0200868004 | J68: =COUNTIFS(Trechos!$L$2:$L$526,A68) -> 1 | K68: =SUMIFS(Trechos!$F$2:$F$526,Trechos!$L$2:$L$526,A68) -> 1.3907679 | L68: — | M68: =Blocos!AU40 -> 0200868004
A69: 40 | B69: T3 | C69: DJ AL04010004 | D69: 7903565004 | E69: 0200868004 | H69: 0200868004 | I69: fim 101057 | J69: =COUNTIFS(Trechos!$L$2:$L$526,A69) -> 1 | K69: =SUMIFS(Trechos!$F$2:$F$526,Trechos!$L$2:$L$526,A69) -> 12.940575 | L69: — | M69: =Blocos!AU41 -> —
A70: RAMAL 94183 — sai do tronco no poste 94183
A71: 41 | B71: T2 | C71: DJ AL04010004 | D71: 7903565004 | H71: poste 94183 | I71: fim 533113 / 0200583004 / 0300584004 / 0300582004 / 0204195004 / 0300578004 / 0202671004 / 0204249004 | J71: =COUNTIFS(Trechos!$L$2:$L$526,A71) -> 27 | K71: =SUMIFS(Trechos!$F$2:$F$526,Trechos!$L$2:$L$526,A71) -> 711.97471 | L71: 8800577004, 8857503004 | M71: =Blocos!AU42 -> 0200583004, 0300584004, 0300585004, 0300582004, 0204195004, 0300578004, 0229381004, 0200580004, 0202671004, 0204249004
A72: 42 | B72: T3 | C72: DJ AL04010004 | D72: 7903565004 | E72: 0200583004 | H72: 0200583004 | I72: fim N298 / fim N299 / fim 94374 | J72: =COUNTIFS(Trechos!$L$2:$L$526,A72) -> 4 | K72: =SUMIFS(Trechos!$F$2:$F$526,Trechos!$L$2:$L$526,A72) -> 43.873135 | L72: — | M72: =Blocos!AU43 -> —
A73: 43 | B73: T3 | C73: DJ AL04010004 | D73: 7903565004 | E73: 0300584004 | H73: 0300584004 | I73: fim N254 / fim N301 / fim N256 / fim 557529 / fim 557252 / fim 586071 / fim 586061 / 0300585004 | J73: =COUNTIFS(Trechos!$L$2:$L$526,A73) -> 22 | K73: =SUMIFS(Trechos!$F$2:$F$526,Trechos!$L$2:$L$526,A73) -> 610.20803 | L73: — | M73: =Blocos!AU44 -> 0300585004
A74: 44 | B74: T4 | C74: DJ AL04010004 | D74: 7903565004 | E74: 0300584004 | F74: 0300585004 | H74: 0300585004 | I74: fim 94372 | J74: =COUNTIFS(Trechos!$L$2:$L$526,A74) -> 1 | K74: =SUMIFS(Trechos!$F$2:$F$526,Trechos!$L$2:$L$526,A74) -> 11.241954 | L74: — | M74: =Blocos!AU45 -> —
A75: 45 | B75: T3 | C75: DJ AL04010004 | D75: 7903565004 | E75: 0300582004 | H75: 0300582004 | I75: fim 122056 | J75: =COUNTIFS(Trechos!$L$2:$L$526,A75) -> 3 | K75: =SUMIFS(Trechos!$F$2:$F$526,Trechos!$L$2:$L$526,A75) -> 234.70329 | L75: — | M75: =Blocos!AU46 -> —
A76: 46 | B76: T3 | C76: DJ AL04010004 | D76: 7903565004 | E76: 0204195004 | H76: 0204195004 | I76: fim N279 | J76: =COUNTIFS(Trechos!$L$2:$L$526,A76) -> 2 | K76: =SUMIFS(Trechos!$F$2:$F$526,Trechos!$L$2:$L$526,A76) -> 11.190913 | L76: — | M76: =Blocos!AU47 -> —
A77: 47 | B77: T3 | C77: DJ AL04010004 | D77: 7903565004 | E77: 0300578004 | H77: 0300578004 | I77: fim 1437863 / 0229381004 / fim 553590 / 0200580004 | J77: =COUNTIFS(Trechos!$L$2:$L$526,A77) -> 12 | K77: =SUMIFS(Trechos!$F$2:$F$526,Trechos!$L$2:$L$526,A77) -> 364.46104 | L77: — | M77: =Blocos!AU48 -> 0229381004, 0200580004
A78: 48 | B78: T4 | C78: DJ AL04010004 | D78: 7903565004 | E78: 0300578004 | F78: 0229381004 | H78: 0229381004 | I78: fim N291 | J78: =COUNTIFS(Trechos!$L$2:$L$526,A78) -> 2 | K78: =SUMIFS(Trechos!$F$2:$F$526,Trechos!$L$2:$L$526,A78) -> 25.122792 | L78: — | M78: =Blocos!AU49 -> —
A79: 49 | B79: T4 | C79: DJ AL04010004 | D79: 7903565004 | E79: 0300578004 | F79: 0200580004 | H79: 0200580004 | I79: fim 94180 | J79: =COUNTIFS(Trechos!$L$2:$L$526,A79) -> 1 | K79: =SUMIFS(Trechos!$F$2:$F$526,Trechos!$L$2:$L$526,A79) -> 14.279954 | L79: — | M79: =Blocos!AU50 -> —
A80: 50 | B80: T3 | C80: DJ AL04010004 | D80: 7903565004 | E80: 0202671004 | H80: 0202671004 | I80: fim N275 / fim 539567 | J80: =COUNTIFS(Trechos!$L$2:$L$526,A80) -> 3 | K80: =SUMIFS(Trechos!$F$2:$F$526,Trechos!$L$2:$L$526,A80) -> 45.920425 | L80: — | M80: =Blocos!AU51 -> —
A81: 51 | B81: T3 | C81: DJ AL04010004 | D81: 7903565004 | E81: 0204249004 | H81: 0204249004 | I81: fim 1069064 | J81: =COUNTIFS(Trechos!$L$2:$L$526,A81) -> 1 | K81: =SUMIFS(Trechos!$F$2:$F$526,Trechos!$L$2:$L$526,A81) -> 28.350099 | L81: — | M81: =Blocos!AU52 -> —
A82: RAMAL DO 0300588004 — sai do tronco no poste 0300588004
A83: 52 | B83: T2 | C83: DJ AL04010004 | D83: 7903565004 | H83: poste N170 | I83: fim 42957414 / 0300588004 | J83: =COUNTIFS(Trechos!$L$2:$L$526,A83) -> 6 | K83: =SUMIFS(Trechos!$F$2:$F$526,Trechos!$L$2:$L$526,A83) -> 139.88952 | L83: 8855214004 | M83: =Blocos!AU53 -> 0300588004, 0300591004, 0200593004, 0224749004
A84: 53 | B84: T3 | C84: DJ AL04010004 | D84: 7903565004 | E84: 0300588004 | H84: 0300588004 | I84: 0300591004 / fim 94367 / fim 1428201 | J84: =COUNTIFS(Trechos!$L$2:$L$526,A84) -> 6 | K84: =SUMIFS(Trechos!$F$2:$F$526,Trechos!$L$2:$L$526,A84) -> 246.3269 | L84: — | M84: =Blocos!AU54 -> 0300591004, 0200593004, 0224749004
A85: 54 | B85: T4 | C85: DJ AL04010004 | D85: 7903565004 | E85: 0300588004 | F85: 0300591004 | H85: 0300591004 | I85: fim 552788 / fim N257 / fim 94363 / 0200593004 / fim 538645 / fim 585929 / fim 1107345 / 0224749004 / fim 533105 | J85: =COUNTIFS(Trechos!$L$2:$L$526,A85) -> 16 | K85: =SUMIFS(Trechos!$F$2:$F$526,Trechos!$L$2:$L$526,A85) -> 884.11585 | L85: — | M85: =Blocos!AU55 -> 0200593004, 0224749004
A86: 55 | B86: T5 | C86: DJ AL04010004 | D86: 7903565004 | E86: 0300588004 | F86: 0300591004 | G86: 0200593004 | H86: 0200593004 | I86: fim 94364 | J86: =COUNTIFS(Trechos!$L$2:$L$526,A86) -> 1 | K86: =SUMIFS(Trechos!$F$2:$F$526,Trechos!$L$2:$L$526,A86) -> 8.0803332 | L86: — | M86: =Blocos!AU56 -> —
A87: 56 | B87: T5 | C87: DJ AL04010004 | D87: 7903565004 | E87: 0300588004 | F87: 0300591004 | G87: 0224749004 | H87: 0224749004 | I87: fim N295 | J87: =COUNTIFS(Trechos!$L$2:$L$526,A87) -> 2 | K87: =SUMIFS(Trechos!$F$2:$F$526,Trechos!$L$2:$L$526,A87) -> 28.908453 | L87: — | M87: =Blocos!AU57 -> —
A88: RAMAL 94361 — sai do tronco no poste 94361
A89: 57 | B89: T2 | C89: DJ AL04010004 | D89: 7903565004 | H89: poste 94361 | I89: 0300596004 | J89: =COUNTIFS(Trechos!$L$2:$L$526,A89) -> 1 | K89: =SUMIFS(Trechos!$F$2:$F$526,Trechos!$L$2:$L$526,A89) -> 1.0467024 | L89: — | M89: =Blocos!AU58 -> 0300596004
A90: 58 | B90: T3 | C90: DJ AL04010004 | D90: 7903565004 | E90: 0300596004 | H90: 0300596004 | I90: fim 94360 | J90: =COUNTIFS(Trechos!$L$2:$L$526,A90) -> 1 | K90: =SUMIFS(Trechos!$F$2:$F$526,Trechos!$L$2:$L$526,A90) -> 7.8455052 | L90: — | M90: =Blocos!AU59 -> —
A91: RAMAL 553048 — sai do tronco no poste 553048
A92: 59 | B92: T2 | C92: DJ AL04010004 | D92: 7903565004 | H92: poste 553048 | I92: 0203661004 | J92: =COUNTIFS(Trechos!$L$2:$L$526,A92) -> 1 | K92: =SUMIFS(Trechos!$F$2:$F$526,Trechos!$L$2:$L$526,A92) -> 1.5113904 | L92: — | M92: =Blocos!AU60 -> 0203661004
A93: 60 | B93: T3 | C93: DJ AL04010004 | D93: 7903565004 | E93: 0203661004 | H93: 0203661004 | I93: fim 523601 | J93: =COUNTIFS(Trechos!$L$2:$L$526,A93) -> 1 | K93: =SUMIFS(Trechos!$F$2:$F$526,Trechos!$L$2:$L$526,A93) -> 13.219531 | L93: — | M93: =Blocos!AU61 -> —
A94: RAMAL N201 — sai do tronco no poste N201
A95: 61 | B95: T2 | C95: DJ AL04010004 | D95: 7903565004 | H95: poste N201 | I95: fim N202 | J95: =COUNTIFS(Trechos!$L$2:$L$526,A95) -> 1 | K95: =SUMIFS(Trechos!$F$2:$F$526,Trechos!$L$2:$L$526,A95) -> 5.2273258 | L95: — | M95: =Blocos!AU62 -> —
A96: RAMAL N303 — sai do tronco no poste N303
A97: 62 | B97: T2 | C97: DJ AL04010004 | D97: 7903565004 | E97: 7935867004 | H97: poste N303 | I97: fim N304 | J97: =COUNTIFS(Trechos!$L$2:$L$526,A97) -> 1 | K97: =SUMIFS(Trechos!$F$2:$F$526,Trechos!$L$2:$L$526,A97) -> 5.0759898 | L97: — | M97: =Blocos!AU63 -> —
A98: RAMAL N308 — sai do tronco no poste N308
A99: 63 | B99: T2 | C99: DJ AL04010004 | D99: 7903565004 | E99: 7935867004 | H99: poste N308 | I99: fim N309 | J99: =COUNTIFS(Trechos!$L$2:$L$526,A99) -> 1 | K99: =SUMIFS(Trechos!$F$2:$F$526,Trechos!$L$2:$L$526,A99) -> 1.0964566 | L99: — | M99: =Blocos!AU64 -> —
A100: RAMAL N311 — sai do tronco no poste N311
A101: 64 | B101: T2 | C101: DJ AL04010004 | D101: 7903565004 | E101: 7935867004 | H101: poste N311 | I101: fim 536613 | J101: =COUNTIFS(Trechos!$L$2:$L$526,A101) -> 1 | K101: =SUMIFS(Trechos!$F$2:$F$526,Trechos!$L$2:$L$526,A101) -> 20.753853 | L101: — | M101: =Blocos!AU65 -> —
...

Sheet Consulta
A1: Onde fica este poste?
A2: Digite o código do poste na célula amarela (o poste no fim do vão). A planilha mostra o vão e a sequência desde o DJ.
A4: Poste | B4: 22938819 | C4: ← exemplo
A6: Trecho (vão) | B6: =IFERROR(INDEX(Trechos!$B$2:$B$526,MATCH($B$4,Trechos!$E$2:$E$526,0)),"poste não encontrado") -> TR-525
A7: Poste início | B7: =IFERROR(INDEX(Trechos!$D$2:$D$526,MATCH($B$4,Trechos!$E$2:$E$526,0)),"poste não encontrado") -> N389
A8: Zona | B8: =IFERROR(INDEX(Trechos!$I$2:$I$526,MATCH($B$4,Trechos!$E$2:$E$526,0)),"poste não encontrado") -> T3
A9: Tronco/Ramal | B9: =IFERROR(INDEX(Trechos!$J$2:$J$526,MATCH($B$4,Trechos!$E$2:$E$526,0)),"poste não encontrado") -> Ramal
A10: Ramal | B10: =IFERROR(INDEX(Trechos!$K$2:$K$526,MATCH($B$4,Trechos!$E$2:$E$526,0)),"poste não encontrado") -> Ramal após 0352542004
A11: Bloco | B11: =IFERROR(INDEX(Trechos!$L$2:$L$526,MATCH($B$4,Trechos!$E$2:$E$526,0)),"poste não encontrado") -> 97
A12: Ativo de referência | B12: =IFERROR(INDEX(Trechos!$M$2:$M$526,MATCH($B$4,Trechos!$E$2:$E$526,0)),"poste não encontrado") -> 0352542004
A13: Distância do ativo de referência (m) | B13: =IFERROR(INDEX(Trechos!$H$2:$H$526,MATCH($B$4,Trechos!$E$2:$E$526,0)),"poste não encontrado") -> 20.635027
A14: Distância do DJ (m) | B14: =IFERROR(INDEX(Trechos!$G$2:$G$526,MATCH($B$4,Trechos!$E$2:$E$526,0)),"poste não encontrado") -> 5685.8732
A15: Ativos posteriores englobados | B15: =IFERROR(INDEX(Trechos!$P$2:$P$526,MATCH($B$4,Trechos!$E$2:$E$526,0)),"poste não encontrado") -> —
A16: Outra chave no fim do vão (88…) | B16: =IFERROR(INDEX(Trechos!$R$2:$R$526,MATCH($B$4,Trechos!$E$2:$E$526,0)),"poste não encontrado") -> 0
A17: Caminho desde o DJ | B17: =IFERROR(INDEX(Trechos!$X$2:$X$526,MATCH($B$4,Trechos!$E$2:$E$526,0)),"poste não encontrado") -> DJ AL04010004 › 7903565004 › 7935867004 › 0352542004
A18: Latitude | B18: =IFERROR(INDEX(Trechos!$Y$2:$Y$526,MATCH($B$4,Trechos!$E$2:$E$526,0)),"poste não encontrado") -> -7.188997
A19: Longitude | B19: =IFERROR(INDEX(Trechos!$Z$2:$Z$526,MATCH($B$4,Trechos!$E$2:$E$526,0)),"poste não encontrado") -> -48.206615

Sheet Blocos
A1: Bloco | B1: Zona | C1: Tronco/Ramal | D1: Ramal | E1: Ativo de referência | F1: De | G1: Próximo ativo 1 | H1: Próximo ativo 2 | I1: Próximo ativo 3 | J1: Próximo ativo 4 | K1: Próximo ativo 5 | L1: Próximo ativo 6 | M1: Próximo ativo 7 | N1: Próximo ativo 8 | O1: Próximo ativo 9 | P1: Próximo ativo 10 | Q1: Próximo ativo 11 | R1: Próximo ativo 12 | S1: Próximo ativo 13 | T1: Próximo ativo 14 | U1: Próximo ativo 15 | V1: Próximo ativo 16 | W1: Próximo ativo 17 | X1: Próximo ativo 18 | Y1: Próximo ativo 19 | Z1: Próximo ativo 20 | AA1: Próximo ativo 21 | AB1: Próximo ativo 22 | AC1: Próximo ativo 23 | AD1: Próximo ativo 24 | AE1: Próximo ativo 25 | AF1: Próximo ativo 26 | AG1: Próximo ativo 27 | AH1: Próximo ativo 28 | AI1: Próximo ativo 29 | AJ1: Próximo ativo 30 | AK1: Próximo ativo 31 | AL1: Próximo ativo 32 | AM1: Nível 1 | AN1: Nível 2 | AO1: Nível 3 | AP1: Nível 4 | AQ1: Nível 5 | AR1: Qtd. vãos | AS1: Extensão do bloco (m) | AT1: Qtd. ativos posteriores | AU1: Ativos posteriores (concatenado) | AV1: Outras chaves no bloco (88…) | AW1: Posterior 1 | AX1: Posterior 2 | AY1: Posterior 3 | AZ1: Posterior 4 | BA1: Posterior 5 | BB1: Posterior 6 | BC1: Posterior 7 | BD1: Posterior 8 | BE1: Posterior 9 | BF1: Posterior 10 | BG1: Posterior 11 | BH1: Posterior 12 | BI1: Posterior 13 | BJ1: Posterior 14 | BK1: Posterior 15 | BL1: Posterior 16 | BM1: Posterior 17 | BN1: Posterior 18 | BO1: Posterior 19 | BP1: Posterior 20 | BQ1: Posterior 21 | BR1: Posterior 22 | BS1: Posterior 23 | BT1: Posterior 24 | BU1: Posterior 25 | BV1: Posterior 26 | BW1: Posterior 27 | BX1: Posterior 28 | BY1: Posterior 29 | BZ1: Posterior 30 | CA1: Posterior 31 | CB1: Posterior 32 | CC1: Posterior 33 | CD1: Posterior 34 | CE1: Posterior 35 | CF1: Posterior 36 | CG1: Posterior 37 | CH1: Posterior 38 | CI1: Posterior 39 | CJ1: Posterior 40 | CK1: Posterior 41 | CL1: Posterior 42 | CM1: Posterior 43 | CN1: Posterior 44 | CO1: Posterior 45 | CP1: Posterior 46 | CQ1: Posterior 47 | CR1: Posterior 48 | CS1: Posterior 49 | CT1: Posterior 50 | CU1: Posterior 51 | CV1: Posterior 52 | CW1: Posterior 53
A2: 1 | B2: T1 | C2: Tronco | D2: Tronco | E2: DJ AL04010004 | F2: DJ AL04010004 | G2: 7903565004 | AM2: DJ AL04010004 | AR2: =COUNTIFS(Trechos!$L$2:$L$526,A2) -> 62 | AS2: =SUMIFS(Trechos!$F$2:$F$526,Trechos!$L$2:$L$526,A2) -> 2972.1647 | AT2: =COUNTA(AW2:CW2) -> 53 | AU2: =IF(COUNTA(AW2:CW2)=0,"—",_xlfn.TEXTJOIN(", ",TRUE(),AW2:CW2)) -> 7903565004, 7935867004, 7902218004, 0330915004, 0203711004, 0202227004, 0204190004, 0200482004, 0200484004, 0200489004, 0200490004, 0230938004, 0200492004, 0202676004, 0303862004, 0229036004, 0200495004, 0201153004, 0352542004, 0300603004, 0203117004, 0202175004, 0300600004, 0203661004, 0300596004, 0300588004, 0300591004, 0200593004, 0224749004, 0200583004, 0300584004, 0300585004, 0300582004, 0204195004, 0300578004, 0229381004, 0200580004, 0202671004, 0204249004, 0200868004, 0200573004, 0200571004, 0230252004, 0303731004, 0200556004, 0303973004, 0200550004, 0201875004, 0200549004, 0200548004, 0200547004, 0345761004, 0201072004 | AV2: 8800004004, 8804421004, 8802681004, 8847597004, 8802014004, 8800554004, 8801115004 | AW2: 7903565004 | AX2: 7935867004 | AY2: 7902218004 | AZ2: 0330915004 | BA2: 0203711004 | BB2: 0202227004 | BC2: 0204190004 | BD2: 0200482004 | BE2: 0200484004 | BF2: 0200489004 | BG2: 0200490004 | BH2: 0230938004 | BI2: 0200492004 | BJ2: 0202676004 | BK2: 0303862004 | BL2: 0229036004 | BM2: 0200495004 | BN2: 0201153004 | BO2: 0352542004 | BP2: 0300603004 | BQ2: 0203117004 | BR2: 0202175004 | BS2: 0300600004 | BT2: 0203661004 | BU2: 0300596004 | BV2: 0300588004 | BW2: 0300591004 | BX2: 0200593004 | BY2: 0224749004 | BZ2: 0200583004 | CA2: 0300584004 | CB2: 0300585004 | CC2: 0300582004 | CD2: 0204195004 | CE2: 0300578004 | CF2: 0229381004 | CG2: 0200580004 | CH2: 0202671004 | CI2: 0204249004 | CJ2: 0200868004 | CK2: 0200573004 | CL2: 0200571004 | CM2: 0230252004 | CN2: 0303731004 | CO2: 0200556004 | CP2: 0303973004 | CQ2: 0200550004 | CR2: 0201875004 | CS2: 0200549004 | CT2: 0200548004 | CU2: 0200547004 | CV2: 0345761004 | CW2: 0201072004
A3: 2 | B3: T2 | C3: Tronco | D3: Tronco | E3: 7903565004 | F3: 7903565004 | G3: 7935867004 | AM3: DJ AL04010004 | AN3: 7903565004 | AR3: =COUNTIFS(Trechos!$L$2:$L$526,A3) -> 28 | AS3: =SUMIFS(Trechos!$F$2:$F$526,Trechos!$L$2:$L$526,A3) -> 1067.0564 | AT3: =COUNTA(AW3:CW3) -> 45 | AU3: =IF(COUNTA(AW3:CW3)=0,"—",_xlfn.TEXTJOIN(", ",TRUE(),AW3:CW3)) -> 7935867004, 7902218004, 0330915004, 0203711004, 0202227004, 0204190004, 0200482004, 0200484004, 0200489004, 0200490004, 0230938004, 0200492004, 0202676004, 0303862004, 0229036004, 0200495004, 0201153004, 0352542004, 0300603004, 0203117004, 0202175004, 0300600004, 0203661004, 0300596004, 0300588004, 0300591004, 0200593004, 0224749004, 0200583004, 0300584004, 0300585004, 0300582004, 0204195004, 0300578004, 0229381004, 0200580004, 0202671004, 0204249004, 0200868004, 0200573004, 0200571004, 0230252004, 0303731004, 0200556004, 0303973004 | AV3: 8841355004 | AW3: 7935867004 | AX3: 7902218004 | AY3: 0330915004 | AZ3: 0203711004 | BA3: 0202227004 | BB3: 0204190004 | BC3: 0200482004 | BD3: 0200484004 | BE3: 0200489004 | BF3: 0200490004 | BG3: 0230938004 | BH3: 0200492004 | BI3: 0202676004 | BJ3: 0303862004 | BK3: 0229036004 | BL3: 0200495004 | BM3: 0201153004 | BN3: 0352542004 | BO3: 0300603004 | BP3: 0203117004 | BQ3: 0202175004 | BR3: 0300600004 | BS3: 0203661004 | BT3: 0300596004 | BU3: 0300588004 | BV3: 0300591004 | BW3: 0200593004 | BX3: 0224749004 | BY3: 0200583004 | BZ3: 0300584004 | CA3: 0300585004 | CB3: 0300582004 | CC3: 0204195004 | CD3: 0300578004 | CE3: 0229381004 | CF3: 0200580004 | CG3: 0202671004 | CH3: 0204249004 | CI3: 0200868004 | CJ3: 0200573004 | CK3: 0200571004 | CL3: 0230252004 | CM3: 0303731004 | CN3: 0200556004 | CO3: 0303973004
A4: 3 | B4: T2 | C4: Tronco | D4: Tronco | E4: 7935867004 | F4: 7935867004 | G4: 7902218004 | H4: 0352542004 | I4: 0300603004 | J4: 0203117004 | K4: 0202175004 | L4: 0300600004 | AM4: DJ AL04010004 | AN4: 7903565004 | AO4: 7935867004 | AR4: =COUNTIFS(Trechos!$L$2:$L$526,A4) -> 55 | AS4: =SUMIFS(Trechos!$F$2:$F$526,Trechos!$L$2:$L$526,A4) -> 1795.8328 | AT4: =COUNTA(AW4:CW4) -> 21 | AU4: =IF(COUNTA(AW4:CW4)=0,"—",_xlfn.TEXTJOIN(", ",TRUE(),AW4:CW4)) -> 7902218004, 0330915004, 0203711004, 0202227004, 0204190004, 0200482004, 0200484004, 0200489004, 0200490004, 0230938004, 0200492004, 0202676004, 0303862004, 0229036004, 0200495004, 0201153004, 0352542004, 0300603004, 0203117004, 0202175004, 0300600004 | AV4: 8834608004, 8800606004, 8843255004, 8800599004 | AW4: 7902218004 | AX4: 0330915004 | AY4: 0203711004 | AZ4: 0202227004 | BA4: 0204190004 | BB4: 0200482004 | BC4: 0200484004 | BD4: 0200489004 | BE4: 0200490004 | BF4: 0230938004 | BG4: 0200492004 | BH4: 0202676004 | BI4: 0303862004 | BJ4: 0229036004 | BK4: 0200495004 | BL4: 0201153004 | BM4: 0352542004 | BN4: 0300603004 | BO4: 0203117004 | BP4: 0202175004 | BQ4: 0300600004
A5: 4 | B5: T1 | C5: Ramal | D5: Ramal 587997 | E5: DJ AL04010004 | F5: poste 587997 | G5: fim 25524195 | H5: fim 65878548 | AM5: DJ AL04010004 | AR5: =COUNTIFS(Trechos!$L$2:$L$526,A5) -> 6 | AS5: =SUMIFS(Trechos!$F$2:$F$526,Trechos!$L$2:$L$526,A5) -> 343.48266 | AT5: =COUNTA(AW5:CW5) -> 0 | AU5: =IF(COUNTA(AW5:CW5)=0,"—",_xlfn.TEXTJOIN(", ",TRUE(),AW5:CW5)) -> — | AV5: —
A6: 5 | B6: T1 | C6: Ramal | D6: Ramal 122086 | E6: DJ AL04010004 | F6: poste 122086 | G6: fim N34 | AM6: DJ AL04010004 | AR6: =COUNTIFS(Trechos!$L$2:$L$526,A6) -> 1 | AS6: =SUMIFS(Trechos!$F$2:$F$526,Trechos!$L$2:$L$526,A6) -> 8.4653287 | AT6: =COUNTA(AW6:CW6) -> 0 | AU6: =IF(COUNTA(AW6:CW6)=0,"—",_xlfn.TEXTJOIN(", ",TRUE(),AW6:CW6)) -> — | AV6: —
A7: 6 | B7: T1 | C7: Ramal | D7: Ramal 104546 | E7: DJ AL04010004 | F7: poste 104546 | G7: 0201072004 | AM7: DJ AL04010004 | AR7: =COUNTIFS(Trechos!$L$2:$L$526,A7) -> 1 | AS7: =SUMIFS(Trechos!$F$2:$F$526,Trechos!$L$2:$L$526,A7) -> 1.0068168 | AT7: =COUNTA(AW7:CW7) -> 1 | AU7: =IF(COUNTA(AW7:CW7)=0,"—",_xlfn.TEXTJOIN(", ",TRUE(),AW7:CW7)) -> 0201072004 | AV7: — | AW7: 0201072004
A8: 7 | B8: T3 | C8: Ramal | D8: Ramal 104546 | E8: 0201072004 | F8: 0201072004 | G8: fim N85 | AM8: DJ AL04010004 | AN8: 0201072004 | AR8: =COUNTIFS(Trechos!$L$2:$L$526,A8) -> 2 | AS8: =SUMIFS(Trechos!$F$2:$F$526,Trechos!$L$2:$L$526,A8) -> 22.323525 | AT8: =COUNTA(AW8:CW8) -> 0 | AU8: =IF(COUNTA(AW8:CW8)=0,"—",_xlfn.TEXTJOIN(", ",TRUE(),AW8:CW8)) -> — | AV8: —
A9: 8 | B9: T1 | C9: Ramal | D9: Ramal 33261324 | E9: DJ AL04010004 | F9: poste 33261324 | G9: 0345761004 | AM9: DJ AL04010004 | AR9: =COUNTIFS(Trechos!$L$2:$L$526,A9) -> 1 | AS9: =SUMIFS(Trechos!$F$2:$F$526,Trechos!$L$2:$L$526,A9) -> 1.0205312 | AT9: =COUNTA(AW9:CW9) -> 1 | AU9: =IF(COUNTA(AW9:CW9)=0,"—",_xlfn.TEXTJOIN(", ",TRUE(),AW9:CW9)) -> 0345761004 | AV9: — | AW9: 0345761004
A10: 9 | B10: T3 | C10: Ramal | D10: Ramal 33261324 | E10: 0345761004 | F10: 0345761004 | G10: fim 33308575 | AM10: DJ AL04010004 | AN10: 0345761004 | AR10: =COUNTIFS(Trechos!$L$2:$L$526,A10) -> 1 | AS10: =SUMIFS(Trechos!$F$2:$F$526,Trechos!$L$2:$L$526,A10) -> 8.5499772 | AT10: =COUNTA(AW10:CW10) -> 0 | AU10: =IF(COUNTA(AW10:CW10)=0,"—",_xlfn.TEXTJOIN(", ",TRUE(),AW10:CW10)) -> — | AV10: —
A11: 10 | B11: T1 | C11: Ramal | D11: Ramal 94069 | E11: DJ AL04010004 | F11: poste 94069 | G11: 0200547004 | AM11: DJ AL04010004 | AR11: =COUNTIFS(Trechos!$L$2:$L$526,A11) -> 1 | AS11: =SUMIFS(Trechos!$F$2:$F$526,Trechos!$L$2:$L$526,A11) -> 0.55440619 | AT11: =COUNTA(AW11:CW11) -> 1 | AU11: =IF(COUNTA(AW11:CW11)=0,"—",_xlfn.TEXTJOIN(", ",TRUE(),AW11:CW11)) -> 0200547004 | AV11: — | AW11: 0200547004
A12: 11 | B12: T3 | C12: Ramal | D12: Ramal 94069 | E12: 0200547004 | F12: 0200547004 | G12: fim 94065 | AM12: DJ AL04010004 | AN12: 0200547004 | AR12: =COUNTIFS(Trechos!$L$2:$L$526,A12) -> 1 | AS12: =SUMIFS(Trechos!$F$2:$F$526,Trechos!$L$2:$L$526,A12) -> 3.8390204 | AT12: =COUNTA(AW12:CW12) -> 0 | AU12: =IF(COUNTA(AW12:CW12)=0,"—",_xlfn.TEXTJOIN(", ",TRUE(),AW12:CW12)) -> — | AV12: —
A13: 12 | B13: T1 | C13: Ramal | D13: Ramal 94068 | E13: DJ AL04010004 | F13: poste 94068 | G13: 0200548004 | AM13: DJ AL04010004 | AR13: =COUNTIFS(Trechos!$L$2:$L$526,A13) -> 1 | AS13: =SUMIFS(Trechos!$F$2:$F$526,Trechos!$L$2:$L$526,A13) -> 1.021764 | AT13: =COUNTA(AW13:CW13) -> 1 | AU13: =IF(COUNTA(AW13:CW13)=0,"—",_xlfn.TEXTJOIN(", ",TRUE(),AW13:CW13)) -> 0200548004 | AV13: — | AW13: 0200548004
A14: 13 | B14: T3 | C14: Ramal | D14: Ramal 94068 | E14: 0200548004 | F14: 0200548004 | G14: fim 94064 | AM14: DJ AL04010004 | AN14: 0200548004 | AR14: =COUNTIFS(Trechos!$L$2:$L$526,A14) -> 1 | AS14: =SUMIFS(Trechos!$F$2:$F$526,Trechos!$L$2:$L$526,A14) -> 8.854961 | AT14: =COUNTA(AW14:CW14) -> 0 | AU14: =IF(COUNTA(AW14:CW14)=0,"—",_xlfn.TEXTJOIN(", ",TRUE(),AW14:CW14)) -> — | AV14: —
A15: 14 | B15: T1 | C15: Ramal | D15: Ramal 20392852 | E15: DJ AL04010004 | F15: poste 20392852 | G15: 0200549004 | AM15: DJ AL04010004 | AR15: =COUNTIFS(Trechos!$L$2:$L$526,A15) -> 1 | AS15: =SUMIFS(Trechos!$F$2:$F$526,Trechos!$L$2:$L$526,A15) -> 1.0430959 | AT15: =COUNTA(AW15:CW15) -> 1 | AU15: =IF(COUNTA(AW15:CW15)=0,"—",_xlfn.TEXTJOIN(", ",TRUE(),AW15:CW15)) -> 0200549004 | AV15: — | AW15: 0200549004
A16: 15 | B16: T3 | C16: Ramal | D16: Ramal 20392852 | E16: 0200549004 | F16: 0200549004 | G16: fim 94063 | AM16: DJ AL04010004 | AN16: 0200549004 | AR16: =COUNTIFS(Trechos!$L$2:$L$526,A16) -> 1 | AS16: =SUMIFS(Trechos!$F$2:$F$526,Trechos!$L$2:$L$526,A16) -> 9.0630126 | AT16: =COUNTA(AW16:CW16) -> 0 | AU16: =IF(COUNTA(AW16:CW16)=0,"—",_xlfn.TEXTJOIN(", ",TRUE(),AW16:CW16)) -> — | AV16: —
A17: 16 | B17: T1 | C17: Ramal | D17: Ramal 552519 | E17: DJ AL04010004 | F17: poste 552519 | G17: fim 832105 | AM17: DJ AL04010004 | AR17: =COUNTIFS(Trechos!$L$2:$L$526,A17) -> 2 | AS17: =SUMIFS(Trechos!$F$2:$F$526,Trechos!$L$2:$L$526,A17) -> 79.282946 | AT17: =COUNTA(AW17:CW17) -> 0 | AU17: =IF(COUNTA(AW17:CW17)=0,"—",_xlfn.TEXTJOIN(", ",TRUE(),AW17:CW17)) -> — | AV17: —
A18: 17 | B18: T1 | C18: Ramal | D18: Ramal 272816 | E18: DJ AL04010004 | F18: poste 272816 | G18: 0201875004 | AM18: DJ AL04010004 | AR18: =COUNTIFS(Trechos!$L$2:$L$526,A18) -> 1 | AS18: =SUMIFS(Trechos!$F$2:$F$526,Trechos!$L$2:$L$526,A18) -> 0.95157043 | AT18: =COUNTA(AW18:CW18) -> 1 | AU18: =IF(COUNTA(AW18:CW18)=0,"—",_xlfn.TEXTJOIN(", ",TRUE(),AW18:CW18)) -> 0201875004 | AV18: — | AW18: 0201875004
A19: 18 | B19: T3 | C19: Ramal | D19: Ramal 272816 | E19: 0201875004 | F19: 0201875004 | G19: fim 272817 | AM19: DJ AL04010004 | AN19: 0201875004 | AR19: =COUNTIFS(Trechos!$L$2:$L$526,A19) -> 1 | AS19: =SUMIFS(Trechos!$F$2:$F$526,Trechos!$L$2:$L$526,A19) -> 8.6844675 | AT19: =COUNTA(AW19:CW19) -> 0 | AU19: =IF(COUNTA(AW19:CW19)=0,"—",_xlfn.TEXTJOIN(", ",TRUE(),AW19:CW19)) -> — | AV19: —
A20: 19 | B20: T1 | C20: Ramal | D20: Ramal 94067 | E20: DJ AL04010004 | F20: poste 94067 | G20: 0200550004 | AM20: DJ AL04010004 | AR20: =COUNTIFS(Trechos!$L$2:$L$526,A20) -> 1 | AS20: =SUMIFS(Trechos!$F$2:$F$526,Trechos!$L$2:$L$526,A20) -> 0.86567317 | AT20: =COUNTA(AW20:CW20) -> 1 | AU20: =IF(COUNTA(AW20:CW20)=0,"—",_xlfn.TEXTJOIN(", ",TRUE(),AW20:CW20)) -> 0200550004 | AV20: — | AW20: 0200550004
A21: 20 | B21: T3 | C21: Ramal | D21: Ramal 94067 | E21: 0200550004 | F21: 0200550004 | G21: fim N96 | H21: fim N97 | AM21: DJ AL04010004 | AN21: 0200550004 | AR21: =COUNTIFS(Trechos!$L$2:$L$526,A21) -> 3 | AS21: =SUMIFS(Trechos!$F$2:$F$526,Trechos!$L$2:$L$526,A21) -> 46.711058 | AT21: =COUNTA(AW21:CW21) -> 0 | AU21: =IF(COUNTA(AW21:CW21)=0,"—",_xlfn.TEXTJOIN(", ",TRUE(),AW21:CW21)) -> — | AV21: —
A22: 21 | B22: T1 | C22: Ramal | D22: Ramal 26974937 | E22: DJ AL04010004 | F22: poste 26974937 | G22: fim 106594 | H22: fim 538410 | I22: fim 539777 | J22: fim 550142 | K22: fim 539569 | L22: fim 535127 | M22: fim 538391 | N22: fim 536377 | O22: fim N123 | AM22: DJ AL04010004 | AR22: =COUNTIFS(Trechos!$L$2:$L$526,A22) -> 24 | AS22: =SUMIFS(Trechos!$F$2:$F$526,Trechos!$L$2:$L$526,A22) -> 1142.2202 | AT22: =COUNTA(AW22:CW22) -> 0 | AU22: =IF(COUNTA(AW22:CW22)=0,"—",_xlfn.TEXTJOIN(", ",TRUE(),AW22:CW22)) -> — | AV22: —
A23: 22 | B23: T1 | C23: Ramal | D23: Ramal 550921 | E23: DJ AL04010004 | F23: poste 550921 | G23: fim N82 | H23: fim N122 | AM23: DJ AL04010004 | AR23: =COUNTIFS(Trechos!$L$2:$L$526,A23) -> 10 | AS23: =SUMIFS(Trechos!$F$2:$F$526,Trechos!$L$2:$L$526,A23) -> 134.24053 | AT23: =COUNTA(AW23:CW23) -> 0 | AU23: =IF(COUNTA(AW23:CW23)=0,"—",_xlfn.TEXTJOIN(", ",TRUE(),AW23:CW23)) -> — | AV23: —
A24: 23 | B24: T1 | C24: Ramal | D24: Ramal N68 | E24: DJ AL04010004 | F24: poste N68 | G24: fim 308076 | AM24: DJ AL04010004 | AR24: =COUNTIFS(Trechos!$L$2:$L$526,A24) -> 1 | AS24: =SUMIFS(Trechos!$F$2:$F$526,Trechos!$L$2:$L$526,A24) -> 41.768705 | AT24: =COUNTA(AW24:CW24) -> 0 | AU24: =IF(COUNTA(AW24:CW24)=0,"—",_xlfn.TEXTJOIN(", ",TRUE(),AW24:CW24)) -> — | AV24: —
A25: 24 | B25: T1 | C25: Ramal | D25: Ramal N77 | E25: DJ AL04010004 | F25: poste N77 | G25: fim N78 | AM25: DJ AL04010004 | AR25: =COUNTIFS(Trechos!$L$2:$L$526,A25) -> 1 | AS25: =SUMIFS(Trechos!$F$2:$F$526,Trechos!$L$2:$L$526,A25) -> 5.4735809 | AT25: =COUNTA(AW25:CW25) -> 0 | AU25: =IF(COUNTA(AW25:CW25)=0,"—",_xlfn.TEXTJOIN(", ",TRUE(),AW25:CW25)) -> — | AV25: —
A26: 25 | B26: T2 | C26: Ramal | D26: Ramal N127 | E26: 7903565004 | F26: poste N127 | G26: fim N128 | AM26: DJ AL04010004 | AN26: 7903565004 | AR26: =COUNTIFS(Trechos!$L$2:$L$526,A26) -> 1 | AS26: =SUMIFS(Trechos!$F$2:$F$526,Trechos!$L$2:$L$526,A26) -> 4.263923 | AT26: =COUNTA(AW26:CW26) -> 0 | AU26: =IF(COUNTA(AW26:CW26)=0,"—",_xlfn.TEXTJOIN(", ",TRUE(),AW26:CW26)) -> — | AV26: —
A27: 26 | B27: T2 | C27: Ramal | D27: Ramal do 0303973004 | E27: 7903565004 | F27: poste N130 | G27: fim 30002378 | H27: 0303973004 | I27: fim 30002218 | AM27: DJ AL04010004 | AN27: 7903565004 | AR27: =COUNTIFS(Trechos!$L$2:$L$526,A27) -> 8 | AS27: =SUMIFS(Trechos!$F$2:$F$526,Trechos!$L$2:$L$526,A27) -> 193.17717 | AT27: =COUNTA(AW27:CW27) -> 1 | AU27: =IF(COUNTA(AW27:CW27)=0,"—",_xlfn.TEXTJOIN(", ",TRUE(),AW27:CW27)) -> 0303973004 | AV27: 8845029004 | AW27: 0303973004
A28: 27 | B28: T3 | C28: Ramal | D28: Ramal do 0303973004 | E28: 0303973004 | F28: 0303973004 | G28: fim N144 | AM28: DJ AL04010004 | AN28: 7903565004 | AO28: 0303973004 | AR28: =COUNTIFS(Trechos!$L$2:$L$526,A28) -> 2 | AS28: =SUMIFS(Trechos!$F$2:$F$526,Trechos!$L$2:$L$526,A28) -> 34.30462 | AT28: =COUNTA(AW28:CW28) -> 0 | AU28: =IF(COUNTA(AW28:CW28)=0,"—",_xlfn.TEXTJOIN(", ",TRUE(),AW28:CW28)) -> — | AV28: —
A29: 28 | B29: T2 | C29: Ramal | D29: Ramal 122229 | E29: 7903565004 | F29: poste 122229 | G29: 0200556004 | AM29: DJ AL04010004 | AN29: 7903565004 | AR29: =COUNTIFS(Trechos!$L$2:$L$526,A29) -> 1 | AS29: =SUMIFS(Trechos!$F$2:$F$526,Trechos!$L$2:$L$526,A29) -> 2.9054667 | AT29: =COUNTA(AW29:CW29) -> 1 | AU29: =IF(COUNTA(AW29:CW29)=0,"—",_xlfn.TEXTJOIN(", ",TRUE(),AW29:CW29)) -> 0200556004 | AV29: — | AW29: 0200556004
A30: 29 | B30: T3 | C30: Ramal | D30: Ramal 122229 | E30: 0200556004 | F30: 0200556004 | G30: fim N260 | AM30: DJ AL04010004 | AN30: 7903565004 | AO30: 0200556004 | AR30: =COUNTIFS(Trechos!$L$2:$L$526,A30) -> 2 | AS30: =SUMIFS(Trechos!$F$2:$F$526,Trechos!$L$2:$L$526,A30) -> 41.706607 | AT30: =COUNTA(AW30:CW30) -> 0 | AU30: =IF(COUNTA(AW30:CW30)=0,"—",_xlfn.TEXTJOIN(", ",TRUE(),AW30:CW30)) -> — | AV30: —
A31: 30 | B31: T2 | C31: Ramal | D31: Ramal 550125 | E31: 7903565004 | F31: poste 550125 | G31: fim 94055 | AM31: DJ AL04010004 | AN31: 7903565004 | AR31: =COUNTIFS(Trechos!$L$2:$L$526,A31) -> 2 | AS31: =SUMIFS(Trechos!$F$2:$F$526,Trechos!$L$2:$L$526,A31) -> 22.039154 | AT31: =COUNTA(AW31:CW31) -> 0 | AU31: =IF(COUNTA(AW31:CW31)=0,"—",_xlfn.TEXTJOIN(", ",TRUE(),AW31:CW31)) -> — | AV31: —
A32: 31 | B32: T2 | C32: Ramal | D32: Ramal 122230 | E32: 7903565004 | F32: poste 122230 | G32: 0303731004 | AM32: DJ AL04010004 | AN32: 7903565004 | AR32: =COUNTIFS(Trechos!$L$2:$L$526,A32) -> 2 | AS32: =SUMIFS(Trechos!$F$2:$F$526,Trechos!$L$2:$L$526,A32) -> 5.3811234 | AT32: =COUNTA(AW32:CW32) -> 1 | AU32: =IF(COUNTA(AW32:CW32)=0,"—",_xlfn.TEXTJOIN(", ",TRUE(),AW32:CW32)) -> 0303731004 | AV32: — | AW32: 0303731004
A33: 32 | B33: T3 | C33: Ramal | D33: Ramal 122230 | E33: 0303731004 | F33: 0303731004 | G33: fim 553594 | H33: fim 552526 | I33: fim 537929 | AM33: DJ AL04010004 | AN33: 7903565004 | AO33: 0303731004 | AR33: =COUNTIFS(Trechos!$L$2:$L$526,A33) -> 5 | AS33: =SUMIFS(Trechos!$F$2:$F$526,Trechos!$L$2:$L$526,A33) -> 167.98351 | AT33: =COUNTA(AW33:CW33) -> 0 | AU33: =IF(COUNTA(AW33:CW33)=0,"—",_xlfn.TEXTJOIN(", ",TRUE(),AW33:CW33)) -> — | AV33: —
A34: 33 | B34: T2 | C34: Ramal | D34: Ramal 1326106 | E34: 7903565004 | F34: poste 1326106 | G34: 0230252004 | AM34: DJ AL04010004 | AN34: 7903565004 | AR34: =COUNTIFS(Trechos!$L$2:$L$526,A34) -> 1 | AS34: =SUMIFS(Trechos!$F$2:$F$526,Trechos!$L$2:$L$526,A34) -> 1.0879701 | AT34: =COUNTA(AW34:CW34) -> 1 | AU34: =IF(COUNTA(AW34:CW34)=0,"—",_xlfn.TEXTJOIN(", ",TRUE(),AW34:CW34)) -> 0230252004 | AV34: — | AW34: 0230252004
A35: 34 | B35: T3 | C35: Ramal | D35: Ramal 1326106 | E35: 0230252004 | F35: 0230252004 | G35: fim N263 | AM35: DJ AL04010004 | AN35: 7903565004 | AO35: 0230252004 | AR35: =COUNTIFS(Trechos!$L$2:$L$526,A35) -> 2 | AS35: =SUMIFS(Trechos!$F$2:$F$526,Trechos!$L$2:$L$526,A35) -> 24.734505 | AT35: =COUNTA(AW35:CW35) -> 0 | AU35: =IF(COUNTA(AW35:CW35)=0,"—",_xlfn.TEXTJOIN(", ",TRUE(),AW35:CW35)) -> — | AV35: —
A36: 35 | B36: T2 | C36: Ramal | D36: Ramal do 0200571004 | E36: 7903565004 | F36: poste N157 | G36: 0200571004 | AM36: DJ AL04010004 | AN36: 7903565004 | AR36: =COUNTIFS(Trechos!$L$2:$L$526,A36) -> 1 | AS36: =SUMIFS(Trechos!$F$2:$F$526,Trechos!$L$2:$L$526,A36) -> 2.7820614 | AT36: =COUNTA(AW36:CW36) -> 1 | AU36: =IF(COUNTA(AW36:CW36)=0,"—",_xlfn.TEXTJOIN(", ",TRUE(),AW36:CW36)) -> 0200571004 | AV36: — | AW36: 0200571004
A37: 36 | B37: T3 | C37: Ramal | D37: Ramal do 0200571004 | E37: 0200571004 | F37: 0200571004 | G37: fim 94371 | AM37: DJ AL04010004 | AN37: 7903565004 | AO37: 0200571004 | AR37: =COUNTIFS(Trechos!$L$2:$L$526,A37) -> 1 | AS37: =SUMIFS(Trechos!$F$2:$F$526,Trechos!$L$2:$L$526,A37) -> 25.030774 | AT37: =COUNTA(AW37:CW37) -> 0 | AU37: =IF(COUNTA(AW37:CW37)=0,"—",_xlfn.TEXTJOIN(", ",TRUE(),AW37:CW37)) -> — | AV37: —
A38: 37 | B38: T2 | C38: Ramal | D38: Ramal 94187 | E38: 7903565004 | F38: poste 94187 | G38: fim N162 | H38: 0200573004 | AM38: DJ AL04010004 | AN38: 7903565004 | AR38: =COUNTIFS(Trechos!$L$2:$L$526,A38) -> 3 | AS38: =SUMIFS(Trechos!$F$2:$F$526,Trechos!$L$2:$L$526,A38) -> 44.461056 | AT38: =COUNTA(AW38:CW38) -> 1 | AU38: =IF(COUNTA(AW38:CW38)=0,"—",_xlfn.TEXTJOIN(", ",TRUE(),AW38:CW38)) -> 0200573004 | AV38: — | AW38: 0200573004
A39: 38 | B39: T3 | C39: Ramal | D39: Ramal 94187 | E39: 0200573004 | F39: 0200573004 | G39: fim 94185 | AM39: DJ AL04010004 | AN39: 7903565004 | AO39: 0200573004 | AR39: =COUNTIFS(Trechos!$L$2:$L$526,A39) -> 1 | AS39: =SUMIFS(Trechos!$F$2:$F$526,Trechos!$L$2:$L$526,A39) -> 22.705485 | AT39: =COUNTA(AW39:CW39) -> 0 | AU39: =IF(COUNTA(AW39:CW39)=0,"—",_xlfn.TEXTJOIN(", ",TRUE(),AW39:CW39)) -> — | AV39: —
A40: 39 | B40: T2 | C40: Ramal | D40: Ramal 101058 | E40: 7903565004 | F40: poste 101058 | G40: 0200868004 | AM40: DJ AL04010004 | AN40: 7903565004 | AR40: =COUNTIFS(Trechos!$L$2:$L$526,A40) -> 1 | AS40: =SUMIFS(Trechos!$F$2:$F$526,Trechos!$L$2:$L$526,A40) -> 1.3907679 | AT40: =COUNTA(AW40:CW40) -> 1 | AU40: =IF(COUNTA(AW40:CW40)=0,"—",_xlfn.TEXTJOIN(", ",TRUE(),AW40:CW40)) -> 0200868004 | AV40: — | AW40: 0200868004
A41: 40 | B41: T3 | C41: Ramal | D41: Ramal 101058 | E41: 0200868004 | F41: 0200868004 | G41: fim 101057 | AM41: DJ AL04010004 | AN41: 7903565004 | AO41: 0200868004 | AR41: =COUNTIFS(Trechos!$L$2:$L$526,A41) -> 1 | AS41: =SUMIFS(Trechos!$F$2:$F$526,Trechos!$L$2:$L$526,A41) -> 12.940575 | AT41: =COUNTA(AW41:CW41) -> 0 | AU41: =IF(COUNTA(AW41:CW41)=0,"—",_xlfn.TEXTJOIN(", ",TRUE(),AW41:CW41)) -> — | AV41: —
A42: 41 | B42: T2 | C42: Ramal | D42: Ramal 94183 | E42: 7903565004 | F42: poste 94183 | G42: fim 533113 | H42: 0200583004 | I42: 0300584004 | J42: 0300582004 | K42: 0204195004 | L42: 0300578004 | M42: 0202671004 | N42: 0204249004 | AM42: DJ AL04010004 | AN42: 7903565004 | AR42: =COUNTIFS(Trechos!$L$2:$L$526,A42) -> 27 | AS42: =SUMIFS(Trechos!$F$2:$F$526,Trechos!$L$2:$L$526,A42) -> 711.97471 | AT42: =COUNTA(AW42:CW42) -> 10 | AU42: =IF(COUNTA(AW42:CW42)=0,"—",_xlfn.TEXTJOIN(", ",TRUE(),AW42:CW42)) -> 0200583004, 0300584004, 0300585004, 0300582004, 0204195004, 0300578004, 0229381004, 0200580004, 0202671004, 0204249004 | AV42: 8800577004, 8857503004 | AW42: 0200583004 | AX42: 0300584004 | AY42: 0300585004 | AZ42: 0300582004 | BA42: 0204195004 | BB42: 0300578004 | BC42: 0229381004 | BD42: 0200580004 | BE42: 0202671004 | BF42: 0204249004
A43: 42 | B43: T3 | C43: Ramal | D43: Ramal 94183 | E43: 0200583004 | F43: 0200583004 | G43: fim N298 | H43: fim N299 | I43: fim 94374 | AM43: DJ AL04010004 | AN43: 7903565004 | AO43: 0200583004 | AR43: =COUNTIFS(Trechos!$L$2:$L$526,A43) -> 4 | AS43: =SUMIFS(Trechos!$F$2:$F$526,Trechos!$L$2:$L$526,A43) -> 43.873135 | AT43: =COUNTA(AW43:CW43) -> 0 | AU43: =IF(COUNTA(AW43:CW43)=0,"—",_xlfn.TEXTJOIN(", ",TRUE(),AW43:CW43)) -> — | AV43: —
A44: 43 | B44: T3 | C44: Ramal | D44: Ramal 94183 | E44: 0300584004 | F44: 0300584004 | G44: fim N254 | H44: fim N301 | I44: fim N256 | J44: fim 557529 | K44: fim 557252 | L44: fim 586071 | M44: fim 586061 | N44: 0300585004 | AM44: DJ AL04010004 | AN44: 7903565004 | AO44: 0300584004 | AR44: =COUNTIFS(Trechos!$L$2:$L$526,A44) -> 22 | AS44: =SUMIFS(Trechos!$F$2:$F$526,Trechos!$L$2:$L$526,A44) -> 610.20803 | AT44: =COUNTA(AW44:CW44) -> 1 | AU44: =IF(COUNTA(AW44:CW44)=0,"—",_xlfn.TEXTJOIN(", ",TRUE(),AW44:CW44)) -> 0300585004 | AV44: — | AW44: 0300585004
A45: 44 | B45: T4 | C45: Ramal | D45: Ramal 94183 | E45: 0300585004 | F45: 0300585004 | G45: fim 94372 | AM45: DJ AL04010004 | AN45: 7903565004 | AO45: 0300584004 | AP45: 0300585004 | AR45: =COUNTIFS(Trechos!$L$2:$L$526,A45) -> 1 | AS45: =SUMIFS(Trechos!$F$2:$F$526,Trechos!$L$2:$L$526,A45) -> 11.241954 | AT45: =COUNTA(AW45:CW45) -> 0 | AU45: =IF(COUNTA(AW45:CW45)=0,"—",_xlfn.TEXTJOIN(", ",TRUE(),AW45:CW45)) -> — | AV45: —
A46: 45 | B46: T3 | C46: Ramal | D46: Ramal 94183 | E46: 0300582004 | F46: 0300582004 | G46: fim 122056 | AM46: DJ AL04010004 | AN46: 7903565004 | AO46: 0300582004 | AR46: =COUNTIFS(Trechos!$L$2:$L$526,A46) -> 3 | AS46: =SUMIFS(Trechos!$F$2:$F$526,Trechos!$L$2:$L$526,A46) -> 234.70329 | AT46: =COUNTA(AW46:CW46) -> 0 | AU46: =IF(COUNTA(AW46:CW46)=0,"—",_xlfn.TEXTJOIN(", ",TRUE(),AW46:CW46)) -> — | AV46: —
A47: 46 | B47: T3 | C47: Ramal | D47: Ramal 94183 | E47: 0204195004 | F47: 0204195004 | G47: fim N279 | AM47: DJ AL04010004 | AN47: 7903565004 | AO47: 0204195004 | AR47: =COUNTIFS(Trechos!$L$2:$L$526,A47) -> 2 | AS47: =SUMIFS(Trechos!$F$2:$F$526,Trechos!$L$2:$L$526,A47) -> 11.190913 | AT47: =COUNTA(AW47:CW47) -> 0 | AU47: =IF(COUNTA(AW47:CW47)=0,"—",_xlfn.TEXTJOIN(", ",TRUE(),AW47:CW47)) -> — | AV47: —
A48: 47 | B48: T3 | C48: Ramal | D48: Ramal 94183 | E48: 0300578004 | F48: 0300578004 | G48: fim 1437863 | H48: 0229381004 | I48: fim 553590 | J48: 0200580004 | AM48: DJ AL04010004 | AN48: 7903565004 | AO48: 0300578004 | AR48: =COUNTIFS(Trechos!$L$2:$L$526,A48) -> 12 | AS48: =SUMIFS(Trechos!$F$2:$F$526,Trechos!$L$2:$L$526,A48) -> 364.46104 | AT48: =COUNTA(AW48:CW48) -> 2 | AU48: =IF(COUNTA(AW48:CW48)=0,"—",_xlfn.TEXTJOIN(", ",TRUE(),AW48:CW48)) -> 0229381004, 0200580004 | AV48: — | AW48: 0229381004 | AX48: 0200580004
A49: 48 | B49: T4 | C49: Ramal | D49: Ramal 94183 | E49: 0229381004 | F49: 0229381004 | G49: fim N291 | AM49: DJ AL04010004 | AN49: 7903565004 | AO49: 0300578004 | AP49: 0229381004 | AR49: =COUNTIFS(Trechos!$L$2:$L$526,A49) -> 2 | AS49: =SUMIFS(Trechos!$F$2:$F$526,Trechos!$L$2:$L$526,A49) -> 25.122792 | AT49: =COUNTA(AW49:CW49) -> 0 | AU49: =IF(COUNTA(AW49:CW49)=0,"—",_xlfn.TEXTJOIN(", ",TRUE(),AW49:CW49)) -> — | AV49: —
A50: 49 | B50: T4 | C50: Ramal | D50: Ramal 94183 | E50: 0200580004 | F50: 0200580004 | G50: fim 94180 | AM50: DJ AL04010004 | AN50: 7903565004 | AO50: 0300578004 | AP50: 0200580004 | AR50: =COUNTIFS(Trechos!$L$2:$L$526,A50) -> 1 | AS50: =SUMIFS(Trechos!$F$2:$F$526,Trechos!$L$2:$L$526,A50) -> 14.279954 | AT50: =COUNTA(AW50:CW50) -> 0 | AU50: =IF(COUNTA(AW50:CW50)=0,"—",_xlfn.TEXTJOIN(", ",TRUE(),AW50:CW50)) -> — | AV50: —
A51: 50 | B51: T3 | C51: Ramal | D51: Ramal 94183 | E51: 0202671004 | F51: 0202671004 | G51: fim N275 | H51: fim 539567 | AM51: DJ AL04010004 | AN51: 7903565004 | AO51: 0202671004 | AR51: =COUNTIFS(Trechos!$L$2:$L$526,A51) -> 3 | AS51: =SUMIFS(Trechos!$F$2:$F$526,Trechos!$L$2:$L$526,A51) -> 45.920425 | AT51: =COUNTA(AW51:CW51) -> 0 | AU51: =IF(COUNTA(AW51:CW51)=0,"—",_xlfn.TEXTJOIN(", ",TRUE(),AW51:CW51)) -> — | AV51: —
A52: 51 | B52: T3 | C52: Ramal | D52: Ramal 94183 | E52: 0204249004 | F52: 0204249004 | G52: fim 1069064 | AM52: DJ AL04010004 | AN52: 7903565004 | AO52: 0204249004 | AR52: =COUNTIFS(Trechos!$L$2:$L$526,A52) -> 1 | AS52: =SUMIFS(Trechos!$F$2:$F$526,Trechos!$L$2:$L$526,A52) -> 28.350099 | AT52: =COUNTA(AW52:CW52) -> 0 | AU52: =IF(COUNTA(AW52:CW52)=0,"—",_xlfn.TEXTJOIN(", ",TRUE(),AW52:CW52)) -> — | AV52: —
A53: 52 | B53: T2 | C53: Ramal | D53: Ramal do 0300588004 | E53: 7903565004 | F53: poste N170 | G53: fim 42957414 | H53: 0300588004 | AM53: DJ AL04010004 | AN53: 7903565004 | AR53: =COUNTIFS(Trechos!$L$2:$L$526,A53) -> 6 | AS53: =SUMIFS(Trechos!$F$2:$F$526,Trechos!$L$2:$L$526,A53) -> 139.88952 | AT53: =COUNTA(AW53:CW53) -> 4 | AU53: =IF(COUNTA(AW53:CW53)=0,"—",_xlfn.TEXTJOIN(", ",TRUE(),AW53:CW53)) -> 0300588004, 0300591004, 0200593004, 0224749004 | AV53: 8855214004 | AW53: 0300588004 | AX53: 0300591004 | AY53: 0200593004 | AZ53: 0224749004
A54: 53 | B54: T3 | C54: Ramal | D54: Ramal do 0300588004 | E54: 0300588004 | F54: 0300588004 | G54: 0300591004 | H54: fim 94367 | I54: fim 1428201 | AM54: DJ AL04010004 | AN54: 7903565004 | AO54: 0300588004 | AR54: =COUNTIFS(Trechos!$L$2:$L$526,A54) -> 6 | AS54: =SUMIFS(Trechos!$F$2:$F$526,Trechos!$L$2:$L$526,A54) -> 246.3269 | AT54: =COUNTA(AW54:CW54) -> 3 | AU54: =IF(COUNTA(AW54:CW54)=0,"—",_xlfn.TEXTJOIN(", ",TRUE(),AW54:CW54)) -> 0300591004, 0200593004, 0224749004 | AV54: — | AW54: 0300591004 | AX54: 0200593004 | AY54: 0224749004
A55: 54 | B55: T4 | C55: Ramal | D55: Ramal do 0300588004 | E55: 0300591004 | F55: 0300591004 | G55: fim 552788 | H55: fim N257 | I55: fim 94363 | J55: 0200593004 | K55: fim 538645 | L55: fim 585929 | M55: fim 1107345 | N55: 0224749004 | O55: fim 533105 | AM55: DJ AL04010004 | AN55: 7903565004 | AO55: 0300588004 | AP55: 0300591004 | AR55: =COUNTIFS(Trechos!$L$2:$L$526,A55) -> 16 | AS55: =SUMIFS(Trechos!$F$2:$F$526,Trechos!$L$2:$L$526,A55) -> 884.11585 | AT55: =COUNTA(AW55:CW55) -> 2 | AU55: =IF(COUNTA(AW55:CW55)=0,"—",_xlfn.TEXTJOIN(", ",TRUE(),AW55:CW55)) -> 0200593004, 0224749004 | AV55: — | AW55: 0200593004 | AX55: 0224749004
A56: 55 | B56: T5 | C56: Ramal | D56: Ramal do 0300588004 | E56: 0200593004 | F56: 0200593004 | G56: fim 94364 | AM56: DJ AL04010004 | AN56: 7903565004 | AO56: 0300588004 | AP56: 0300591004 | AQ56: 0200593004 | AR56: =COUNTIFS(Trechos!$L$2:$L$526,A56) -> 1 | AS56: =SUMIFS(Trechos!$F$2:$F$526,Trechos!$L$2:$L$526,A56) -> 8.0803332 | AT56: =COUNTA(AW56:CW56) -> 0 | AU56: =IF(COUNTA(AW56:CW56)=0,"—",_xlfn.TEXTJOIN(", ",TRUE(),AW56:CW56)) -> — | AV56: —
A57: 56 | B57: T5 | C57: Ramal | D57: Ramal do 0300588004 | E57: 0224749004 | F57: 0224749004 | G57: fim N295 | AM57: DJ AL04010004 | AN57: 7903565004 | AO57: 0300588004 | AP57: 0300591004 | AQ57: 0224749004 | AR57: =COUNTIFS(Trechos!$L$2:$L$526,A57) -> 2 | AS57: =SUMIFS(Trechos!$F$2:$F$526,Trechos!$L$2:$L$526,A57) -> 28.908453 | AT57: =COUNTA(AW57:CW57) -> 0 | AU57: =IF(COUNTA(AW57:CW57)=0,"—",_xlfn.TEXTJOIN(", ",TRUE(),AW57:CW57)) -> — | AV57: —
A58: 57 | B58: T2 | C58: Ramal | D58: Ramal 94361 | E58: 7903565004 | F58: poste 94361 | G58: 0300596004 | AM58: DJ AL04010004 | AN58: 7903565004 | AR58: =COUNTIFS(Trechos!$L$2:$L$526,A58) -> 1 | AS58: =SUMIFS(Trechos!$F$2:$F$526,Trechos!$L$2:$L$526,A58) -> 1.0467024 | AT58: =COUNTA(AW58:CW58) -> 1 | AU58: =IF(COUNTA(AW58:CW58)=0,"—",_xlfn.TEXTJOIN(", ",TRUE(),AW58:CW58)) -> 0300596004 | AV58: — | AW58: 0300596004
A59: 58 | B59: T3 | C59: Ramal | D59: Ramal 94361 | E59: 0300596004 | F59: 0300596004 | G59: fim 94360 | AM59: DJ AL04010004 | AN59: 7903565004 | AO59: 0300596004 | AR59: =COUNTIFS(Trechos!$L$2:$L$526,A59) -> 1 | AS59: =SUMIFS(Trechos!$F$2:$F$526,Trechos!$L$2:$L$526,A59) -> 7.8455052 | AT59: =COUNTA(AW59:CW59) -> 0 | AU59: =IF(COUNTA(AW59:CW59)=0,"—",_xlfn.TEXTJOIN(", ",TRUE(),AW59:CW59)) -> — | AV59: —
A60: 59 | B60: T2 | C60: Ramal | D60: Ramal 553048 | E60: 7903565004 | F60: poste 553048 | G60: 0203661004 | AM60: DJ AL04010004 | AN60: 7903565004 | AR60: =COUNTIFS(Trechos!$L$2:$L$526,A60) -> 1 | AS60: =SUMIFS(Trechos!$F$2:$F$526,Trechos!$L$2:$L$526,A60) -> 1.5113904 | AT60: =COUNTA(AW60:CW60) -> 1 | AU60: =IF(COUNTA(AW60:CW60)=0,"—",_xlfn.TEXTJOIN(", ",TRUE(),AW60:CW60)) -> 0203661004 | AV60: — | AW60: 0203661004
A61: 60 | B61: T3 | C61: Ramal | D61: Ramal 553048 | E61: 0203661004 | F61: 0203661004 | G61: fim 523601 | AM61: DJ AL04010004 | AN61: 7903565004 | AO61: 0203661004 | AR61: =COUNTIFS(Trechos!$L$2:$L$526,A61) -> 1 | AS61: =SUMIFS(Trechos!$F$2:$F$526,Trechos!$L$2:$L$526,A61) -> 13.219531 | AT61: =COUNTA(AW61:CW61) -> 0 | AU61: =IF(COUNTA(AW61:CW61)=0,"—",_xlfn.TEXTJOIN(", ",TRUE(),AW61:CW61)) -> — | AV61: —
A62: 61 | B62: T2 | C62: Ramal | D62: Ramal N201 | E62: 7903565004 | F62: poste N201 | G62: fim N202 | AM62: DJ AL04010004 | AN62: 7903565004 | AR62: =COUNTIFS(Trechos!$L$2:$L$526,A62) -> 1 | AS62: =SUMIFS(Trechos!$F$2:$F$526,Trechos!$L$2:$L$526,A62) -> 5.2273258 | AT62: =COUNTA(AW62:CW62) -> 0 | AU62: =IF(COUNTA(AW62:CW62)=0,"—",_xlfn.TEXTJOIN(", ",TRUE(),AW62:CW62)) -> — | AV62: —
A63: 62 | B63: T2 | C63: Ramal | D63: Ramal N303 | E63: 7935867004 | F63: poste N303 | G63: fim N304 | AM63: DJ AL04010004 | AN63: 7903565004 | AO63: 7935867004 | AR63: =COUNTIFS(Trechos!$L$2:$L$526,A63) -> 1 | AS63: =SUMIFS(Trechos!$F$2:$F$526,Trechos!$L$2:$L$526,A63) -> 5.0759898 | AT63: =COUNTA(AW63:CW63) -> 0 | AU63: =IF(COUNTA(AW63:CW63)=0,"—",_xlfn.TEXTJOIN(", ",TRUE(),AW63:CW63)) -> — | AV63: —
A64: 63 | B64: T2 | C64: Ramal | D64: Ramal N308 | E64: 7935867004 | F64: poste N308 | G64: fim N309 | AM64: DJ AL04010004 | AN64: 7903565004 | AO64: 7935867004 | AR64: =COUNTIFS(Trechos!$L$2:$L$526,A64) -> 1 | AS64: =SUMIFS(Trechos!$F$2:$F$526,Trechos!$L$2:$L$526,A64) -> 1.0964566 | AT64: =COUNTA(AW64:CW64) -> 0 | AU64: =IF(COUNTA(AW64:CW64)=0,"—",_xlfn.TEXTJOIN(", ",TRUE(),AW64:CW64)) -> — | AV64: —
A65: 64 | B65: T2 | C65: Ramal | D65: Ramal N311 | E65: 7935867004 | F65: poste N311 | G65: fim 536613 | AM65: DJ AL04010004 | AN65: 7903565004 | AO65: 7935867004 | AR65: =COUNTIFS(Trechos!$L$2:$L$526,A65) -> 1 | AS65: =SUMIFS(Trechos!$F$2:$F$526,Trechos!$L$2:$L$526,A65) -> 20.753853 | AT65: =COUNTA(AW65:CW65) -> 0 | AU65: =IF(COUNTA(AW65:CW65)=0,"—",_xlfn.TEXTJOIN(", ",TRUE(),AW65:CW65)) -> — | AV65: —
A66: 65 | B66: T3 | C66: Ramal | D66: Ramal após 0300600004 | E66: 0300600004 | F66: 0300600004 | G66: fim N318 | H66: fim N320 | AM66: DJ AL04010004 | AN66: 7903565004 | AO66: 7935867004 | AP66: 0300600004 | AR66: =COUNTIFS(Trechos!$L$2:$L$526,A66) -> 4 | AS66: =SUMIFS(Trechos!$F$2:$F$526,Trechos!$L$2:$L$526,A66) -> 11.438129 | AT66: =COUNTA(AW66:CW66) -> 0 | AU66: =IF(COUNTA(AW66:CW66)=0,"—",_xlfn.TEXTJOIN(", ",TRUE(),AW66:CW66)) -> — | AV66: —
A67: 66 | B67: T2 | C67: Ramal | D67: Ramal N322 | E67: 7935867004 | F67: poste N322 | G67: fim 590541 | AM67: DJ AL04010004 | AN67: 7903565004 | AO67: 7935867004 | AR67: =COUNTIFS(Trechos!$L$2:$L$526,A67) -> 1 | AS67: =SUMIFS(Trechos!$F$2:$F$526,Trechos!$L$2:$L$526,A67) -> 21.225038 | AT67: =COUNTA(AW67:CW67) -> 0 | AU67: =IF(COUNTA(AW67:CW67)=0,"—",_xlfn.TEXTJOIN(", ",TRUE(),AW67:CW67)) -> — | AV67: —
A68: 67 | B68: T3 | C68: Ramal | D68: Ramal após 0202175004 | E68: 0202175004 | F68: 0202175004 | G68: fim N395 | H68: fim N394 | AM68: DJ AL04010004 | AN68: 7903565004 | AO68: 7935867004 | AP68: 0202175004 | AR68: =COUNTIFS(Trechos!$L$2:$L$526,A68) -> 3 | AS68: =SUMIFS(Trechos!$F$2:$F$526,Trechos!$L$2:$L$526,A68) -> 34.669989 | AT68: =COUNTA(AW68:CW68) -> 0 | AU68: =IF(COUNTA(AW68:CW68)=0,"—",_xlfn.TEXTJOIN(", ",TRUE(),AW68:CW68)) -> — | AV68: —
A69: 68 | B69: T2 | C69: Ramal | D69: Ramal N325 | E69: 7935867004 | F69: poste N325 | G69: fim 32145035 | H69: fim 585924 | I69: fim 32145115 | J69: fim 590075 | AM69: DJ AL04010004 | AN69: 7903565004 | AO69: 7935867004 | AR69: =COUNTIFS(Trechos!$L$2:$L$526,A69) -> 7 | AS69: =SUMIFS(Trechos!$F$2:$F$526,Trechos!$L$2:$L$526,A69) -> 375.07278 | AT69: =COUNTA(AW69:CW69) -> 0 | AU69: =IF(COUNTA(AW69:CW69)=0,"—",_xlfn.TEXTJOIN(", ",TRUE(),AW69:CW69)) -> — | AV69: —
A70: 69 | B70: T3 | C70: Ramal | D70: Ramal após 0203117004 | E70: 0203117004 | F70: 0203117004 | G70: fim 588088 | H70: fim N399 | AM70: DJ AL04010004 | AN70: 7903565004 | AO70: 7935867004 | AP70: 0203117004 | AR70: =COUNTIFS(Trechos!$L$2:$L$526,A70) -> 3 | AS70: =SUMIFS(Trechos!$F$2:$F$526,Trechos!$L$2:$L$526,A70) -> 36.909618 | AT70: =COUNTA(AW70:CW70) -> 0 | AU70: =IF(COUNTA(AW70:CW70)=0,"—",_xlfn.TEXTJOIN(", ",TRUE(),AW70:CW70)) -> — | AV70: —
A71: 70 | B71: T2 | C71: Ramal | D71: Ramal N338 | E71: 7935867004 | F71: poste N338 | G71: fim N341 | AM71: DJ AL04010004 | AN71: 7903565004 | AO71: 7935867004 | AR71: =COUNTIFS(Trechos!$L$2:$L$526,A71) -> 1 | AS71: =SUMIFS(Trechos!$F$2:$F$526,Trechos!$L$2:$L$526,A71) -> 18.213341 | AT71: =COUNTA(AW71:CW71) -> 0 | AU71: =IF(COUNTA(AW71:CW71)=0,"—",_xlfn.TEXTJOIN(", ",TRUE(),AW71:CW71)) -> — | AV71: —
A72: 71 | B72: T3 | C72: Ramal | D72: Ramal após 0300603004 | E72: 0300603004 | F72: 0300603004 | G72: fim 555590 | AM72: DJ AL04010004 | AN72: 7903565004 | AO72: 7935867004 | AP72: 0300603004 | AR72: =COUNTIFS(Trechos!$L$2:$L$526,A72) -> 2 | AS72: =SUMIFS(Trechos!$F$2:$F$526,Trechos!$L$2:$L$526,A72) -> 18.665875 | AT72: =COUNTA(AW72:CW72) -> 0 | AU72: =IF(COUNTA(AW72:CW72)=0,"—",_xlfn.TEXTJOIN(", ",TRUE(),AW72:CW72)) -> — | AV72: —
A73: 72 | B73: T2 | C73: Ramal | D73: Ramal N345 | E73: 7935867004 | F73: poste N345 | G73: fim 556748 | H73: fim N346 | AM73: DJ AL04010004 | AN73: 7903565004 | AO73: 7935867004 | AR73: =COUNTIFS(Trechos!$L$2:$L$526,A73) -> 2 | AS73: =SUMIFS(Trechos!$F$2:$F$526,Trechos!$L$2:$L$526,A73) -> 35.69451 | AT73: =COUNTA(AW73:CW73) -> 0 | AU73: =IF(COUNTA(AW73:CW73)=0,"—",_xlfn.TEXTJOIN(", ",TRUE(),AW73:CW73)) -> — | AV73: —
A74: 73 | B74: T2 | C74: Ramal | D74: Ramal N348 | E74: 7935867004 | F74: poste N348 | G74: fim 586128 | H74: fim N351 | AM74: DJ AL04010004 | AN74: 7903565004 | AO74: 7935867004 | AR74: =COUNTIFS(Trechos!$L$2:$L$526,A74) -> 2 | AS74: =SUMIFS(Trechos!$F$2:$F$526,Trechos!$L$2:$L$526,A74) -> 66.203524 | AT74: =COUNTA(AW74:CW74) -> 0 | AU74: =IF(COUNTA(AW74:CW74)=0,"—",_xlfn.TEXTJOIN(", ",TRUE(),AW74:CW74)) -> — | AV74: —
A75: 74 | B75: T2 | C75: Ramal | D75: Ramal 73775431 | E75: 7935867004 | F75: poste 73775431 | G75: fim 94101 | H75: fim 35597260 | AM75: DJ AL04010004 | AN75: 7903565004 | AO75: 7935867004 | AR75: =COUNTIFS(Trechos!$L$2:$L$526,A75) -> 4 | AS75: =SUMIFS(Trechos!$F$2:$F$526,Trechos!$L$2:$L$526,A75) -> 64.135086 | AT75: =COUNTA(AW75:CW75) -> 0 | AU75: =IF(COUNTA(AW75:CW75)=0,"—",_xlfn.TEXTJOIN(", ",TRUE(),AW75:CW75)) -> — | AV75: —
A76: 75 | B76: T2 | C76: Ramal | D76: Ramal N357 | E76: 7935867004 | F76: poste N357 | G76: fim 21544541 | H76: fim 21544781 | AM76: DJ AL04010004 | AN76: 7903565004 | AO76: 7935867004 | AR76: =COUNTIFS(Trechos!$L$2:$L$526,A76) -> 4 | AS76: =SUMIFS(Trechos!$F$2:$F$526,Trechos!$L$2:$L$526,A76) -> 83.728017 | AT76: =COUNTA(AW76:CW76) -> 0 | AU76: =IF(COUNTA(AW76:CW76)=0,"—",_xlfn.TEXTJOIN(", ",TRUE(),AW76:CW76)) -> — | AV76: —
A77: 76 | B77: T2 | C77: Ramal | D77: Ramal N365 | E77: 7935867004 | F77: poste N365 | G77: fim N366 | AM77: DJ AL04010004 | AN77: 7903565004 | AO77: 7935867004 | AR77: =COUNTIFS(Trechos!$L$2:$L$526,A77) -> 1 | AS77: =SUMIFS(Trechos!$F$2:$F$526,Trechos!$L$2:$L$526,A77) -> 13.75356 | AT77: =COUNTA(AW77:CW77) -> 0 | AU77: =IF(COUNTA(AW77:CW77)=0,"—",_xlfn.TEXTJOIN(", ",TRUE(),AW77:CW77)) -> — | AV77: —
A78: 77 | B78: T2 | C78: Ramal | D78: Ramal N369 | E78: 7935867004 | F78: poste N369 | G78: fim N370 | AM78: DJ AL04010004 | AN78: 7903565004 | AO78: 7935867004 | AR78: =COUNTIFS(Trechos!$L$2:$L$526,A78) -> 1 | AS78: =SUMIFS(Trechos!$F$2:$F$526,Trechos!$L$2:$L$526,A78) -> 5.1138727 | AT78: =COUNTA(AW78:CW78) -> 0 | AU78: =IF(COUNTA(AW78:CW78)=0,"—",_xlfn.TEXTJOIN(", ",TRUE(),AW78:CW78)) -> — | AV78: —
A79: 78 | B79: T2 | C79: Ramal | D79: Ramal após 7902218004 | E79: 7902218004 | F79: 7902218004 | G79: fim 1437310 | H79: fim 122071 | I79: fim N455 | J79: fim 1419545 | K79: 0330915004 | L79: fim 557826 | M79: fim N479 | N79: fim 555904 | O79: fim N469 | P79: 0203711004 | Q79: fim N465 | R79: fim N470 | S79: 0202227004 | T79: 0204190004 | U79: 0200482004 | V79: 0200484004 | W79: 0200489004 | X79: 0200490004 | Y79: fim 1437314 | Z79: 0230938004 | AA79: 0200492004 | AB79: fim 122066 | AC79: 0202676004 | AD79: 0303862004 | AE79: 0229036004 | AF79: fim 94019 | AG79: 0200495004 | AH79: fim 555594 | AI79: fim N417 | AJ79: fim 586816 | AK79: 0201153004 | AL79: fim N408 | AM79: DJ AL04010004 | AN79: 7903565004 | AO79: 7935867004 | AP79: 7902218004 | AR79: =COUNTIFS(Trechos!$L$2:$L$526,A79) -> 91 | AS79: =SUMIFS(Trechos!$F$2:$F$526,Trechos!$L$2:$L$526,A79) -> 1736.3137 | AT79: =COUNTA(AW79:CW79) -> 15 | AU79: =IF(COUNTA(AW79:CW79)=0,"—",_xlfn.TEXTJOIN(", ",TRUE(),AW79:CW79)) -> 0330915004, 0203711004, 0202227004, 0204190004, 0200482004, 0200484004, 0200489004, 0200490004, 0230938004, 0200492004, 0202676004, 0303862004, 0229036004, 0200495004, 0201153004 | AV79: 8842222004, 8800488004, 8842248004, 8842221004 | AW79: 0330915004 | AX79: 0203711004 | AY79: 0202227004 | AZ79: 0204190004 | BA79: 0200482004 | BB79: 0200484004 | BC79: 0200489004 | BD79: 0200490004 | BE79: 0230938004 | BF79: 0200492004 | BG79: 0202676004 | BH79: 0303862004 | BI79: 0229036004 | BJ79: 0200495004 | BK79: 0201153004
A80: 79 | B80: T3 | C80: Ramal | D80: Ramal após 7902218004 | E80: 0330915004 | F80: 0330915004 | G80: fim 1427715 | AM80: DJ AL04010004 | AN80: 7903565004 | AO80: 7935867004 | AP80: 7902218004 | AQ80: 0330915004 | AR80: =COUNTIFS(Trechos!$L$2:$L$526,A80) -> 1 | AS80: =SUMIFS(Trechos!$F$2:$F$526,Trechos!$L$2:$L$526,A80) -> 7.6727501 | AT80: =COUNTA(AW80:CW80) -> 0 | AU80: =IF(COUNTA(AW80:CW80)=0,"—",_xlfn.TEXTJOIN(", ",TRUE(),AW80:CW80)) -> — | AV80: —
A81: 80 | B81: T3 | C81: Ramal | D81: Ramal após 7902218004 | E81: 0203711004 | F81: 0203711004 | G81: fim N525 | AM81: DJ AL04010004 | AN81: 7903565004 | AO81: 7935867004 | AP81: 7902218004 | AQ81: 0203711004 | AR81: =COUNTIFS(Trechos!$L$2:$L$526,A81) -> 2 | AS81: =SUMIFS(Trechos!$F$2:$F$526,Trechos!$L$2:$L$526,A81) -> 33.394949 | AT81: =COUNTA(AW81:CW81) -> 0 | AU81: =IF(COUNTA(AW81:CW81)=0,"—",_xlfn.TEXTJOIN(", ",TRUE(),AW81:CW81)) -> — | AV81: —
A82: 81 | B82: T3 | C82: Ramal | D82: Ramal após 7902218004 | E82: 0202227004 | F82: 0202227004 | G82: fim N524 | AM82: DJ AL04010004 | AN82: 7903565004 | AO82: 7935867004 | AP82: 7902218004 | AQ82: 0202227004 | AR82: =COUNTIFS(Trechos!$L$2:$L$526,A82) -> 2 | AS82: =SUMIFS(Trechos!$F$2:$F$526,Trechos!$L$2:$L$526,A82) -> 26.907719 | AT82: =COUNTA(AW82:CW82) -> 0 | AU82: =IF(COUNTA(AW82:CW82)=0,"—",_xlfn.TEXTJOIN(", ",TRUE(),AW82:CW82)) -> — | AV82: —
A83: 82 | B83: T3 | C83: Ramal | D83: Ramal após 7902218004 | E83: 0204190004 | F83: 0204190004 | G83: fim N520 | AM83: DJ AL04010004 | AN83: 7903565004 | AO83: 7935867004 | AP83: 7902218004 | AQ83: 0204190004 | AR83: =COUNTIFS(Trechos!$L$2:$L$526,A83) -> 2 | AS83: =SUMIFS(Trechos!$F$2:$F$526,Trechos!$L$2:$L$526,A83) -> 27.032165 | AT83: =COUNTA(AW83:CW83) -> 0 | AU83: =IF(COUNTA(AW83:CW83)=0,"—",_xlfn.TEXTJOIN(", ",TRUE(),AW83:CW83)) -> — | AV83: —
A84: 83 | B84: T3 | C84: Ramal | D84: Ramal após 7902218004 | E84: 0200482004 | F84: 0200482004 | G84: fim N516 | AM84: DJ AL04010004 | AN84: 7903565004 | AO84: 7935867004 | AP84: 7902218004 | AQ84: 0200482004 | AR84: =COUNTIFS(Trechos!$L$2:$L$526,A84) -> 2 | AS84: =SUMIFS(Trechos!$F$2:$F$526,Trechos!$L$2:$L$526,A84) -> 37.378754 | AT84: =COUNTA(AW84:CW84) -> 0 | AU84: =IF(COUNTA(AW84:CW84)=0,"—",_xlfn.TEXTJOIN(", ",TRUE(),AW84:CW84)) -> — | AV84: —
A85: 84 | B85: T3 | C85: Ramal | D85: Ramal após 7902218004 | E85: 0200484004 | F85: 0200484004 | G85: fim 587539 | H85: fim N513 | AM85: DJ AL04010004 | AN85: 7903565004 | AO85: 7935867004 | AP85: 7902218004 | AQ85: 0200484004 | AR85: =COUNTIFS(Trechos!$L$2:$L$526,A85) -> 3 | AS85: =SUMIFS(Trechos!$F$2:$F$526,Trechos!$L$2:$L$526,A85) -> 30.433916 | AT85: =COUNTA(AW85:CW85) -> 0 | AU85: =IF(COUNTA(AW85:CW85)=0,"—",_xlfn.TEXTJOIN(", ",TRUE(),AW85:CW85)) -> — | AV85: —
A86: 85 | B86: T3 | C86: Ramal | D86: Ramal após 7902218004 | E86: 0200489004 | F86: 0200489004 | G86: fim N504 | AM86: DJ AL04010004 | AN86: 7903565004 | AO86: 7935867004 | AP86: 7902218004 | AQ86: 0200489004 | AR86: =COUNTIFS(Trechos!$L$2:$L$526,A86) -> 2 | AS86: =SUMIFS(Trechos!$F$2:$F$526,Trechos!$L$2:$L$526,A86) -> 30.75433 | AT86: =COUNTA(AW86:CW86) -> 0 | AU86: =IF(COUNTA(AW86:CW86)=0,"—",_xlfn.TEXTJOIN(", ",TRUE(),AW86:CW86)) -> — | AV86: —
A87: 86 | B87: T3 | C87: Ramal | D87: Ramal após 7902218004 | E87: 0200490004 | F87: 0200490004 | G87: fim N499 | AM87: DJ AL04010004 | AN87: 7903565004 | AO87: 7935867004 | AP87: 7902218004 | AQ87: 0200490004 | AR87: =COUNTIFS(Trechos!$L$2:$L$526,A87) -> 2 | AS87: =SUMIFS(Trechos!$F$2:$F$526,Trechos!$L$2:$L$526,A87) -> 29.726208 | AT87: =COUNTA(AW87:CW87) -> 0 | AU87: =IF(COUNTA(AW87:CW87)=0,"—",_xlfn.TEXTJOIN(", ",TRUE(),AW87:CW87)) -> — | AV87: —
A88: 87 | B88: T3 | C88: Ramal | D88: Ramal após 7902218004 | E88: 0230938004 | F88: 0230938004 | G88: fim N505 | AM88: DJ AL04010004 | AN88: 7903565004 | AO88: 7935867004 | AP88: 7902218004 | AQ88: 0230938004 | AR88: =COUNTIFS(Trechos!$L$2:$L$526,A88) -> 2 | AS88: =SUMIFS(Trechos!$F$2:$F$526,Trechos!$L$2:$L$526,A88) -> 27.622838 | AT88: =COUNTA(AW88:CW88) -> 0 | AU88: =IF(COUNTA(AW88:CW88)=0,"—",_xlfn.TEXTJOIN(", ",TRUE(),AW88:CW88)) -> — | AV88: —
A89: 88 | B89: T3 | C89: Ramal | D89: Ramal após 7902218004 | E89: 0200492004 | F89: 0200492004 | G89: fim N493 | AM89: DJ AL04010004 | AN89: 7903565004 | AO89: 7935867004 | AP89: 7902218004 | AQ89: 0200492004 | AR89: =COUNTIFS(Trechos!$L$2:$L$526,A89) -> 2 | AS89: =SUMIFS(Trechos!$F$2:$F$526,Trechos!$L$2:$L$526,A89) -> 23.85058 | AT89: =COUNTA(AW89:CW89) -> 0 | AU89: =IF(COUNTA(AW89:CW89)=0,"—",_xlfn.TEXTJOIN(", ",TRUE(),AW89:CW89)) -> — | AV89: —
A90: 89 | B90: T3 | C90: Ramal | D90: Ramal após 7902218004 | E90: 0202676004 | F90: 0202676004 | G90: fim N510 | H90: fim 590492 | AM90: DJ AL04010004 | AN90: 7903565004 | AO90: 7935867004 | AP90: 7902218004 | AQ90: 0202676004 | AR90: =COUNTIFS(Trechos!$L$2:$L$526,A90) -> 3 | AS90: =SUMIFS(Trechos!$F$2:$F$526,Trechos!$L$2:$L$526,A90) -> 27.207055 | AT90: =COUNTA(AW90:CW90) -> 0 | AU90: =IF(COUNTA(AW90:CW90)=0,"—",_xlfn.TEXTJOIN(", ",TRUE(),AW90:CW90)) -> — | AV90: —
A91: 90 | B91: T3 | C91: Ramal | D91: Ramal após 7902218004 | E91: 0303862004 | F91: 0303862004 | G91: fim N438 | AM91: DJ AL04010004 | AN91: 7903565004 | AO91: 7935867004 | AP91: 7902218004 | AQ91: 0303862004 | AR91: =COUNTIFS(Trechos!$L$2:$L$526,A91) -> 1 | AS91: =SUMIFS(Trechos!$F$2:$F$526,Trechos!$L$2:$L$526,A91) -> 1.8870334 | AT91: =COUNTA(AW91:CW91) -> 0 | AU91: =IF(COUNTA(AW91:CW91)=0,"—",_xlfn.TEXTJOIN(", ",TRUE(),AW91:CW91)) -> — | AV91: —
A92: 91 | B92: T3 | C92: Ramal | D92: Ramal após 7902218004 | E92: 0229036004 | F92: 0229036004 | G92: fim 556466 | H92: fim N496 | AM92: DJ AL04010004 | AN92: 7903565004 | AO92: 7935867004 | AP92: 7902218004 | AQ92: 0229036004 | AR92: =COUNTIFS(Trechos!$L$2:$L$526,A92) -> 3 | AS92: =SUMIFS(Trechos!$F$2:$F$526,Trechos!$L$2:$L$526,A92) -> 29.02624 | AT92: =COUNTA(AW92:CW92) -> 0 | AU92: =IF(COUNTA(AW92:CW92)=0,"—",_xlfn.TEXTJOIN(", ",TRUE(),AW92:CW92)) -> — | AV92: —
A93: 92 | B93: T3 | C93: Ramal | D93: Ramal após 7902218004 | E93: 0200495004 | F93: 0200495004 | G93: fim N489 | AM93: DJ AL04010004 | AN93: 7903565004 | AO93: 7935867004 | AP93: 7902218004 | AQ93: 0200495004 | AR93: =COUNTIFS(Trechos!$L$2:$L$526,A93) -> 2 | AS93: =SUMIFS(Trechos!$F$2:$F$526,Trechos!$L$2:$L$526,A93) -> 26.002082 | AT93: =COUNTA(AW93:CW93) -> 0 | AU93: =IF(COUNTA(AW93:CW93)=0,"—",_xlfn.TEXTJOIN(", ",TRUE(),AW93:CW93)) -> — | AV93: —
A94: 93 | B94: T3 | C94: Ramal | D94: Ramal após 7902218004 | E94: 0201153004 | F94: 0201153004 | G94: fim N484 | AM94: DJ AL04010004 | AN94: 7903565004 | AO94: 7935867004 | AP94: 7902218004 | AQ94: 0201153004 | AR94: =COUNTIFS(Trechos!$L$2:$L$526,A94) -> 1 | AS94: =SUMIFS(Trechos!$F$2:$F$526,Trechos!$L$2:$L$526,A94) -> 8.2459817 | AT94: =COUNTA(AW94:CW94) -> 0 | AU94: =IF(COUNTA(AW94:CW94)=0,"—",_xlfn.TEXTJOIN(", ",TRUE(),AW94:CW94)) -> — | AV94: —
A95: 94 | B95: T2 | C95: Ramal | D95: Ramal N376 | E95: 7935867004 | F95: poste N376 | G95: fim N385 | H95: fim N405 | I95: fim N377 | AM95: DJ AL04010004 | AN95: 7903565004 | AO95: 7935867004 | AR95: =COUNTIFS(Trechos!$L$2:$L$526,A95) -> 7 | AS95: =SUMIFS(Trechos!$F$2:$F$526,Trechos!$L$2:$L$526,A95) -> 82.888623 | AT95: =COUNTA(AW95:CW95) -> 0 | AU95: =IF(COUNTA(AW95:CW95)=0,"—",_xlfn.TEXTJOIN(", ",TRUE(),AW95:CW95)) -> — | AV95: —
A96: 95 | B96: T2 | C96: Ramal | D96: Ramal 557582 | E96: 7935867004 | F96: poste 557582 | G96: fim 93873 | AM96: DJ AL04010004 | AN96: 7903565004 | AO96: 7935867004 | AR96: =COUNTIFS(Trechos!$L$2:$L$526,A96) -> 2 | AS96: =SUMIFS(Trechos!$F$2:$F$526,Trechos!$L$2:$L$526,A96) -> 58.47208 | AT96: =COUNTA(AW96:CW96) -> 0 | AU96: =IF(COUNTA(AW96:CW96)=0,"—",_xlfn.TEXTJOIN(", ",TRUE(),AW96:CW96)) -> — | AV96: —
A97: 96 | B97: T2 | C97: Ramal | D97: Ramal 22938813 | E97: 7935867004 | F97: poste 22938813 | G97: fim 122073 | AM97: DJ AL04010004 | AN97: 7903565004 | AO97: 7935867004 | AR97: =COUNTIFS(Trechos!$L$2:$L$526,A97) -> 1 | AS97: =SUMIFS(Trechos!$F$2:$F$526,Trechos!$L$2:$L$526,A97) -> 30.008256 | AT97: =COUNTA(AW97:CW97) -> 0 | AU97: =IF(COUNTA(AW97:CW97)=0,"—",_xlfn.TEXTJOIN(", ",TRUE(),AW97:CW97)) -> — | AV97: —
A98: 97 | B98: T3 | C98: Ramal | D98: Ramal após 0352542004 | E98: 0352542004 | F98: 0352542004 | G98: fim 22938819 | AM98: DJ AL04010004 | AN98: 7903565004 | AO98: 7935867004 | AP98: 0352542004 | AR98: =COUNTIFS(Trechos!$L$2:$L$526,A98) -> 1 | AS98: =SUMIFS(Trechos!$F$2:$F$526,Trechos!$L$2:$L$526,A98) -> 20.635027 | AT98: =COUNTA(AW98:CW98) -> 0 | AU98: =IF(COUNTA(AW98:CW98)=0,"—",_xlfn.TEXTJOIN(", ",TRUE(),AW98:CW98)) -> — | AV98: —
A99: TOTAL | AR99: =SUM(AR2:AR98) -> 525 | AS99: =SUM(AS2:AS98) -> 14856.08

Sheet Por bloco
A1: Bloco | B1: Zona | C1: Tronco/Ramal | D1: Ramal | E1: Ativo de referência | F1: Trecho | G1: Poste início | H1: Poste fim | I1: Extensão (m) | J1: Distância do ativo de referência até o fim (m) | K1: Outra chave no fim do vão (88…) | L1: Próximos ativos | M1: Outras chaves no bloco (88…) | N1: Ativos posteriores
A2: 1 | B2: T1 | C2: Tronco | D2: Tronco | E2: DJ AL04010004 | F2: =COUNTIFS(Trechos!$L$2:$L$526,A2)&" vãos" -> 62 vãos | I2: =SUMIFS(Trechos!$F$2:$F$526,Trechos!$L$2:$L$526,A2) -> 2972.1647 | L2: 7903565004 | M2: 8800004004, 8804421004, 8802681004, 8847597004, 8802014004, 8800554004, 8801115004 | N2: =Blocos!AU2 -> 7903565004, 7935867004, 7902218004, 0330915004, 0203711004, 0202227004, 0204190004, 0200482004, 0200484004, 0200489004, 0200490004, 0230938004, 0200492004, 0202676004, 0303862004, 0229036004, 0200495004, 0201153004, 0352542004, 0300603004, 0203117004, 0202175004, 0300600004, 0203661004, 0300596004, 0300588004, 0300591004, 0200593004, 0224749004, 0200583004, 0300584004, 0300585004, 0300582004, 0204195004, 0300578004, 0229381004, 0200580004, 0202671004, 0204249004, 0200868004, 0200573004, 0200571004, 0230252004, 0303731004, 0200556004, 0303973004, 0200550004, 0201875004, 0200549004, 0200548004, 0200547004, 0345761004, 0201072004
F3: TR-001 | G3: 553218 | H3: 535163 | I3: 41.822789 | J3: 41.822789
F4: TR-002 | G4: 535163 | H4: N2 | I4: 0.79990026 | J4: 42.622689 | K4: 8800004004
F5: TR-003 | G5: N2 | H5: 332180 | I5: 11.266548 | J5: 53.889238
F6: TR-004 | G6: 332180 | H6: N4 | I6: 2.1997169 | J6: 56.088954 | K6: 8804421004
F7: TR-005 | G7: N4 | H7: N5 | I7: 19.683407 | J7: 75.772361
F8: TR-006 | G8: N5 | H8: N6 | I8: 3.7592477 | J8: 79.531609
F9: TR-007 | G9: N6 | H9: N7 | I9: 23.496279 | J9: 103.02789
F10: TR-008 | G10: N7 | H10: N8 | I10: 3.6986195 | J10: 106.72651
F11: TR-009 | G11: N8 | H11: N9 | I11: 137.81839 | J11: 244.54489
F12: TR-010 | G12: N9 | H12: N10 | I12: 3.704776 | J12: 248.24967
F13: TR-011 | G13: N10 | H13: 531059 | I13: 20.440651 | J13: 268.69032
F14: TR-012 | G14: 531059 | H14: N12 | I14: 3.6760381 | J14: 272.36636
F15: TR-013 | G15: N12 | H15: N13 | I15: 12.673459 | J15: 285.03982
F16: TR-014 | G16: N13 | H16: N14 | I16: 1.1427014 | J16: 286.18252 | K16: 8802681004
F17: TR-015 | G17: N14 | H17: N15 | I17: 256.51202 | J17: 542.69454
F18: TR-016 | G18: N15 | H18: N16 | I18: 3.823669 | J18: 546.51821
F19: TR-017 | G19: N16 | H19: N17 | I19: 89.450652 | J19: 635.96886
F20: TR-018 | G20: N17 | H20: N18 | I20: 3.7965247 | J20: 639.76539
F21: TR-019 | G21: N18 | H21: N19 | I21: 56.883494 | J21: 696.64888
F22: TR-020 | G22: N19 | H22: 122082 | I22: 3.5889314 | J22: 700.23781
F23: TR-021 | G23: 122082 | H23: N21 | I23: 148.49989 | J23: 848.7377
F24: TR-022 | G24: N21 | H24: 550328 | I24: 3.6244665 | J24: 852.36217
F25: TR-023 | G25: 550328 | H25: N23 | I25: 164.31483 | J25: 1016.677
F26: TR-024 | G26: N23 | H26: N24 | I26: 2.5170796 | J26: 1019.1941
F27: TR-025 | G27: N24 | H27: 587997 | I27: 71.409924 | J27: 1090.604
F28: TR-026 | G28: 587997 | H28: 587525 | I28: 37.318146 | J28: 1127.9221
F29: TR-027 | G29: 587525 | H29: N28 | I29: 5.9434264 | J29: 1133.8656 | K29: 8847597004
F30: TR-028 | G30: N28 | H30: 536558 | I30: 90.721072 | J30: 1224.5866
F31: TR-029 | G31: 536558 | H31: 538107 | I31: 79.791259 | J31: 1304.3779
F32: TR-030 | G32: 538107 | H32: 122086 | I32: 39.706811 | J32: 1344.0847
F33: TR-031 | G33: 122086 | H33: 122087 | I33: 83.85523 | J33: 1427.9399
F34: TR-032 | G34: 122087 | H34: N39 | I34: 43.484803 | J34: 1471.4247
F35: TR-033 | G35: N39 | H35: 94070 | I35: 2.7493451 | J35: 1474.1741 | K35: 8802014004
F36: TR-034 | G36: 94070 | H36: 104546 | I36: 71.289891 | J36: 1545.464
F37: TR-035 | G37: 104546 | H37: 33261324 | I37: 97.587698 | J37: 1643.0517
F38: TR-036 | G38: 33261324 | H38: 94069 | I38: 36.74824 | J38: 1679.7999
F39: TR-037 | G39: 94069 | H39: 94068 | I39: 107.29137 | J39: 1787.0913
F40: TR-038 | G40: 94068 | H40: 536379 | I40: 43.182473 | J40: 1830.2738
F41: TR-039 | G41: 536379 | H41: N48 | I41: 3.9178237 | J41: 1834.1916
F42: TR-040 | G42: N48 | H42: 122088 | I42: 127.97901 | J42: 1962.1706
F43: TR-041 | G43: 122088 | H43: 20392852 | I43: 163.85065 | J43: 2126.0213
F44: TR-042 | G44: 20392852 | H44: 552519 | I44: 25.400056 | J44: 2151.4213
F45: TR-043 | G45: 552519 | H45: 550421 | I45: 46.969166 | J45: 2198.3905
F46: TR-044 | G46: 550421 | H46: N54 | I46: 3.7698689 | J46: 2202.1603
F47: TR-045 | G47: N54 | H47: 272816 | I47: 15.919869 | J47: 2218.0802
... F54: TR-052 | G54: 51777413 | H54: N65 | I54: 168.54865 | J54: 2829.97
F55: TR-053 | G55: N65 | H55: 94060 | I55: 3.1327632 | J55: 2833.1028 | K55: 8800554004
F56: TR-054 | G56: 94060 | H56: 550921 | I56: 53.026555 | J56: 2886.1294
F57: TR-055 | G57: 550921 | H57: N68 | I57: 1.8184308 | J57: 2887.9478
F58: TR-056 | G58: N68 | H58: N69 | I58: 3.6347081 | J58: 2891.5825
F59: TR-057 | G59: N69 | H59: 94059 | I59: 20.708106 | J59: 2912.2906
F60: TR-058 | G60: 94059 | H60: N73 | I60: 4.1209483 | J60: 2916.4116 | K60: 8801115004
F61: TR-059 | G61: N73 | H61: N77 | I61: 51.986423 | J61: 2968.398
F62: TR-060 | G62: N77 | H62: N116 | I62: 0.39874543 | J62: 2968.7967
F63: TR-061 | G63: N116 | H63: N117 | I63: 3.016649 | J63: 2971.8134
F64: TR-062 | G64: N117 | H64: 646207 | I64: 0.35135451 | J64: 2972.1647
A65: 2 | B65: T2 | C65: Tronco | D65: Tronco | E65: 7903565004 | F65: =COUNTIFS(Trechos!$L$2:$L$526,A65)&" vãos" -> 28 vãos | I65: =SUMIFS(Trechos!$F$2:$F$526,Trechos!$L$2:$L$526,A65) -> 1067.0564 | L65: 7935867004 | M65: 8841355004 | N65: =Blocos!AU3 -> 7935867004, 7902218004, 0330915004, 0203711004, 0202227004, 0204190004, 0200482004, 0200484004, 0200489004, 0200490004, 0230938004, 0200492004, 0202676004, 0303862004, 0229036004, 0200495004, 0201153004, 0352542004, 0300603004, 0203117004, 0202175004, 0300600004, 0203661004, 0300596004, 0300588004, 0300591004, 0200593004, 0224749004, 0200583004, 0300584004, 0300585004, 0300582004, 0204195004, 0300578004, 0229381004, 0200580004, 0202671004, 0204249004, 0200868004, 0200573004, 0200571004, 0230252004, 0303731004, 0200556004, 0303973004
F66: TR-063 | G66: 646207 | H66: N119 | I66: 2.093414 | J66: 2.093414
F67: TR-064 | G67: N119 | H67: N126 | I67: 0.35135451 | J67: 2.4447685
F68: TR-065 | G68: N126 | H68: N127 | I68: 2.3203205 | J68: 4.765089
F69: TR-066 | G69: N127 | H69: 94057 | I69: 54.415478 | J69: 59.180567
F70: TR-067 | G70: 94057 | H70: N130 | I70: 43.791758 | J70: 102.97232
F71: TR-068 | G71: N130 | H71: 122229 | I71: 31.577014 | J71: 134.54934
F72: TR-069 | G72: 122229 | H72: 550125 | I72: 113.30189 | J72: 247.85122
F73: TR-070 | G73: 550125 | H73: 94189 | I73: 39.826517 | J73: 287.67774
F74: TR-071 | G74: 94189 | H74: N146 | I74: 36.900866 | J74: 324.57861
F75: TR-072 | G75: N146 | H75: 122230 | I75: 3.7740784 | J75: 328.35268
F76: TR-073 | G76: 122230 | H76: 1317022 | I76: 93.759341 | J76: 422.11203
F77: TR-074 | G77: 1317022 | H77: 1326106 | I77: 32.078875 | J77: 454.1909
... F83: TR-080 | G83: 94183 | H83: N168 | I83: 114.19649 | J83: 744.36824
F84: TR-081 | G84: N168 | H84: 94370 | I84: 2.3077891 | J84: 746.67603 | K84: 8841355004
F85: TR-082 | G85: 94370 | H85: N170 | I85: 21.103885 | J85: 767.77991
F86: TR-083 | G86: N170 | H86: 303599 | I86: 153.11012 | J86: 920.89003
F87: TR-084 | G87: 303599 | H87: 94361 | I87: 8.0665618 | J87: 928.95659
F88: TR-085 | G88: 94361 | H88: 94362 | I88: 33.755951 | J88: 962.71254
F89: TR-086 | G89: 94362 | H89: 553048 | I89: 70.564304 | J89: 1033.2768
F90: TR-087 | G90: 553048 | H90: N201 | I90: 30.152057 | J90: 1063.4289
F91: TR-088 | G91: N201 | H91: N281 | I91: 0.34914337 | J91: 1063.778
F92: TR-089 | G92: N281 | H92: N282 | I92: 3.0301133 | J92: 1066.8082
F93: TR-090 | G93: N282 | H93: N283 | I93: 0.24824987 | J93: 1067.0564
A94: 3 | B94: T2 | C94: Tronco | D94: Tronco | E94: 7935867004 | F94: =COUNTIFS(Trechos!$L$2:$L$526,A94)&" vãos" -> 55 vãos | I94: =SUMIFS(Trechos!$F$2:$F$526,Trechos!$L$2:$L$526,A94) -> 1795.8328 | L94: 7902218004 / 0352542004 / 0300603004 / 0203117004 / 0202175004 / 0300600004 | M94: 8834608004, 8800606004, 8843255004, 8800599004 | N94: =Blocos!AU4 -> 7902218004, 0330915004, 0203711004, 0202227004, 0204190004, 0200482004, 0200484004, 0200489004, 0200490004, 0230938004, 0200492004, 0202676004, 0303862004, 0229036004, 0200495004, 0201153004, 0352542004, 0300603004, 0203117004, 0202175004, 0300600004
F95: TR-091 | G95: N283 | H95: N284 | I95: 2.355999 | J95: 2.355999
F96: TR-092 | G96: N284 | H96: 1376608 | I96: 0.33358478 | J96: 2.6895838
F97: TR-093 | G97: 1376608 | H97: N303 | I97: 2.4857713 | J97: 5.1753551
F98: TR-094 | G98: N303 | H98: N305 | I98: 13.235416 | J98: 18.410771
F99: TR-095 | G99: N305 | H99: 94139 | I99: 3.7258397 | J99: 22.136611
F100: TR-096 | G100: 94139 | H100: N307 | I100: 38.695569 | J100: 60.83218
F101: TR-097 | G101: N307 | H101: N308 | I101: 2.2092208 | J101: 63.041401
F102: TR-098 | G102: N308 | H102: 27816712 | I102: 57.013984 | J102: 120.05538
F103: TR-099 | G103: 27816712 | H103: N311 | I103: 65.86383 | J103: 185.91921
F104: TR-100 | G104: N311 | H104: 1082086 | I104: 60.30647 | J104: 246.22569
F105: TR-101 | G105: 1082086 | H105: N322 | I105: 17.867579 | J105: 264.09326
F106: TR-102 | G106: N322 | H106: N325 | I106: 79.913682 | J106: 344.00695
... F109: TR-105 | G109: 1363489 | H109: 533443 | I109: 37.917255 | J109: 418.67289
F110: TR-106 | G110: 533443 | H110: N331 | I110: 3.6693749 | J110: 422.34227 | K110: 8834608004
F111: TR-107 | G111: N331 | H111: 94356 | I111: 68.688214 | J111: 491.03048
F112: TR-108 | G112: 94356 | H112: N338 | I112: 139.60439 | J112: 630.63488
F113: TR-109 | G113: N338 | H113: 94103 | I113: 51.422276 | J113: 682.05715
...

Sheet Trechos
A1: Seq | B1: Trecho | C1: Trecho no Daimon | D1: Poste início | E1: Poste fim | F1: Extensão (m) | G1: Distância do DJ até o fim (m) | H1: Distância do ativo de referência até o fim (m) | I1: Zona | J1: Tronco/Ramal | K1: Ramal | L1: Bloco | M1: Ativo de referência | N1: Tipo do ativo de referência | O1: Próximo(s) ativo(s) | P1: Ativos posteriores englobados | Q1: Qtd. ativos posteriores | R1: Outra chave no fim do vão (88…) | S1: Nível 1 | T1: Nível 2 | U1: Nível 3 | V1: Nível 4 | W1: Nível 5 | X1: Caminho desde o DJ | Y1: Latitude (meio do vão) | Z1: Longitude (meio do vão) | AA1: Mapa | AB1: Chave do caminho (uso das fórmulas)
A2: 1 | B2: TR-001 | C2: 2517483 | D2: 553218 | E2: 535163 | F2: 41.822789 | G2: 41.822789 | H2: 41.822789 | I2: T1 | J2: Tronco | K2: Tronco | L2: 1 | M2: DJ AL04010004 | N2: Disjuntor (DJ) | O2: 7903565004 | P2: 7903565004, 7935867004, 7902218004, 0330915004, 0203711004, 0202227004, 0204190004, 0200482004, 0200484004, 0200489004, 0200490004, 0230938004, 0200492004, 0202676004, 0303862004, 0229036004, 0200495004, 0201153004, 0352542004, 0300603004, 0203117004, 0202175004, 0300600004, 0203661004, 0300596004, 0300588004, 0300591004, 0200593004, 0224749004, 0200583004, 0300584004, 0300585004, 0300582004, 0204195004, 0300578004, 0229381004, 0200580004, 0202671004, 0204249004, 0200868004, 0200573004, 0200571004, 0230252004, 0303731004, 0200556004, 0303973004, 0200550004, 0201875004, 0200549004, 0200548004, 0200547004, 0345761004, 0201072004 | Q2: 53 | S2: DJ AL04010004 | X2: DJ AL04010004 | Y2: -7.195443 | Z2: -48.238039 | AA2: abrir | AB2: |DJ AL04010004|
A3: 2 | B3: TR-002 | C3: Suporte Chave 8800004004 | D3: 535163 | E3: N2 | F3: 0.79990026 | G3: 42.622689 | H3: 42.622689 | I3: T1 | J3: Tronco | K3: Tronco | L3: 1 | M3: DJ AL04010004 | N3: Disjuntor (DJ) | O3: 7903565004 | P3: 7903565004, 7935867004, 7902218004, 0330915004, 0203711004, 0202227004, 0204190004, 0200482004, 0200484004, 0200489004, 0200490004, 0230938004, 0200492004, 0202676004, 0303862004, 0229036004, 0200495004, 0201153004, 0352542004, 0300603004, 0203117004, 0202175004, 0300600004, 0203661004, 0300596004, 0300588004, 0300591004, 0200593004, 0224749004, 0200583004, 0300584004, 0300585004, 0300582004, 0204195004, 0300578004, 0229381004, 0200580004, 0202671004, 0204249004, 0200868004, 0200573004, 0200571004, 0230252004, 0303731004, 0200556004, 0303973004, 0200550004, 0201875004, 0200549004, 0200548004, 0200547004, 0345761004, 0201072004 | Q3: 53 | R3: 8800004004 | S3: DJ AL04010004 | X3: DJ AL04010004 | Y3: -7.195577 | Z3: -48.238177 | AA3: abrir | AB3: |DJ AL04010004|
A4: 3 | B4: TR-003 | C4: 2520095 | D4: N2 | E4: 332180 | F4: 11.266548 | G4: 53.889238 | H4: 53.889238 | I4: T1 | J4: Tronco | K4: Tronco | L4: 1 | M4: DJ AL04010004 | N4: Disjuntor (DJ) | O4: 7903565004 | P4: 7903565004, 7935867004, 7902218004, 0330915004, 0203711004, 0202227004, 0204190004, 0200482004, 0200484004, 0200489004, 0200490004, 0230938004, 0200492004, 0202676004, 0303862004, 0229036004, 0200495004, 0201153004, 0352542004, 0300603004, 0203117004, 0202175004, 0300600004, 0203661004, 0300596004, 0300588004, 0300591004, 0200593004, 0224749004, 0200583004, 0300584004, 0300585004, 0300582004, 0204195004, 0300578004, 0229381004, 0200580004, 0202671004, 0204249004, 0200868004, 0200573004, 0200571004, 0230252004, 0303731004, 0200556004, 0303973004, 0200550004, 0201875004, 0200549004, 0200548004, 0200547004, 0345761004, 0201072004 | Q4: 53 | S4: DJ AL04010004 | X4: DJ AL04010004 | Y4: -7.195623 | Z4: -48.238206 | AA4: abrir | AB4: |DJ AL04010004|
A5: 4 | B5: TR-004 | C5: Suporte Chave 8804421004 | D5: 332180 | E5: N4 | F5: 2.1997169 | G5: 56.088954 | H5: 56.088954 | I5: T1 | J5: Tronco | K5: Tronco | L5: 1 | M5: DJ AL04010004 | N5: Disjuntor (DJ) | O5: 7903565004 | P5: 7903565004, 7935867004, 7902218004, 0330915004, 0203711004, 0202227004, 0204190004, 0200482004, 0200484004, 0200489004, 0200490004, 0230938004, 0200492004, 0202676004, 0303862004, 0229036004, 0200495004, 0201153004, 0352542004, 0300603004, 0203117004, 0202175004, 0300600004, 0203661004, 0300596004, 0300588004, 0300591004, 0200593004, 0224749004, 0200583004, 0300584004, 0300585004, 0300582004, 0204195004, 0300578004, 0229381004, 0200580004, 0202671004, 0204249004, 0200868004, 0200573004, 0200571004, 0230252004, 0303731004, 0200556004, 0303973004, 0200550004, 0201875004, 0200549004, 0200548004, 0200547004, 0345761004, 0201072004 | Q5: 53 | R5: 8804421004 | S5: DJ AL04010004 | X5: DJ AL04010004 | Y5: -7.1956735 | Z5: -48.238227 | AA5: abrir | AB5: |DJ AL04010004|
A6: 5 | B6: TR-005 | C6: 2796764 | D6: N4 | E6: N5 | F6: 19.683407 | G6: 75.772361 | H6: 75.772361 | I6: T1 | J6: Tronco | K6: Tronco | L6: 1 | M6: DJ AL04010004 | N6: Disjuntor (DJ) | O6: 7903565004 | P6: 7903565004, 7935867004, 7902218004, 0330915004, 0203711004, 0202227004, 0204190004, 0200482004, 0200484004, 0200489004, 0200490004, 0230938004, 0200492004, 0202676004, 0303862004, 0229036004, 0200495004, 0201153004, 0352542004, 0300603004, 0203117004, 0202175004, 0300600004, 0203661004, 0300596004, 0300588004, 0300591004, 0200593004, 0224749004, 0200583004, 0300584004, 0300585004, 0300582004, 0204195004, 0300578004, 0229381004, 0200580004, 0202671004, 0204249004, 0200868004, 0200573004, 0200571004, 0230252004, 0303731004, 0200556004, 0303973004, 0200550004, 0201875004, 0200549004, 0200548004, 0200547004, 0345761004, 0201072004 | Q6: 53 | S6: DJ AL04010004 | X6: DJ AL04010004 | Y6: -7.1957465 | Z6: -48.23816 | AA6: abrir | AB6: |DJ AL04010004|
A7: 6 | B7: TR-006 | C7: 12074474 | D7: N5 | E7: N6 | F7: 3.7592477 | G7: 79.531609 | H7: 79.531609 | I7: T1 | J7: Tronco | K7: Tronco | L7: 1 | M7: DJ AL04010004 | N7: Disjuntor (DJ) | O7: 7903565004 | P7: 7903565004, 7935867004, 7902218004, 0330915004, 0203711004, 0202227004, 0204190004, 0200482004, 0200484004, 0200489004, 0200490004, 0230938004, 0200492004, 0202676004, 0303862004, 0229036004, 0200495004, 0201153004, 0352542004, 0300603004, 0203117004, 0202175004, 0300600004, 0203661004, 0300596004, 0300588004, 0300591004, 0200593004, 0224749004, 0200583004, 0300584004, 0300585004, 0300582004, 0204195004, 0300578004, 0229381004, 0200580004, 0202671004, 0204249004, 0200868004, 0200573004, 0200571004, 0230252004, 0303731004, 0200556004, 0303973004, 0200550004, 0201875004, 0200549004, 0200548004, 0200547004, 0345761004, 0201072004 | Q7: 53 | S7: DJ AL04010004 | X7: DJ AL04010004 | Y7: -7.195824 | Z7: -48.238088 | AA7: abrir | AB7: |DJ AL04010004|
A8: 7 | B8: TR-007 | C8: 2518799 | D8: N6 | E8: N7 | F8: 23.496279 | G8: 103.02789 | H8: 103.02789 | I8: T1 | J8: Tronco | K8: Tronco | L8: 1 | M8: DJ AL04010004 | N8: Disjuntor (DJ) | O8: 7903565004 | P8: 7903565004, 7935867004, 7902218004, 0330915004, 0203711004, 0202227004, 0204190004, 0200482004, 0200484004, 0200489004, 0200490004, 0230938004, 0200492004, 0202676004, 0303862004, 0229036004, 0200495004, 0201153004, 0352542004, 0300603004, 0203117004, 0202175004, 0300600004, 0203661004, 0300596004, 0300588004, 0300591004, 0200593004, 0224749004, 0200583004, 0300584004, 0300585004, 0300582004, 0204195004, 0300578004, 0229381004, 0200580004, 0202671004, 0204249004, 0200868004, 0200573004, 0200571004, 0230252004, 0303731004, 0200556004, 0303973004, 0200550004, 0201875004, 0200549004, 0200548004, 0200547004, 0345761004, 0201072004 | Q8: 53 | S8: DJ AL04010004 | X8: DJ AL04010004 | Y8: -7.1959095 | Z8: -48.238 | AA8: abrir | AB8: |DJ AL04010004|
A9: 8 | B9: TR-008 | C9: 12072742 | D9: N7 | E9: N8 | F9: 3.6986195 | G9: 106.72651 | H9: 106.72651 | I9: T1 | J9: Tronco | K9: Tronco | L9: 1 | M9: DJ AL04010004 | N9: Disjuntor (DJ) | O9: 7903565004 | P9: 7903565004, 7935867004, 7902218004, 0330915004, 0203711004, 0202227004, 0204190004, 0200482004, 0200484004, 0200489004, 0200490004, 0230938004, 0200492004, 0202676004, 0303862004, 0229036004, 0200495004, 0201153004, 0352542004, 0300603004, 0203117004, 0202175004, 0300600004, 0203661004, 0300596004, 0300588004, 0300591004, 0200593004, 0224749004, 0200583004, 0300584004, 0300585004, 0300582004, 0204195004, 0300578004, 0229381004, 0200580004, 0202671004, 0204249004, 0200868004, 0200573004, 0200571004, 0230252004, 0303731004, 0200556004, 0303973004, 0200550004, 0201875004, 0200549004, 0200548004, 0200547004, 0345761004, 0201072004 | Q9: 53 | S9: DJ AL04010004 | X9: DJ AL04010004 | Y9: -7.1959935 | Z9: -48.23791 | AA9: abrir | AB9: |DJ AL04010004|
A10: 9 | B10: TR-009 | C10: 2794445 | D10: N8 | E10: N9 | F10: 137.81839 | G10: 244.54489 | H10: 244.54489 | I10: T1 | J10: Tronco | K10: Tronco | L10: 1 | M10: DJ AL04010004 | N10: Disjuntor (DJ) | O10: 7903565004 | P10: 7903565004, 7935867004, 7902218004, 0330915004, 0203711004, 0202227004, 0204190004, 0200482004, 0200484004, 0200489004, 0200490004, 0230938004, 0200492004, 0202676004, 0303862004, 0229036004, 0200495004, 0201153004, 0352542004, 0300603004, 0203117004, 0202175004, 0300600004, 0203661004, 0300596004, 0300588004, 0300591004, 0200593004, 0224749004, 0200583004, 0300584004, 0300585004, 0300582004, 0204195004, 0300578004, 0229381004, 0200580004, 0202671004, 0204249004, 0200868004, 0200573004, 0200571004, 0230252004, 0303731004, 0200556004, 0303973004, 0200550004, 0201875004, 0200549004, 0200548004, 0200547004, 0345761004, 0201072004 | Q10: 53 | S10: DJ AL04010004 | X10: DJ AL04010004 | Y10: -7.1962755 | Z10: -48.237336 | AA10: abrir | AB10: |DJ AL04010004|
A11: 10 | B11: TR-010 | C11: 12084027 | D11: N9 | E11: N10 | F11: 3.704776 | G11: 248.24967 | H11: 248.24967 | I11: T1 | J11: Tronco | K11: Tronco | L11: 1 | M11: DJ AL04010004 | N11: Disjuntor (DJ) | O11: 7903565004 | P11: 7903565004, 7935867004, 7902218004, 0330915004, 0203711004, 0202227004, 0204190004, 0200482004, 0200484004, 0200489004, 0200490004, 0230938004, 0200492004, 0202676004, 0303862004, 0229036004, 0200495004, 0201153004, 0352542004, 0300603004, 0203117004, 0202175004, 0300600004, 0203661004, 0300596004, 0300588004, 0300591004, 0200593004, 0224749004, 0200583004, 0300584004, 0300585004, 0300582004, 0204195004, 0300578004, 0229381004, 0200580004, 0202671004, 0204249004, 0200868004, 0200573004, 0200571004, 0230252004, 0303731004, 0200556004, 0303973004, 0200550004, 0201875004, 0200549004, 0200548004, 0200547004, 0345761004, 0201072004 | Q11: 53 | S11: DJ AL04010004 | X11: DJ AL04010004 | Y11: -7.196534 | Z11: -48.236764 | AA11: abrir | AB11: |DJ AL04010004|
A12: 11 | B12: TR-011 | C12: 3615824 | D12: N10 | E12: 531059 | F12: 20.440651 | G12: 268.69032 | H12: 268.69032 | I12: T1 | J12: Tronco | K12: Tronco | L12: 1 | M12: DJ AL04010004 | N12: Disjuntor (DJ) | O12: 7903565004 | P12: 7903565004, 7935867004, 7902218004, 0330915004, 0203711004, 0202227004, 0204190004, 0200482004, 0200484004, 0200489004, 0200490004, 0230938004, 0200492004, 0202676004, 0303862004, 0229036004, 0200495004, 0201153004, 0352542004, 0300603004, 0203117004, 0202175004, 0300600004, 0203661004, 0300596004, 0300588004, 0300591004, 0200593004, 0224749004, 0200583004, 0300584004, 0300585004, 0300582004, 0204195004, 0300578004, 0229381004, 0200580004, 0202671004, 0204249004, 0200868004, 0200573004, 0200571004, 0230252004, 0303731004, 0200556004, 0303973004, 0200550004, 0201875004, 0200549004, 0200548004, 0200547004, 0345761004, 0201072004 | Q12: 53 | S12: DJ AL04010004 | X12: DJ AL04010004 | Y12: -7.1964355 | Z12: -48.236719 | AA12: abrir | AB12: |DJ AL04010004|
A13: 12 | B13: TR-012 | C13: 12072736 | D13: 531059 | E13: N12 | F13: 3.6760381 | G13: 272.36636 | H13: 272.36636 | I13: T1 | J13: Tronco | K13: Tronco | L13: 1 | M13: DJ AL04010004 | N13: Disjuntor (DJ) | O13: 7903565004 | P13: 7903565004, 7935867004, 7902218004, 0330915004, 0203711004, 0202227004, 0204190004, 0200482004, 0200484004, 0200489004, 0200490004, 0230938004, 0200492004, 0202676004, 0303862004, 0229036004, 0200495004, 0201153004, 0352542004, 0300603004, 0203117004, 0202175004, 0300600004, 0203661004, 0300596004, 0300588004, 0300591004, 0200593004, 0224749004, 0200583004, 0300584004, 0300585004, 0300582004, 0204195004, 0300578004, 0229381004, 0200580004, 0202671004, 0204249004, 0200868004, 0200573004, 0200571004, 0230252004, 0303731004, 0200556004, 0303973004, 0200550004, 0201875004, 0200549004, 0200548004, 0200547004, 0345761004, 0201072004 | Q13: 53 | S13: DJ AL04010004 | X13: DJ AL04010004 | Y13: -7.196335 | Z13: -48.236678 | AA13: abrir | AB13: |DJ AL04010004|
A14: 13 | B14: TR-013 | C14: 2518888 | D14: N12 | E14: N13 | F14: 12.673459 | G14: 285.03982 | H14: 285.03982 | I14: T1 | J14: Tronco | K14: Tronco | L14: 1 | M14: DJ AL04010004 | N14: Disjuntor (DJ) | O14: 7903565004 | P14: 7903565004, 7935867004, 7902218004, 0330915004, 0203711004, 0202227004, 0204190004, 0200482004, 0200484004, 0200489004, 0200490004, 0230938004, 0200492004, 0202676004, 0303862004, 0229036004, 0200495004, 0201153004, 0352542004, 0300603004, 0203117004, 0202175004, 0300600004, 0203661004, 0300596004, 0300588004, 0300591004, 0200593004, 0224749004, 0200583004, 0300584004, 0300585004, 0300582004, 0204195004, 0300578004, 0229381004, 0200580004, 0202671004, 0204249004, 0200868004, 0200573004, 0200571004, 0230252004, 0303731004, 0200556004, 0303973004, 0200550004, 0201875004, 0200549004, 0200548004, 0200547004, 0345761004, 0201072004 | Q14: 53 | S14: DJ AL04010004 | X14: DJ AL04010004 | Y14: -7.196268 | Z14: -48.236647 | AA14: abrir | AB14: |DJ AL04010004|
A15: 14 | B15: TR-014 | C15: Suporte Chave 8802681004 | D15: N13 | E15: N14 | F15: 1.1427014 | G15: 286.18252 | H15: 286.18252 | I15: T1 | J15: Tronco | K15: Tronco | L15: 1 | M15: DJ AL04010004 | N15: Disjuntor (DJ) | O15: 7903565004 | P15: 7903565004, 7935867004, 7902218004, 0330915004, 0203711004, 0202227004, 0204190004, 0200482004, 0200484004, 0200489004, 0200490004, 0230938004, 0200492004, 0202676004, 0303862004, 0229036004, 0200495004, 0201153004, 0352542004, 0300603004, 0203117004, 0202175004, 0300600004, 0203661004, 0300596004, 0300588004, 0300591004, 0200593004, 0224749004, 0200583004, 0300584004, 0300585004, 0300582004, 0204195004, 0300578004, 0229381004, 0200580004, 0202671004, 0204249004, 0200868004, 0200573004, 0200571004, 0230252004, 0303731004, 0200556004, 0303973004, 0200550004, 0201875004, 0200549004, 0200548004, 0200547004, 0345761004, 0201072004 | Q15: 53 | R15: 8802681004 | S15: DJ AL04010004 | X15: DJ AL04010004 | Y15: -7.1962115 | Z15: -48.236621 | AA15: abrir | AB15: |DJ AL04010004|
A16: 15 | B16: TR-015 | C16: 2518881 | D16: N14 | E16: N15 | F16: 256.51202 | G16: 542.69454 | H16: 542.69454 | I16: T1 | J16: Tronco | K16: Tronco | L16: 1 | M16: DJ AL04010004 | N16: Disjuntor (DJ) | O16: 7903565004 | P16: 7903565004, 7935867004, 7902218004, 0330915004, 0203711004, 0202227004, 0204190004, 0200482004, 0200484004, 0200489004, 0200490004, 0230938004, 0200492004, 0202676004, 0303862004, 0229036004, 0200495004, 0201153004, 0352542004, 0300603004, 0203117004, 0202175004, 0300600004, 0203661004, 0300596004, 0300588004, 0300591004, 0200593004, 0224749004, 0200583004, 0300584004, 0300585004, 0300582004, 0204195004, 0300578004, 0229381004, 0200580004, 0202671004, 0204249004, 0200868004, 0200573004, 0200571004, 0230252004, 0303731004, 0200556004, 0303973004, 0200550004, 0201875004, 0200549004, 0200548004, 0200547004, 0345761004, 0201072004 | Q16: 53 | S16: DJ AL04010004 | X16: DJ AL04010004 | Y16: -7.1951585 | Z16: -48.236134 | AA16: abrir | AB16: |DJ AL04010004|
A17: 16 | B17: TR-016 | C17: 12072735 | D17: N15 | E17: N16 | F17: 3.823669 | G17: 546.51821 | H17: 546.51821 | I17: T1 | J17: Tronco | K17: Tronco | L17: 1 | M17: DJ AL04010004 | N17: Disjuntor (DJ) | O17: 7903565004 | P17: 7903565004, 7935867004, 7902218004, 0330915004, 0203711004, 0202227004, 0204190004, 0200482004, 0200484004, 0200489004, 0200490004, 0230938004, 0200492004, 0202676004, 0303862004, 0229036004, 0200495004, 0201153004, 0352542004, 0300603004, 0203117004, 0202175004, 0300600004, 0203661004, 0300596004, 0300588004, 0300591004, 0200593004, 0224749004, 0200583004, 0300584004, 0300585004, 0300582004, 0204195004, 0300578004, 0229381004, 0200580004, 0202671004, 0204249004, 0200868004, 0200573004, 0200571004, 0230252004, 0303731004, 0200556004, 0303973004, 0200550004, 0201875004, 0200549004, 0200548004, 0200547004, 0345761004, 0201072004 | Q17: 53 | S17: DJ AL04010004 | X17: DJ AL04010004 | Y17: -7.1940945 | Z17: -48.235642 | AA17: abrir | AB17: |DJ AL04010004|
A18: 17 | B18: TR-017 | C18: 2796461 | D18: N16 | E18: N17 | F18: 89.450652 | G18: 635.96886 | H18: 635.96886 | I18: T1 | J18: Tronco | K18: Tronco | L18: 1 | M18: DJ AL04010004 | N18: Disjuntor (DJ) | O18: 7903565004 | P18: 7903565004, 7935867004, 7902218004, 0330915004, 0203711004, 0202227004, 0204190004, 0200482004, 0200484004, 0200489004, 0200490004, 0230938004, 0200492004, 0202676004, 0303862004, 0229036004, 0200495004, 0201153004, 0352542004, 0300603004, 0203117004, 0202175004, 0300600004, 0203661004, 0300596004, 0300588004, 0300591004, 0200593004, 0224749004, 0200583004, 0300584004, 0300585004, 0300582004, 0204195004, 0300578004, 0229381004, 0200580004, 0202671004, 0204249004, 0200868004, 0200573004, 0200571004, 0230252004, 0303731004, 0200556004, 0303973004, 0200550004, 0201875004, 0200549004, 0200548004, 0200547004, 0345761004, 0201072004 | Q18: 53 | S18: DJ AL04010004 | X18: DJ AL04010004 | Y18: -7.193709 | Z18: -48.235476 | AA18: abrir | AB18: |DJ AL04010004|
A19: 18 | B19: TR-018 | C19: 12072734 | D19: N17 | E19: N18 | F19: 3.7965247 | G19: 639.76539 | H19: 639.76539 | I19: T1 | J19: Tronco | K19: Tronco | L19: 1 | M19: DJ AL04010004 | N19: Disjuntor (DJ) | O19: 7903565004 | P19: 7903565004, 7935867004, 7902218004, 0330915004, 0203711004, 0202227004, 0204190004, 0200482004, 0200484004, 0200489004, 0200490004, 0230938004, 0200492004, 0202676004, 0303862004, 0229036004, 0200495004, 0201153004, 0352542004, 0300603004, 0203117004, 0202175004, 0300600004, 0203661004, 0300596004, 0300588004, 0300591004, 0200593004, 0224749004, 0200583004, 0300584004, 0300585004, 0300582004, 0204195004, 0300578004, 0229381004, 0200580004, 0202671004, 0204249004, 0200868004, 0200573004, 0200571004, 0230252004, 0303731004, 0200556004, 0303973004, 0200550004, 0201875004, 0200549004, 0200548004, 0200547004, 0345761004, 0201072004 | Q19: 53 | S19: DJ AL04010004 | X19: DJ AL04010004 | Y19: -7.193323 | Z19: -48.235311 | AA19: abrir | AB19: |DJ AL04010004|
A20: 19 | B20: TR-019 | C20: 36726625 | D20: N18 | E20: N19 | F20: 56.883494 | G20: 696.64888 | H20: 696.64888 | I20: T1 | J20: Tronco | K20: Tronco | L20: 1 | M20: DJ AL04010004 | N20: Disjuntor (DJ) | O20: 7903565004 | P20: 7903565004, 7935867004, 7902218004, 0330915004, 0203711004, 0202227004, 0204190004, 0200482004, 0200484004, 0200489004, 0200490004, 0230938004, 0200492004, 0202676004, 0303862004, 0229036004, 0200495004, 0201153004, 0352542004, 0300603004, 0203117004, 0202175004, 0300600004, 0203661004, 0300596004, 0300588004, 0300591004, 0200593004, 0224749004, 0200583004, 0300584004, 0300585004, 0300582004, 0204195004, 0300578004, 0229381004, 0200580004, 0202671004, 0204249004, 0200868004, 0200573004, 0200571004, 0230252004, 0303731004, 0200556004, 0303973004, 0200550004, 0201875004, 0200549004, 0200548004, 0200547004, 0345761004, 0201072004 | Q20: 53 | S20: DJ AL04010004 | X20: DJ AL04010004 | Y20: -7.1930645 | Z20: -48.235223 | AA20: abrir | AB20: |DJ AL04010004|
A21: 20 | B21: TR-020 | C21: 12077670 | D21: N19 | E21: 122082 | F21: 3.5889314 | G21: 700.23781 | H21: 700.23781 | I21: T1 | J21: Tronco | K21: Tronco | L21: 1 | M21: DJ AL04010004 | N21: Disjuntor (DJ) | O21: 7903565004 | P21: 7903565004, 7935867004, 7902218004, 0330915004, 0203711004, 0202227004, 0204190004, 0200482004, 0200484004, 0200489004, 0200490004, 0230938004, 0200492004, 0202676004, 0303862004, 0229036004, 0200495004, 0201153004, 0352542004, 0300603004, 0203117004, 0202175004, 0300600004, 0203661004, 0300596004, 0300588004, 0300591004, 0200593004, 0224749004, 0200583004, 0300584004, 0300585004, 0300582004, 0204195004, 0300578004, 0229381004, 0200580004, 0202671004, 0204249004, 0200868004, 0200573004, 0200571004, 0230252004, 0303731004, 0200556004, 0303973004, 0200550004, 0201875004, 0200549004, 0200548004, 0200547004, 0345761004, 0201072004 | Q21: 53 | S21: DJ AL04010004 | X21: DJ AL04010004 | Y21: -7.192807 | Z21: -48.235135 | AA21: abrir | AB21: |DJ AL04010004|
A22: 21 | B22: TR-021 | C22: 2751430 | D22: 122082 | E22: N21 | F22: 148.49989 | G22: 848.7377 | H22: 848.7377 | I22: T1 | J22: Tronco | K22: Tronco | L22: 1 | M22: DJ AL04010004 | N22: Disjuntor (DJ) | O22: 7903565004 | P22: 7903565004, 7935867004, 7902218004, 0330915004, 0203711004, 0202227004, 0204190004, 0200482004, 0200484004, 0200489004, 0200490004, 0230938004, 0200492004, 0202676004, 0303862004, 0229036004, 0200495004, 0201153004, 0352542004, 0300603004, 0203117004, 0202175004, 0300600004, 0203661004, 0300596004, 0300588004, 0300591004, 0200593004, 0224749004, 0200583004, 0300584004, 0300585004, 0300582004, 0204195004, 0300578004, 0229381004, 0200580004, 0202671004, 0204249004, 0200868004, 0200573004, 0200571004, 0230252004, 0303731004, 0200556004, 0303973004, 0200550004, 0201875004, 0200549004, 0200548004, 0200547004, 0345761004, 0201072004 | Q22: 53 | S22: DJ AL04010004 | X22: DJ AL04010004 | Y22: -7.192196 | Z22: -48.234825 | AA22: abrir | AB22: |DJ AL04010004|
A23: 22 | B23: TR-022 | C23: 12077436 | D23: N21 | E23: 550328 | F23: 3.6244665 | G23: 852.36217 | H23: 852.36217 | I23: T1 | J23: Tronco | K23: Tronco | L23: 1 | M23: DJ AL04010004 | N23: Disjuntor (DJ) | O23: 7903565004 | P23: 7903565004, 7935867004, 7902218004, 0330915004, 0203711004, 0202227004, 0204190004, 0200482004, 0200484004, 0200489004, 0200490004, 0230938004, 0200492004, 0202676004, 0303862004, 0229036004, 0200495004, 0201153004, 0352542004, 0300603004, 0203117004, 0202175004, 0300600004, 0203661004, 0300596004, 0300588004, 0300591004, 0200593004, 0224749004, 0200583004, 0300584004, 0300585004, 0300582004, 0204195004, 0300578004, 0229381004, 0200580004, 0202671004, 0204249004, 0200868004, 0200573004, 0200571004, 0230252004, 0303731004, 0200556004, 0303973004, 0200550004, 0201875004, 0200549004, 0200548004, 0200547004, 0345761004, 0201072004 | Q23: 53 | S23: DJ AL04010004 | X23: DJ AL04010004 | Y23: -7.1915855 | Z23: -48.234515 | AA23: abrir | AB23: |DJ AL04010004|
A24: 23 | B24: TR-023 | C24: 2575672 | D24: 550328 | E24: N23 | F24: 164.31483 | G24: 1016.677 | H24: 1016.677 | I24: T1 | J24: Tronco | K24: Tronco | L24: 1 | M24: DJ AL04010004 | N24: Disjuntor (DJ) | O24: 7903565004 | P24: 7903565004, 7935867004, 7902218004, 0330915004, 0203711004, 0202227004, 0204190004, 0200482004, 0200484004, 0200489004, 0200490004, 0230938004, 0200492004, 0202676004, 0303862004, 0229036004, 0200495004, 0201153004, 0352542004, 0300603004, 0203117004, 0202175004, 0300600004, 0203661004, 0300596004, 0300588004, 0300591004, 0200593004, 0224749004, 0200583004, 0300584004, 0300585004, 0300582004, 0204195004, 0300578004, 0229381004, 0200580004, 0202671004, 0204249004, 0200868004, 0200573004, 0200571004, 0230252004, 0303731004, 0200556004, 0303973004, 0200550004, 0201875004, 0200549004, 0200548004, 0200547004, 0345761004, 0201072004 | Q24: 53 | S24: DJ AL04010004 | X24: DJ AL04010004 | Y24: -7.1909295 | Z24: -48.234138 | AA24: abrir | AB24: |DJ AL04010004|
A25: 24 | B25: TR-024 | C25: 12071585 | D25: N23 | E25: N24 | F25: 2.5170796 | G25: 1019.1941 | H25: 1019.1941 | I25: T1 | J25: Tronco | K25: Tronco | L25: 1 | M25: DJ AL04010004 | N25: Disjuntor (DJ) | O25: 7903565004 | P25: 7903565004, 7935867004, 7902218004, 0330915004, 0203711004, 0202227004, 0204190004, 0200482004, 0200484004, 0200489004, 0200490004, 0230938004, 0200492004, 0202676004, 0303862004, 0229036004, 0200495004, 0201153004, 0352542004, 0300603004, 0203117004, 0202175004, 0300600004, 0203661004, 0300596004, 0300588004, 0300591004, 0200593004, 0224749004, 0200583004, 0300584004, 0300585004, 0300582004, 0204195004, 0300578004, 0229381004, 0200580004, 0202671004, 0204249004, 0200868004, 0200573004, 0200571004, 0230252004, 0303731004, 0200556004, 0303973004, 0200550004, 0201875004, 0200549004, 0200548004, 0200547004, 0345761004, 0201072004 | Q25: 53 | S25: DJ AL04010004 | X25: DJ AL04010004 | Y25: -7.190285 | Z25: -48.233757 | AA25: abrir | AB25: |DJ AL04010004|
A26: 25 | B26: TR-025 | C26: 2541355 | D26: N24 | E26: 587997 | F26: 71.409924 | G26: 1090.604 | H26: 1090.604 | I26: T1 | J26: Tronco | K26: Tronco | L26: 1 | M26: DJ AL04010004 | N26: Disjuntor (DJ) | O26: 7903565004 | P26: 7903565004, 7935867004, 7902218004, 0330915004, 0203711004, 0202227004, 0204190004, 0200482004, 0200484004, 0200489004, 0200490004, 0230938004, 0200492004, 0202676004, 0303862004, 0229036004, 0200495004, 0201153004, 0352542004, 0300603004, 0203117004, 0202175004, 0300600004, 0203661004, 0300596004, 0300588004, 0300591004, 0200593004, 0224749004, 0200583004, 0300584004, 0300585004, 0300582004, 0204195004, 0300578004, 0229381004, 0200580004, 0202671004, 0204249004, 0200868004, 0200573004, 0200571004, 0230252004, 0303731004, 0200556004, 0303973004, 0200550004, 0201875004, 0200549004, 0200548004, 0200547004, 0345761004, 0201072004 | Q26: 53 | S26: DJ AL04010004 | X26: DJ AL04010004 | Y26: -7.1904285 | Z26: -48.233458 | AA26: abrir | AB26: |DJ AL04010004|
A27: 26 | B27: TR-026 | C27: 2541353 | D27: 587997 | E27: 587525 | F27: 37.318146 | G27: 1127.9221 | H27: 1127.9221 | I27: T1 | J27: Tronco | K27: Tronco | L27: 1 | M27: DJ AL04010004 | N27: Disjuntor (DJ) | O27: 7903565004 | P27: 7903565004, 7935867004, 7902218004, 0330915004, 0203711004, 0202227004, 0204190004, 0200482004, 0200484004, 0200489004, 0200490004, 0230938004, 0200492004, 0202676004, 0303862004, 0229036004, 0200495004, 0201153004, 0352542004, 0300603004, 0203117004, 0202175004, 0300600004, 0203661004, 0300596004, 0300588004, 0300591004, 0200593004, 0224749004, 0200583004, 0300584004, 0300585004, 0300582004, 0204195004, 0300578004, 0229381004, 0200580004, 0202671004, 0204249004, 0200868004, 0200573004, 0200571004, 0230252004, 0303731004, 0200556004, 0303973004, 0200550004, 0201875004, 0200549004, 0200548004, 0200547004, 0345761004, 0201072004 | Q27: 53 | S27: DJ AL04010004 | X27: DJ AL04010004 | Y27: -7.190432 | Z27: -48.233081 | AA27: abrir | AB27: |DJ AL04010004|
A28: 27 | B28: TR-027 | C28: Suporte Chave 8847597004 | D28: 587525 | E28: N28 | F28: 5.9434264 | G28: 1133.8656 | H28: 1133.8656 | I28: T1 | J28: Tronco | K28: Tronco | L28: 1 | M28: DJ AL04010004 | N28: Disjuntor (DJ) | O28: 7903565004 | P28: 7903565004, 7935867004, 7902218004, 0330915004, 0203711004, 0202227004, 0204190004, 0200482004, 0200484004, 0200489004, 0200490004, 0230938004, 0200492004, 0202676004, 0303862004, 0229036004, 0200495004, 0201153004, 0352542004, 0300603004, 0203117004, 0202175004, 0300600004, 0203661004, 0300596004, 0300588004, 0300591004, 0200593004, 0224749004, 0200583004, 0300584004, 0300585004, 0300582004, 0204195004, 0300578004, 0229381004, 0200580004, 0202671004, 0204249004, 0200868004, 0200573004, 0200571004, 0230252004, 0303731004, 0200556004, 0303973004, 0200550004, 0201875004, 0200549004, 0200548004, 0200547004, 0345761004, 0201072004 | Q28: 53 | R28: 8847597004 | S28: DJ AL04010004 | X28: DJ AL04010004 | Y28: -7.1902675 | Z28: -48.232977 | AA28: abrir | AB28: |DJ AL04010004|
A29: 28 | B29: TR-028 | C29: 2660033 | D29: N28 | E29: 536558 | F29: 90.721072 | G29: 1224.5866 | H29: 1224.5866 | I29: T1 | J29: Tronco | K29: Tronco | L29: 1 | M29: DJ AL04010004 | N29: Disjuntor (DJ) | O29: 7903565004 | P29: 7903565004, 7935867004, 7902218004, 0330915004, 0203711004, 0202227004, 0204190004, 0200482004, 0200484004, 0200489004, 0200490004, 0230938004, 0200492004, 0202676004, 0303862004, 0229036004, 0200495004, 0201153004, 0352542004, 0300603004, 0203117004, 0202175004, 0300600004, 0203661004, 0300596004, 0300588004, 0300591004, 0200593004, 0224749004, 0200583004, 0300584004, 0300585004, 0300582004, 0204195004, 0300578004, 0229381004, 0200580004, 0202671004, 0204249004, 0200868004, 0200573004, 0200571004, 0230252004, 0303731004, 0200556004, 0303973004, 0200550004, 0201875004, 0200549004, 0200548004, 0200547004, 0345761004, 0201072004 | Q29: 53 | S29: DJ AL04010004 | X29: DJ AL04010004 | Y29: -7.1899195 | Z29: -48.232715 | AA29: abrir | AB29: |DJ AL04010004|
A30: 29 | B30: TR-029 | C30: 2652407 | D30: 536558 | E30: 538107 | F30: 79.791259 | G30: 1304.3779 | H30: 1304.3779 | I30: T1 | J30: Tronco | K30: Tronco | L30: 1 | M30: DJ AL04010004 | N30: Disjuntor (DJ) | O30: 7903565004 | P30: 7903565004, 7935867004, 7902218004, 0330915004, 0203711004, 0202227004, 0204190004, 0200482004, 0200484004, 0200489004, 0200490004, 0230938004, 0200492004, 0202676004, 0303862004, 0229036004, 0200495004, 0201153004, 0352542004, 0300603004, 0203117004, 0202175004, 0300600004, 0203661004, 0300596004, 0300588004, 0300591004, 0200593004, 0224749004, 0200583004, 0300584004, 0300585004, 0300582004, 0204195004, 0300578004, 0229381004, 0200580004, 0202671004, 0204249004, 0200868004, 0200573004, 0200571004, 0230252004, 0303731004, 0200556004, 0303973004, 0200550004, 0201875004, 0200549004, 0200548004, 0200547004, 0345761004, 0201072004 | Q30: 53 | S30: DJ AL04010004 | X30: DJ AL04010004 | Y30: -7.189322 | Z30: -48.232231 | AA30: abrir | AB30: |DJ AL04010004|
A31: 30 | B31: TR-030 | C31: 2755563 | D31: 538107 | E31: 122086 | F31: 39.706811 | G31: 1344.0847 | H31: 1344.0847 | I31: T1 | J31: Tronco | K31: Tronco | L31: 1 | M31: DJ AL04010004 | N31: Disjuntor (DJ) | O31: 7903565004 | P31: 7903565004, 7935867004, 7902218004, 0330915004, 0203711004, 0202227004, 0204190004, 0200482004, 0200484004, 0200489004, 0200490004, 0230938004, 0200492004, 0202676004, 0303862004, 0229036004, 0200495004, 0201153004, 0352542004, 0300603004, 0203117004, 0202175004, 0300600004, 0203661004, 0300596004, 0300588004, 0300591004, 0200593004, 0224749004, 0200583004, 0300584004, 0300585004, 0300582004, 0204195004, 0300578004, 0229381004, 0200580004, 0202671004, 0204249004, 0200868004, 0200573004, 0200571004, 0230252004, 0303731004, 0200556004, 0303973004, 0200550004, 0201875004, 0200549004, 0200548004, 0200547004, 0345761004, 0201072004 | Q31: 53 | S31: DJ AL04010004 | X31: DJ AL04010004 | Y31: -7.188926 | Z31: -48.231865 | AA31: abrir | AB31: |DJ AL04010004|
A32: 31 | B32: TR-031 | C32: 2653750 | D32: 122086 | E32: 122087 | F32: 83.85523 | G32: 1427.9399 | H32: 1427.9399 | I32: T1 | J32: Tronco | K32: Tronco | L32: 1 | M32: DJ AL04010004 | N32: Disjuntor (DJ) | O32: 7903565004 | P32: 7903565004, 7935867004, 7902218004, 0330915004, 0203711004, 0202227004, 0204190004, 0200482004, 0200484004, 0200489004, 0200490004, 0230938004, 0200492004, 0202676004, 0303862004, 0229036004, 0200495004, 0201153004, 0352542004, 0300603004, 0203117004, 0202175004, 0300600004, 0203661004, 0300596004, 0300588004, 0300591004, 0200593004, 0224749004, 0200583004, 0300584004, 0300585004, 0300582004, 0204195004, 0300578004, 0229381004, 0200580004, 0202671004, 0204249004, 0200868004, 0200573004, 0200571004, 0230252004, 0303731004, 0200556004, 0303973004, 0200550004, 0201875004, 0200549004, 0200548004, 0200547004, 0345761004, 0201072004 | Q32: 53 | S32: DJ AL04010004 | X32: DJ AL04010004 | Y32: -7.188517 | Z32: -48.231487 | AA32: abrir | AB32: |DJ AL04010004|
A33: 32 | B33: TR-032 | C33: 2753678 | D33: 122087 | E33: N39 | F33: 43.484803 | G33: 1471.4247 | H33: 1471.4247 | I33: T1 | J33: Tronco | K33: Tronco | L33: 1 | M33: DJ AL04010004 | N33: Disjuntor (DJ) | O33: 7903565004 | P33: 7903565004, 7935867004, 7902218004, 0330915004, 0203711004, 0202227004, 0204190004, 0200482004, 0200484004, 0200489004, 0200490004, 0230938004, 0200492004, 0202676004, 0303862004, 0229036004, 0200495004, 0201153004, 0352542004, 0300603004, 0203117004, 0202175004, 0300600004, 0203661004, 0300596004, 0300588004, 0300591004, 0200593004, 0224749004, 0200583004, 0300584004, 0300585004, 0300582004, 0204195004, 0300578004, 0229381004, 0200580004, 0202671004, 0204249004, 0200868004, 0200573004, 0200571004, 0230252004, 0303731004, 0200556004, 0303973004, 0200550004, 0201875004, 0200549004, 0200548004, 0200547004, 0345761004, 0201072004 | Q33: 53 | S33: DJ AL04010004 | X33: DJ AL04010004 | Y33: -7.1880995 | Z33: -48.231093 | AA33: abrir | AB33: |DJ AL04010004|
A34: 33 | B34: TR-033 | C34: Suporte Chave 8802014004 | D34: N39 | E34: 94070 | F34: 2.7493451 | G34: 1474.1741 | H34: 1474.1741 | I34: T1 | J34: Tronco | K34: Tronco | L34: 1 | M34: DJ AL04010004 | N34: Disjuntor (DJ) | O34: 7903565004 | P34: 7903565004, 7935867004, 7902218004, 0330915004, 0203711004, 0202227004, 0204190004, 0200482004, 0200484004, 0200489004, 0200490004, 0230938004, 0200492004, 0202676004, 0303862004, 0229036004, 0200495004, 0201153004, 0352542004, 0300603004, 0203117004, 0202175004, 0300600004, 0203661004, 0300596004, 0300588004, 0300591004, 0200593004, 0224749004, 0200583004, 0300584004, 0300585004, 0300582004, 0204195004, 0300578004, 0229381004, 0200580004, 0202671004, 0204249004, 0200868004, 0200573004, 0200571004, 0230252004, 0303731004, 0200556004, 0303973004, 0200550004, 0201875004, 0200549004, 0200548004, 0200547004, 0345761004, 0201072004 | Q34: 53 | R34: 8802014004 | S34: DJ AL04010004 | X34: DJ AL04010004 | Y34: -7.187958 | Z34: -48.230939 | AA34: abrir | AB34: |DJ AL04010004|
A35: 34 | B35: TR-034 | C35: 2753680 | D35: 94070 | E35: 104546 | F35: 71.289891 | G35: 1545.464 | H35: 1545.464 | I35: T1 | J35: Tronco | K35: Tronco | L35: 1 | M35: DJ AL04010004 | N35: Disjuntor (DJ) | O35: 7903565004 | P35: 7903565004, 7935867004, 7902218004, 0330915004, 0203711004, 0202227004, 0204190004, 0200482004, 0200484004, 0200489004, 0200490004, 0230938004, 0200492004, 0202676004, 0303862004, 0229036004, 0200495004, 0201153004, 0352542004, 0300603004, 0203117004, 0202175004, 0300600004, 0203661004, 0300596004, 0300588004, 0300591004, 0200593004, 0224749004, 0200583004, 0300584004, 0300585004, 0300582004, 0204195004, 0300578004, 0229381004, 0200580004, 0202671004, 0204249004, 0200868004, 0200573004, 0200571004, 0230252004, 0303731004, 0200556004, 0303973004, 0200550004, 0201875004, 0200549004, 0200548004, 0200547004, 0345761004, 0201072004 | Q35: 53 | S35: DJ AL04010004 | X35: DJ AL04010004 | Y35: -7.18773 | Z35: -48.230695 | AA35: abrir | AB35: |DJ AL04010004|
A36: 35 | B36: TR-035 | C36: 2518502 | D36: 104546 | E36: 33261324 | F36: 97.587698 | G36: 1643.0517 | H36: 1643.0517 | I36: T1 | J36: Tronco | K36: Tronco | L36: 1 | M36: DJ AL04010004 | N36: Disjuntor (DJ) | O36: 7903565004 | P36: 7903565004, 7935867004, 7902218004, 0330915004, 0203711004, 0202227004, 0204190004, 0200482004, 0200484004, 0200489004, 0200490004, 0230938004, 0200492004, 0202676004, 0303862004, 0229036004, 0200495004, 0201153004, 0352542004, 0300603004, 0203117004, 0202175004, 0300600004, 0203661004, 0300596004, 0300588004, 0300591004, 0200593004, 0224749004, 0200583004, 0300584004, 0300585004, 0300582004, 0204195004, 0300578004, 0229381004, 0200580004, 0202671004, 0204249004, 0200868004, 0200573004, 0200571004, 0230252004, 0303731004, 0200556004, 0303973004, 0200550004, 0201875004, 0200549004, 0200548004, 0200547004, 0345761004 | Q36: 52 | S36: DJ AL04010004 | X36: DJ AL04010004 | Y36: -7.1871975 | Z36: -48.23015 | AA36: abrir | AB36: |DJ AL04010004|
A37: 36 | B37: TR-036 | C37: 2796901 | D37: 33261324 | E37: 94069 | F37: 36.74824 | G37: 1679.7999 | H37: 1679.7999 | I37: T1 | J37: Tronco | K37: Tronco | L37: 1 | M37: DJ AL04010004 | N37: Disjuntor (DJ) | O37: 7903565004 | P37: 7903565004, 7935867004, 7902218004, 0330915004, 0203711004, 0202227004, 0204190004, 0200482004, 0200484004, 0200489004, 0200490004, 0230938004, 0200492004, 0202676004, 0303862004, 0229036004, 0200495004, 0201153004, 0352542004, 0300603004, 0203117004, 0202175004, 0300600004, 0203661004, 0300596004, 0300588004, 0300591004, 0200593004, 0224749004, 0200583004, 0300584004, 0300585004, 0300582004, 0204195004, 0300578004, 0229381004, 0200580004, 0202671004, 0204249004, 0200868004, 0200573004, 0200571004, 0230252004, 0303731004, 0200556004, 0303973004, 0200550004, 0201875004, 0200549004, 0200548004, 0200547004 | Q37: 51 | S37: DJ AL04010004 | X37: DJ AL04010004 | Y37: -7.186765 | Z37: -48.229725 | AA37: abrir | AB37: |DJ AL04010004|
A38: 37 | B38: TR-037 | C38: 2796900 | D38: 94069 | E38: 94068 | F38: 107.29137 | G38: 1787.0913 | H38: 1787.0913 | I38: T1 | J38: Tronco | K38: Tronco | L38: 1 | M38: DJ AL04010004 | N38: Disjuntor (DJ) | O38: 7903565004 | P38: 7903565004, 7935867004, 7902218004, 0330915004, 0203711004, 0202227004, 0204190004, 0200482004, 0200484004, 0200489004, 0200490004, 0230938004, 0200492004, 0202676004, 0303862004, 0229036004, 0200495004, 0201153004, 0352542004, 0300603004, 0203117004, 0202175004, 0300600004, 0203661004, 0300596004, 0300588004, 0300591004, 0200593004, 0224749004, 0200583004, 0300584004, 0300585004, 0300582004, 0204195004, 0300578004, 0229381004, 0200580004, 0202671004, 0204249004, 0200868004, 0200573004, 0200571004, 0230252004, 0303731004, 0200556004, 0303973004, 0200550004, 0201875004, 0200549004, 0200548004 | Q38: 50 | S38: DJ AL04010004 | X38: DJ AL04010004 | Y38: -7.1862925 | Z38: -48.229278 | AA38: abrir | AB38: |DJ AL04010004|
A39: 38 | B39: TR-038 | C39: 2770392 | D39: 94068 | E39: 536379 | F39: 43.182473 | G39: 1830.2738 | H39: 1830.2738 | I39: T1 | J39: Tronco | K39: Tronco | L39: 1 | M39: DJ AL04010004 | N39: Disjuntor (DJ) | O39: 7903565004 | P39: 7903565004, 7935867004, 7902218004, 0330915004, 0203711004, 0202227004, 0204190004, 0200482004, 0200484004, 0200489004, 0200490004, 0230938004, 0200492004, 0202676004, 0303862004, 0229036004, 0200495004, 0201153004, 0352542004, 0300603004, 0203117004, 0202175004, 0300600004, 0203661004, 0300596004, 0300588004, 0300591004, 0200593004, 0224749004, 0200583004, 0300584004, 0300585004, 0300582004, 0204195004, 0300578004, 0229381004, 0200580004, 0202671004, 0204249004, 0200868004, 0200573004, 0200571004, 0230252004, 0303731004, 0200556004, 0303973004, 0200550004, 0201875004, 0200549004 | Q39: 49 | S39: DJ AL04010004 | X39: DJ AL04010004 | Y39: -7.1858085 | Z39: -48.228802 | AA39: abrir | AB39: |DJ AL04010004|
A40: 39 | B40: TR-039 | C40: 12072728 | D40: 536379 | E40: N48 | F40: 3.9178237 | G40: 1834.1916 | H40: 1834.1916 | I40: T1 | J40: Tronco | K40: Tronco | L40: 1 | M40: DJ AL04010004 | N40: Disjuntor (DJ) | O40: 7903565004 | P40: 7903565004, 7935867004, 7902218004, 0330915004, 0203711004, 0202227004, 0204190004, 0200482004, 0200484004, 0200489004, 0200490004, 0230938004, 0200492004, 0202676004, 0303862004, 0229036004, 0200495004, 0201153004, 0352542004, 0300603004, 0203117004, 0202175004, 0300600004, 0203661004, 0300596004, 0300588004, 0300591004, 0200593004, 0224749004, 0200583004, 0300584004, 0300585004, 0300582004, 0204195004, 0300578004, 0229381004, 0200580004, 0202671004, 0204249004, 0200868004, 0200573004, 0200571004, 0230252004, 0303731004, 0200556004, 0303973004, 0200550004, 0201875004, 0200549004 | Q40: 49 | S40: DJ AL04010004 | X40: DJ AL04010004 | Y40: -7.185665 | Z40: -48.228645 | AA40: abrir | AB40: |DJ AL04010004|
A41: 40 | B41: TR-040 | C41: 2773096 | D41: N48 | E41: 122088 | F41: 127.97901 | G41: 1962.1706 | H41: 1962.1706 | I41: T1 | J41: Tronco | K41: Tronco | L41: 1 | M41: DJ AL04010004 | N41: Disjuntor (DJ) | O41: 7903565004 | P41: 7903565004, 7935867004, 7902218004, 0330915004, 0203711004, 0202227004, 0204190004, 0200482004, 0200484004, 0200489004, 0200490004, 0230938004, 0200492004, 0202676004, 0303862004, 0229036004, 0200495004, 0201153004, 0352542004, 0300603004, 0203117004, 0202175004, 0300600004, 0203661004, 0300596004, 0300588004, 0300591004, 0200593004, 0224749004, 0200583004, 0300584004, 0300585004, 0300582004, 0204195004, 0300578004, 0229381004, 0200580004, 0202671004, 0204249004, 0200868004, 0200573004, 0200571004, 0230252004, 0303731004, 0200556004, 0303973004, 0200550004, 0201875004, 0200549004 | Q41: 49 | S41: DJ AL04010004 | X41: DJ AL04010004 | Y41: -7.1852425 | Z41: -48.228226 | AA41: abrir | AB41: |DJ AL04010004|
A42: 41 | B42: TR-041 | C42: 2517551 | D42: 122088 | E42: 20392852 | F42: 163.85065 | G42: 2126.0213 | H42: 2126.0213 | I42: T1 | J42: Tronco | K42: Tronco | L42: 1 | M42: DJ AL04010004 | N42: Disjuntor (DJ) | O42: 7903565004 | P42: 7903565004, 7935867004, 7902218004, 0330915004, 0203711004, 0202227004, 0204190004, 0200482004, 0200484004, 0200489004, 0200490004, 0230938004, 0200492004, 0202676004, 0303862004, 0229036004, 0200495004, 0201153004, 0352542004, 0300603004, 0203117004, 0202175004, 0300600004, 0203661004, 0300596004, 0300588004, 0300591004, 0200593004, 0224749004, 0200583004, 0300584004, 0300585004, 0300582004, 0204195004, 0300578004, 0229381004, 0200580004, 0202671004, 0204249004, 0200868004, 0200573004, 0200571004, 0230252004, 0303731004, 0200556004, 0303973004, 0200550004, 0201875004, 0200549004 | Q42: 49 | S42: DJ AL04010004 | X42: DJ AL04010004 | Y42: -7.1843065 | Z42: -48.227299 | AA42: abrir | AB42: |DJ AL04010004|
A43: 42 | B43: TR-042 | C43: 2517963 | D43: 20392852 | E43: 552519 | F43: 25.400056 | G43: 2151.4213 | H43: 2151.4213 | I43: T1 | J43: Tronco | K43: Tronco | L43: 1 | M43: DJ AL04010004 | N43: Disjuntor (DJ) | O43: 7903565004 | P43: 7903565004, 7935867004, 7902218004, 0330915004, 0203711004, 0202227004, 0204190004, 0200482004, 0200484004, 0200489004, 0200490004, 0230938004, 0200492004, 0202676004, 0303862004, 0229036004, 0200495004, 0201153004, 0352542004, 0300603004, 0203117004, 0202175004, 0300600004, 0203661004, 0300596004, 0300588004, 0300591004, 0200593004, 0224749004, 0200583004, 0300584004, 0300585004, 0300582004, 0204195004, 0300578004, 0229381004, 0200580004, 0202671004, 0204249004, 0200868004, 0200573004, 0200571004, 0230252004, 0303731004, 0200556004, 0303973004, 0200550004, 0201875004 | Q43: 48 | S43: DJ AL04010004 | X43: DJ AL04010004 | Y43: -7.183697 | Z43: -48.2267 | AA43: abrir | AB43: |DJ AL04010004|
A44: 43 | B44: TR-043 | C44: 2516237 | D44: 552519 | E44: 550421 | F44: 46.969166 | G44: 2198.3905 | H44: 2198.3905 | I44: T1 | J44: Tronco | K44: Tronco | L44: 1 | M44: DJ AL04010004 | N44: Disjuntor (DJ) | O44: 7903565004 | P44: 7903565004, 7935867004, 7902218004, 0330915004, 0203711004, 0202227004, 0204190004, 0200482004, 0200484004, 0200489004, 0200490004, 0230938004, 0200492004, 0202676004, 0303862004, 0229036004, 0200495004, 0201153004, 0352542004, 0300603004, 0203117004, 0202175004, 0300600004, 0203661004, 0300596004, 0300588004, 0300591004, 0200593004, 0224749004, 0200583004, 0300584004, 0300585004, 0300582004, 0204195004, 0300578004, 0229381004, 0200580004, 0202671004, 0204249004, 0200868004, 0200573004, 0200571004, 0230252004, 0303731004, 0200556004, 0303973004, 0200550004, 0201875004 | Q44: 48 | S44: DJ AL04010004 | X44: DJ AL04010004 | Y44: -7.183457 | Z44: -48.226478 | AA44: abrir | AB44: |DJ AL04010004|
A45: 44 | B45: TR-044 | C45: 12072730 | D45: 550421 | E45: N54 | F45: 3.7698689 | G45: 2202.1603 | H45: 2202.1603 | I45: T1 | J45: Tronco | K45: Tronco | L45: 1 | M45: DJ AL04010004 | N45: Disjuntor (DJ) | O45: 7903565004 | P45: 7903565004, 7935867004, 7902218004, 0330915004, 0203711004, 0202227004, 0204190004, 0200482004, 0200484004, 0200489004, 0200490004, 0230938004, 0200492004, 0202676004, 0303862004, 0229036004, 0200495004, 0201153004, 0352542004, 0300603004, 0203117004, 0202175004, 0300600004, 0203661004, 0300596004, 0300588004, 0300591004, 0200593004, 0224749004, 0200583004, 0300584004, 0300585004, 0300582004, 0204195004, 0300578004, 0229381004, 0200580004, 0202671004, 0204249004, 0200868004, 0200573004, 0200571004, 0230252004, 0303731004, 0200556004, 0303973004, 0200550004, 0201875004 | Q45: 48 | S45: DJ AL04010004 | X45: DJ AL04010004 | Y45: -7.18329 | Z45: -48.226322 | AA45: abrir | AB45: |DJ AL04010004|
A46: 45 | B46: TR-045 | C46: 2797286 | D46: N54 | E46: 272816 | F46: 15.919869 | G46: 2218.0802 | H46: 2218.0802 | I46: T1 | J46: Tronco | K46: Tronco | L46: 1 | M46: DJ AL04010004 | N46: Disjuntor (DJ) | O46: 7903565004 | P46: 7903565004, 7935867004, 7902218004, 0330915004, 0203711004, 0202227004, 0204190004, 0200482004, 0200484004, 0200489004, 0200490004, 0230938004, 0200492004, 0202676004, 0303862004, 0229036004, 0200495004, 0201153004, 0352542004, 0300603004, 0203117004, 0202175004, 0300600004, 0203661004, 0300596004, 0300588004, 0300591004, 0200593004, 0224749004, 0200583004, 0300584004, 0300585004, 0300582004, 0204195004, 0300578004, 0229381004, 0200580004, 0202671004, 0204249004, 0200868004, 0200573004, 0200571004, 0230252004, 0303731004, 0200556004, 0303973004, 0200550004, 0201875004 | Q46: 48 | S46: DJ AL04010004 | X46: DJ AL04010004 | Y46: -7.183226 | Z46: -48.226261 | AA46: abrir | AB46: |DJ AL04010004|
... A53: 52 | B53: TR-052 | C53: 2516716 | D53: 51777413 | E53: N65 | F53: 168.54865 | G53: 2829.97 | H53: 2829.97 | I53: T1 | J53: Tronco | K53: Tronco | L53: 1 | M53: DJ AL04010004 | N53: Disjuntor (DJ) | O53: 7903565004 | P53: 7903565004, 7935867004, 7902218004, 0330915004, 0203711004, 0202227004, 0204190004, 0200482004, 0200484004, 0200489004, 0200490004, 0230938004, 0200492004, 0202676004, 0303862004, 0229036004, 0200495004, 0201153004, 0352542004, 0300603004, 0203117004, 0202175004, 0300600004, 0203661004, 0300596004, 0300588004, 0300591004, 0200593004, 0224749004, 0200583004, 0300584004, 0300585004, 0300582004, 0204195004, 0300578004, 0229381004, 0200580004, 0202671004, 0204249004, 0200868004, 0200573004, 0200571004, 0230252004, 0303731004, 0200556004, 0303973004 | Q53: 46 | S53: DJ AL04010004 | X53: DJ AL04010004 | Y53: -7.179781 | Z53: -48.222868 | AA53: abrir | AB53: |DJ AL04010004|
A54: 53 | B54: TR-053 | C54: Suporte Chave 8800554004 | D54: N65 | E54: 94060 | F54: 3.1327632 | G54: 2833.1028 | H54: 2833.1028 | I54: T1 | J54: Tronco | K54: Tronco | L54: 1 | M54: DJ AL04010004 | N54: Disjuntor (DJ) | O54: 7903565004 | P54: 7903565004, 7935867004, 7902218004, 0330915004, 0203711004, 0202227004, 0204190004, 0200482004, 0200484004, 0200489004, 0200490004, 0230938004, 0200492004, 0202676004, 0303862004, 0229036004, 0200495004, 0201153004, 0352542004, 0300603004, 0203117004, 0202175004, 0300600004, 0203661004, 0300596004, 0300588004, 0300591004, 0200593004, 0224749004, 0200583004, 0300584004, 0300585004, 0300582004, 0204195004, 0300578004, 0229381004, 0200580004, 0202671004, 0204249004, 0200868004, 0200573004, 0200571004, 0230252004, 0303731004, 0200556004, 0303973004 | Q54: 46 | R54: 8800554004 | S54: DJ AL04010004 | X54: DJ AL04010004 | Y54: -7.179231 | Z54: -48.222322 | AA54: abrir | AB54: |DJ AL04010004|
A55: 54 | B55: TR-054 | C55: 2796312 | D55: 94060 | E55: 550921 | F55: 53.026555 | G55: 2886.1294 | H55: 2886.1294 | I55: T1 | J55: Tronco | K55: Tronco | L55: 1 | M55: DJ AL04010004 | N55: Disjuntor (DJ) | O55: 7903565004 | P55: 7903565004, 7935867004, 7902218004, 0330915004, 0203711004, 0202227004, 0204190004, 0200482004, 0200484004, 0200489004, 0200490004, 0230938004, 0200492004, 0202676004, 0303862004, 0229036004, 0200495004, 0201153004, 0352542004, 0300603004, 0203117004, 0202175004, 0300600004, 0203661004, 0300596004, 0300588004, 0300591004, 0200593004, 0224749004, 0200583004, 0300584004, 0300585004, 0300582004, 0204195004, 0300578004, 0229381004, 0200580004, 0202671004, 0204249004, 0200868004, 0200573004, 0200571004, 0230252004, 0303731004, 0200556004, 0303973004 | Q55: 46 | S55: DJ AL04010004 | X55: DJ AL04010004 | Y55: -7.1790505 | Z55: -48.222144 | AA55: abrir | AB55: |DJ AL04010004|
A56: 55 | B56: TR-055 | C56: 12077652 | D56: 550921 | E56: N68 | F56: 1.8184308 | G56: 2887.9478 | H56: 2887.9478 | I56: T1 | J56: Tronco | K56: Tronco | L56: 1 | M56: DJ AL04010004 | N56: Disjuntor (DJ) | O56: 7903565004 | P56: 7903565004, 7935867004, 7902218004, 0330915004, 0203711004, 0202227004, 0204190004, 0200482004, 0200484004, 0200489004, 0200490004, 0230938004, 0200492004, 0202676004, 0303862004, 0229036004, 0200495004, 0201153004, 0352542004, 0300603004, 0203117004, 0202175004, 0300600004, 0203661004, 0300596004, 0300588004, 0300591004, 0200593004, 0224749004, 0200583004, 0300584004, 0300585004, 0300582004, 0204195004, 0300578004, 0229381004, 0200580004, 0202671004, 0204249004, 0200868004, 0200573004, 0200571004, 0230252004, 0303731004, 0200556004, 0303973004 | Q56: 46 | S56: DJ AL04010004 | X56: DJ AL04010004 | Y56: -7.1788735 | Z56: -48.221981 | AA56: abrir | AB56: |DJ AL04010004|
A57: 56 | B57: TR-056 | C57: 12077653 | D57: N68 | E57: N69 | F57: 3.6347081 | G57: 2891.5825 | H57: 2891.5825 | I57: T1 | J57: Tronco | K57: Tronco | L57: 1 | M57: DJ AL04010004 | N57: Disjuntor (DJ) | O57: 7903565004 | P57: 7903565004, 7935867004, 7902218004, 0330915004, 0203711004, 0202227004, 0204190004, 0200482004, 0200484004, 0200489004, 0200490004, 0230938004, 0200492004, 0202676004, 0303862004, 0229036004, 0200495004, 0201153004, 0352542004, 0300603004, 0203117004, 0202175004, 0300600004, 0203661004, 0300596004, 0300588004, 0300591004, 0200593004, 0224749004, 0200583004, 0300584004, 0300585004, 0300582004, 0204195004, 0300578004, 0229381004, 0200580004, 0202671004, 0204249004, 0200868004, 0200573004, 0200571004, 0230252004, 0303731004, 0200556004, 0303973004 | Q57: 46 | S57: DJ AL04010004 | X57: DJ AL04010004 | Y57: -7.178881 | Z57: -48.221978 | AA57: abrir | AB57: |DJ AL04010004|
A58: 57 | B58: TR-057 | C58: 2752539 | D58: N69 | E58: 94059 | F58: 20.708106 | G58: 2912.2906 | H58: 2912.2906 | I58: T1 | J58: Tronco | K58: Tronco | L58: 1 | M58: DJ AL04010004 | N58: Disjuntor (DJ) | O58: 7903565004 | P58: 7903565004, 7935867004, 7902218004, 0330915004, 0203711004, 0202227004, 0204190004, 0200482004, 0200484004, 0200489004, 0200490004, 0230938004, 0200492004, 0202676004, 0303862004, 0229036004, 0200495004, 0201153004, 0352542004, 0300603004, 0203117004, 0202175004, 0300600004, 0203661004, 0300596004, 0300588004, 0300591004, 0200593004, 0224749004, 0200583004, 0300584004, 0300585004, 0300582004, 0204195004, 0300578004, 0229381004, 0200580004, 0202671004, 0204249004, 0200868004, 0200573004, 0200571004, 0230252004, 0303731004, 0200556004, 0303973004 | Q58: 46 | S58: DJ AL04010004 | X58: DJ AL04010004 | Y58: -7.178979 | Z58: -48.221928 | AA58: abrir | AB58: |DJ AL04010004|
A59: 58 | B59: TR-058 | C59: Suporte Chave 8801115004 | D59: 94059 | E59: N73 | F59: 4.1209483 | G59: 2916.4116 | H59: 2916.4116 | I59: T1 | J59: Tronco | K59: Tronco | L59: 1 | M59: DJ AL04010004 | N59: Disjuntor (DJ) | O59: 7903565004 | P59: 7903565004, 7935867004, 7902218004, 0330915004, 0203711004, 0202227004, 0204190004, 0200482004, 0200484004, 0200489004, 0200490004, 0230938004, 0200492004, 0202676004, 0303862004, 0229036004, 0200495004, 0201153004, 0352542004, 0300603004, 0203117004, 0202175004, 0300600004, 0203661004, 0300596004, 0300588004, 0300591004, 0200593004, 0224749004, 0200583004, 0300584004, 0300585004, 0300582004, 0204195004, 0300578004, 0229381004, 0200580004, 0202671004, 0204249004, 0200868004, 0200573004, 0200571004, 0230252004, 0303731004, 0200556004, 0303973004 | Q59: 46 | R59: 8801115004 | S59: DJ AL04010004 | X59: DJ AL04010004 | Y59: -7.1790795 | Z59: -48.22188 | AA59: abrir | AB59: |DJ AL04010004|
A60: 59 | B60: TR-059 | C60: 2634513 | D60: N73 | E60: N77 | F60: 51.986423 | G60: 2968.398 | H60: 2968.398 | I60: T1 | J60: Tronco | K60: Tronco | L60: 1 | M60: DJ AL04010004 | N60: Disjuntor (DJ) | O60: 7903565004 | P60: 7903565004, 7935867004, 7902218004, 0330915004, 0203711004, 0202227004, 0204190004, 0200482004, 0200484004, 0200489004, 0200490004, 0230938004, 0200492004, 0202676004, 0303862004, 0229036004, 0200495004, 0201153004, 0352542004, 0300603004, 0203117004, 0202175004, 0300600004, 0203661004, 0300596004, 0300588004, 0300591004, 0200593004, 0224749004, 0200583004, 0300584004, 0300585004, 0300582004, 0204195004, 0300578004, 0229381004, 0200580004, 0202671004, 0204249004, 0200868004, 0200573004, 0200571004, 0230252004, 0303731004, 0200556004, 0303973004 | Q60: 46 | S60: DJ AL04010004 | X60: DJ AL04010004 | Y60: -7.179306 | Z60: -48.221767 | AA60: abrir | AB60: |DJ AL04010004|
A61: 60 | B61: TR-060 | C61: Suporte Chave 9003565004 | D61: N77 | E61: N116 | F61: 0.39874543 | G61: 2968.7967 | H61: 2968.7967 | I61: T1 | J61: Tronco | K61: Tronco | L61: 1 | M61: DJ AL04010004 | N61: Disjuntor (DJ) | O61: 7903565004 | P61: 7903565004, 7935867004, 7902218004, 0330915004, 0203711004, 0202227004, 0204190004, 0200482004, 0200484004, 0200489004, 0200490004, 0230938004, 0200492004, 0202676004, 0303862004, 0229036004, 0200495004, 0201153004, 0352542004, 0300603004, 0203117004, 0202175004, 0300600004, 0203661004, 0300596004, 0300588004, 0300591004, 0200593004, 0224749004, 0200583004, 0300584004, 0300585004, 0300582004, 0204195004, 0300578004, 0229381004, 0200580004, 0202671004, 0204249004, 0200868004, 0200573004, 0200571004, 0230252004, 0303731004, 0200556004, 0303973004 | Q61: 46 | S61: DJ AL04010004 | X61: DJ AL04010004 | Y61: -7.179517 | Z61: -48.221663 | AA61: abrir | AB61: |DJ AL04010004|
A62: 61 | B62: TR-061 | C62: 3662783 | D62: N116 | E62: N117 | F62: 3.016649 | G62: 2971.8134 | H62: 2971.8134 | I62: T1 | J62: Tronco | K62: Tronco | L62: 1 | M62: DJ AL04010004 | N62: Disjuntor (DJ) | O62: 7903565004 | P62: 7903565004, 7935867004, 7902218004, 0330915004, 0203711004, 0202227004, 0204190004, 0200482004, 0200484004, 0200489004, 0200490004, 0230938004, 0200492004, 0202676004, 0303862004, 0229036004, 0200495004, 0201153004, 0352542004, 0300603004, 0203117004, 0202175004, 0300600004, 0203661004, 0300596004, 0300588004, 0300591004, 0200593004, 0224749004, 0200583004, 0300584004, 0300585004, 0300582004, 0204195004, 0300578004, 0229381004, 0200580004, 0202671004, 0204249004, 0200868004, 0200573004, 0200571004, 0230252004, 0303731004, 0200556004, 0303973004 | Q62: 46 | S62: DJ AL04010004 | X62: DJ AL04010004 | Y62: -7.1795245 | Z62: -48.221649 | AA62: abrir | AB62: |DJ AL04010004|
A63: 62 | B63: TR-062 | C63: Suporte Chave 7903565004 | D63: N117 | E63: 646207 | F63: 0.35135451 | G63: 2972.1647 | H63: 2972.1647 | I63: T1 | J63: Tronco | K63: Tronco | L63: 1 | M63: DJ AL04010004 | N63: Disjuntor (DJ) | O63: 7903565004 | P63: 7903565004, 7935867004, 7902218004, 0330915004, 0203711004, 0202227004, 0204190004, 0200482004, 0200484004, 0200489004, 0200490004, 0230938004, 0200492004, 0202676004, 0303862004, 0229036004, 0200495004, 0201153004, 0352542004, 0300603004, 0203117004, 0202175004, 0300600004, 0203661004, 0300596004, 0300588004, 0300591004, 0200593004, 0224749004, 0200583004, 0300584004, 0300585004, 0300582004, 0204195004, 0300578004, 0229381004, 0200580004, 0202671004, 0204249004, 0200868004, 0200573004, 0200571004, 0230252004, 0303731004, 0200556004, 0303973004 | Q63: 46 | S63: DJ AL04010004 | X63: DJ AL04010004 | Y63: -7.1795325 | Z63: -48.221637 | AA63: abrir | AB63: |DJ AL04010004|
A64: 63 | B64: TR-063 | C64: 3662782 | D64: 646207 | E64: N119 | F64: 2.093414 | G64: 2974.2581 | H64: 2.093414 | I64: T2 | J64: Tronco | K64: Tronco | L64: 2 | M64: 7903565004 | N64: Religador (79) | O64: 7935867004 | P64: 7935867004, 7902218004, 0330915004, 0203711004, 0202227004, 0204190004, 0200482004, 0200484004, 0200489004, 0200490004, 0230938004, 0200492004, 0202676004, 0303862004, 0229036004, 0200495004, 0201153004, 0352542004, 0300603004, 0203117004, 0202175004, 0300600004, 0203661004, 0300596004, 0300588004, 0300591004, 0200593004, 0224749004, 0200583004, 0300584004, 0300585004, 0300582004, 0204195004, 0300578004, 0229381004, 0200580004, 0202671004, 0204249004, 0200868004, 0200573004, 0200571004, 0230252004, 0303731004, 0200556004, 0303973004 | Q64: 45 | S64: DJ AL04010004 | T64: 7903565004 | X64: DJ AL04010004 › 7903565004 | Y64: -7.179542 | Z64: -48.221631 | AA64: abrir | AB64: |DJ AL04010004|7903565004|
A65: 64 | B65: TR-064 | C65: Suporte Chave 9004023004 | D65: N119 | E65: N126 | F65: 0.35135451 | G65: 2974.6095 | H65: 2.4447685 | I65: T2 | J65: Tronco | K65: Tronco | L65: 2 | M65: 7903565004 | N65: Religador (79) | O65: 7935867004 | P65: 7935867004, 7902218004, 0330915004, 0203711004, 0202227004, 0204190004, 0200482004, 0200484004, 0200489004, 0200490004, 0230938004, 0200492004, 0202676004, 0303862004, 0229036004, 0200495004, 0201153004, 0352542004, 0300603004, 0203117004, 0202175004, 0300600004, 0203661004, 0300596004, 0300588004, 0300591004, 0200593004, 0224749004, 0200583004, 0300584004, 0300585004, 0300582004, 0204195004, 0300578004, 0229381004, 0200580004, 0202671004, 0204249004, 0200868004, 0200573004, 0200571004, 0230252004, 0303731004, 0200556004, 0303973004 | Q65: 45 | S65: DJ AL04010004 | T65: 7903565004 | X65: DJ AL04010004 › 7903565004 | Y65: -7.1795515 | Z65: -48.221626 | AA65: abrir | AB65: |DJ AL04010004|7903565004|
A66: 65 | B66: TR-065 | C66: 3662768 | D66: N126 | E66: N127 | F66: 2.3203205 | G66: 2976.9298 | H66: 4.765089 | I66: T2 | J66: Tronco | K66: Tronco | L66: 2 | M66: 7903565004 | N66: Religador (79) | O66: 7935867004 | P66: 7935867004, 7902218004, 0330915004, 0203711004, 0202227004, 0204190004, 0200482004, 0200484004, 0200489004, 0200490004, 0230938004, 0200492004, 0202676004, 0303862004, 0229036004, 0200495004, 0201153004, 0352542004, 0300603004, 0203117004, 0202175004, 0300600004, 0203661004, 0300596004, 0300588004, 0300591004, 0200593004, 0224749004, 0200583004, 0300584004, 0300585004, 0300582004, 0204195004, 0300578004, 0229381004, 0200580004, 0202671004, 0204249004, 0200868004, 0200573004, 0200571004, 0230252004, 0303731004, 0200556004, 0303973004 | Q66: 45 | S66: DJ AL04010004 | T66: 7903565004 | X66: DJ AL04010004 › 7903565004 | Y66: -7.179563 | Z66: -48.22163 | AA66: abrir | AB66: |DJ AL04010004|7903565004|
A67: 66 | B67: TR-066 | C67: 2634514 | D67: N127 | E67: 94057 | F67: 54.415478 | G67: 3031.3453 | H67: 59.180567 | I67: T2 | J67: Tronco | K67: Tronco | L67: 2 | M67: 7903565004 | N67: Religador (79) | O67: 7935867004 | P67: 7935867004, 7902218004, 0330915004, 0203711004, 0202227004, 0204190004, 0200482004, 0200484004, 0200489004, 0200490004, 0230938004, 0200492004, 0202676004, 0303862004, 0229036004, 0200495004, 0201153004, 0352542004, 0300603004, 0203117004, 0202175004, 0300600004, 0203661004, 0300596004, 0300588004, 0300591004, 0200593004, 0224749004, 0200583004, 0300584004, 0300585004, 0300582004, 0204195004, 0300578004, 0229381004, 0200580004, 0202671004, 0204249004, 0200868004, 0200573004, 0200571004, 0230252004, 0303731004, 0200556004, 0303973004 | Q67: 45 | S67: DJ AL04010004 | T67: 7903565004 | X67: DJ AL04010004 › 7903565004 | Y67: -7.1797915 | Z67: -48.221522 | AA67: abrir | AB67: |DJ AL04010004|7903565004|
A68: 67 | B68: TR-067 | C68: 2516239 | D68: 94057 | E68: N130 | F68: 43.791758 | G68: 3075.1371 | H68: 102.97232 | I68: T2 | J68: Tronco | K68: Tronco | L68: 2 | M68: 7903565004 | N68: Religador (79) | O68: 7935867004 | P68: 7935867004, 7902218004, 0330915004, 0203711004, 0202227004, 0204190004, 0200482004, 0200484004, 0200489004, 0200490004, 0230938004, 0200492004, 0202676004, 0303862004, 0229036004, 0200495004, 0201153004, 0352542004, 0300603004, 0203117004, 0202175004, 0300600004, 0203661004, 0300596004, 0300588004, 0300591004, 0200593004, 0224749004, 0200583004, 0300584004, 0300585004, 0300582004, 0204195004, 0300578004, 0229381004, 0200580004, 0202671004, 0204249004, 0200868004, 0200573004, 0200571004, 0230252004, 0303731004, 0200556004, 0303973004 | Q68: 45 | S68: DJ AL04010004 | T68: 7903565004 | X68: DJ AL04010004 › 7903565004 | Y68: -7.1801865 | Z68: -48.221323 | AA68: abrir | AB68: |DJ AL04010004|7903565004|
A69: 68 | B69: TR-068 | C69: 2516240 | D69: N130 | E69: 122229 | F69: 31.577014 | G69: 3106.7141 | H69: 134.54934 | I69: T2 | J69: Tronco | K69: Tronco | L69: 2 | M69: 7903565004 | N69: Religador (79) | O69: 7935867004 | P69: 7935867004, 7902218004, 0330915004, 0203711004, 0202227004, 0204190004, 0200482004, 0200484004, 0200489004, 0200490004, 0230938004, 0200492004, 0202676004, 0303862004, 0229036004, 0200495004, 0201153004, 0352542004, 0300603004, 0203117004, 0202175004, 0300600004, 0203661004, 0300596004, 0300588004, 0300591004, 0200593004, 0224749004, 0200583004, 0300584004, 0300585004, 0300582004, 0204195004, 0300578004, 0229381004, 0200580004, 0202671004, 0204249004, 0200868004, 0200573004, 0200571004, 0230252004, 0303731004, 0200556004 | Q69: 44 | S69: DJ AL04010004 | T69: 7903565004 | X69: DJ AL04010004 › 7903565004 | Y69: -7.18049 | Z69: -48.221171 | AA69: abrir | AB69: |DJ AL04010004|7903565004|
A70: 69 | B70: TR-069 | C70: 2797907 | D70: 122229 | E70: 550125 | F70: 113.30189 | G70: 3220.016 | H70: 247.85122 | I70: T2 | J70: Tronco | K70: Tronco | L70: 2 | M70: 7903565004 | N70: Religador (79) | O70: 7935867004 | P70: 7935867004, 7902218004, 0330915004, 0203711004, 0202227004, 0204190004, 0200482004, 0200484004, 0200489004, 0200490004, 0230938004, 0200492004, 0202676004, 0303862004, 0229036004, 0200495004, 0201153004, 0352542004, 0300603004, 0203117004, 0202175004, 0300600004, 0203661004, 0300596004, 0300588004, 0300591004, 0200593004, 0224749004, 0200583004, 0300584004, 0300585004, 0300582004, 0204195004, 0300578004, 0229381004, 0200580004, 0202671004, 0204249004, 0200868004, 0200573004, 0200571004, 0230252004, 0303731004 | Q70: 43 | S70: DJ AL04010004 | T70: 7903565004 | X70: DJ AL04010004 › 7903565004 | Y70: -7.1810735 | Z70: -48.220879 | AA70: abrir | AB70: |DJ AL04010004|7903565004|
A71: 70 | B71: TR-070 | C71: 2794799 | D71: 550125 | E71: 94189 | F71: 39.826517 | G71: 3259.8425 | H71: 287.67774 | I71: T2 | J71: Tronco | K71: Tronco | L71: 2 | M71: 7903565004 | N71: Religador (79) | O71: 7935867004 | P71: 7935867004, 7902218004, 0330915004, 0203711004, 0202227004, 0204190004, 0200482004, 0200484004, 0200489004, 0200490004, 0230938004, 0200492004, 0202676004, 0303862004, 0229036004, 0200495004, 0201153004, 0352542004, 0300603004, 0203117004, 0202175004, 0300600004, 0203661004, 0300596004, 0300588004, 0300591004, 0200593004, 0224749004, 0200583004, 0300584004, 0300585004, 0300582004, 0204195004, 0300578004, 0229381004, 0200580004, 0202671004, 0204249004, 0200868004, 0200573004, 0200571004, 0230252004, 0303731004 | Q71: 43 | S71: DJ AL04010004 | T71: 7903565004 | X71: DJ AL04010004 › 7903565004 | Y71: -7.1816915 | Z71: -48.220573 | AA71: abrir | AB71: |DJ AL04010004|7903565004|
A72: 71 | B72: TR-071 | C72: 2794801 | D72: 94189 | E72: N146 | F72: 36.900866 | G72: 3296.7433 | H72: 324.57861 | I72: T2 | J72: Tronco | K72: Tronco | L72: 2 | M72: 7903565004 | N72: Religador (79) | O72: 7935867004 | P72: 7935867004, 7902218004, 0330915004, 0203711004, 0202227004, 0204190004, 0200482004, 0200484004, 0200489004, 0200490004, 0230938004, 0200492004, 0202676004, 0303862004, 0229036004, 0200495004, 0201153004, 0352542004, 0300603004, 0203117004, 0202175004, 0300600004, 0203661004, 0300596004, 0300588004, 0300591004, 0200593004, 0224749004, 0200583004, 0300584004, 0300585004, 0300582004, 0204195004, 0300578004, 0229381004, 0200580004, 0202671004, 0204249004, 0200868004, 0200573004, 0200571004, 0230252004, 0303731004 | Q72: 43 | S72: DJ AL04010004 | T72: 7903565004 | X72: DJ AL04010004 › 7903565004 | Y72: -7.182003 | Z72: -48.220424 | AA72: abrir | AB72: |DJ AL04010004|7903565004|
A73: 72 | B73: TR-072 | C73: 12074783 | D73: N146 | E73: 122230 | F73: 3.7740784 | G73: 3300.5174 | H73: 328.35268 | I73: T2 | J73: Tronco | K73: Tronco | L73: 2 | M73: 7903565004 | N73: Religador (79) | O73: 7935867004 | P73: 7935867004, 7902218004, 0330915004, 0203711004, 0202227004, 0204190004, 0200482004, 0200484004, 0200489004, 0200490004, 0230938004, 0200492004, 0202676004, 0303862004, 0229036004, 0200495004, 0201153004, 0352542004, 0300603004, 0203117004, 0202175004, 0300600004, 0203661004, 0300596004, 0300588004, 0300591004, 0200593004, 0224749004, 0200583004, 0300584004, 0300585004, 0300582004, 0204195004, 0300578004, 0229381004, 0200580004, 0202671004, 0204249004, 0200868004, 0200573004, 0200571004, 0230252004, 0303731004 | Q73: 43 | S73: DJ AL04010004 | T73: 7903565004 | X73: DJ AL04010004 › 7903565004 | Y73: -7.182168 | Z73: -48.220344 | AA73: abrir | AB73: |DJ AL04010004|7903565004|
A74: 73 | B74: TR-073 | C74: 2795015 | D74: 122230 | E74: 1317022 | F74: 93.759341 | G74: 3394.2768 | H74: 422.11203 | I74: T2 | J74: Tronco | K74: Tronco | L74: 2 | M74: 7903565004 | N74: Religador (79) | O74: 7935867004 | P74: 7935867004, 7902218004, 0330915004, 0203711004, 0202227004, 0204190004, 0200482004, 0200484004, 0200489004, 0200490004, 0230938004, 0200492004, 0202676004, 0303862004, 0229036004, 0200495004, 0201153004, 0352542004, 0300603004, 0203117004, 0202175004, 0300600004, 0203661004, 0300596004, 0300588004, 0300591004, 0200593004, 0224749004, 0200583004, 0300584004, 0300585004, 0300582004, 0204195004, 0300578004, 0229381004, 0200580004, 0202671004, 0204249004, 0200868004, 0200573004, 0200571004, 0230252004 | Q74: 42 | S74: DJ AL04010004 | T74: 7903565004 | X74: DJ AL04010004 › 7903565004 | Y74: -7.1825635 | Z74: -48.220153 | AA74: abrir | AB74: |DJ AL04010004|7903565004|
A75: 74 | B75: TR-074 | C75: 3638906 | D75: 1317022 | E75: 1326106 | F75: 32.078875 | G75: 3426.3556 | H75: 454.1909 | I75: T2 | J75: Tronco | K75: Tronco | L75: 2 | M75: 7903565004 | N75: Religador (79) | O75: 7935867004 | P75: 7935867004, 7902218004, 0330915004, 0203711004, 0202227004, 0204190004, 0200482004, 0200484004, 0200489004, 0200490004, 0230938004, 0200492004, 0202676004, 0303862004, 0229036004, 0200495004, 0201153004, 0352542004, 0300603004, 0203117004, 0202175004, 0300600004, 0203661004, 0300596004, 0300588004, 0300591004, 0200593004, 0224749004, 0200583004, 0300584004, 0300585004, 0300582004, 0204195004, 0300578004, 0229381004, 0200580004, 0202671004, 0204249004, 0200868004, 0200573004, 0200571004, 0230252004 | Q75: 42 | S75: DJ AL04010004 | T75: 7903565004 | X75: DJ AL04010004 › 7903565004 | Y75: -7.183074 | Z75: -48.219907 | AA75: abrir | AB75: |DJ AL04010004|7903565004|
... A81: 80 | B81: TR-080 | C81: 2756705 | D81: 94183 | E81: N168 | F81: 114.19649 | G81: 3716.533 | H81: 744.36824 | I81: T2 | J81: Tronco | K81: Tronco | L81: 2 | M81: 7903565004 | N81: Religador (79) | O81: 7935867004 | P81: 7935867004, 7902218004, 0330915004, 0203711004, 0202227004, 0204190004, 0200482004, 0200484004, 0200489004, 0200490004, 0230938004, 0200492004, 0202676004, 0303862004, 0229036004, 0200495004, 0201153004, 0352542004, 0300603004, 0203117004, 0202175004, 0300600004, 0203661004, 0300596004, 0300588004, 0300591004, 0200593004, 0224749004 | Q81: 28 | S81: DJ AL04010004 | T81: 7903565004 | X81: DJ AL04010004 › 7903565004 | Y81: -7.185071 | Z81: -48.218885 | AA81: abrir | AB81: |DJ AL04010004|7903565004|
A82: 81 | B82: TR-081 | C82: Suporte Chave 8841355004 | D82: N168 | E82: 94370 | F82: 2.3077891 | G82: 3718.8408 | H82: 746.67603 | I82: T2 | J82: Tronco | K82: Tronco | L82: 2 | M82: 7903565004 | N82: Religador (79) | O82: 7935867004 | P82: 7935867004, 7902218004, 0330915004, 0203711004, 0202227004, 0204190004, 0200482004, 0200484004, 0200489004, 0200490004, 0230938004, 0200492004, 0202676004, 0303862004, 0229036004, 0200495004, 0201153004, 0352542004, 0300603004, 0203117004, 0202175004, 0300600004, 0203661004, 0300596004, 0300588004, 0300591004, 0200593004, 0224749004 | Q82: 28 | R82: 8841355004 | S82: DJ AL04010004 | T82: 7903565004 | X82: DJ AL04010004 › 7903565004 | Y82: -7.1855255 | Z82: -48.218623 | AA82: abrir | AB82: |DJ AL04010004|7903565004|
A83: 82 | B83: TR-082 | C83: 42957390 | D83: 94370 | E83: N170 | F83: 21.103885 | G83: 3739.9446 | H83: 767.77991 | I83: T2 | J83: Tronco | K83: Tronco | L83: 2 | M83: 7903565004 | N83: Religador (79) | O83: 7935867004 | P83: 7935867004, 7902218004, 0330915004, 0203711004, 0202227004, 0204190004, 0200482004, 0200484004, 0200489004, 0200490004, 0230938004, 0200492004, 0202676004, 0303862004, 0229036004, 0200495004, 0201153004, 0352542004, 0300603004, 0203117004, 0202175004, 0300600004, 0203661004, 0300596004, 0300588004, 0300591004, 0200593004, 0224749004 | Q83: 28 | S83: DJ AL04010004 | T83: 7903565004 | X83: DJ AL04010004 › 7903565004 | Y83: -7.1856075 | Z83: -48.218556 | AA83: abrir | AB83: |DJ AL04010004|7903565004|
A84: 83 | B84: TR-083 | C84: 2756701 | D84: N170 | E84: 303599 | F84: 153.11012 | G84: 3893.0548 | H84: 920.89003 | I84: T2 | J84: Tronco | K84: Tronco | L84: 2 | M84: 7903565004 | N84: Religador (79) | O84: 7935867004 | P84: 7935867004, 7902218004, 0330915004, 0203711004, 0202227004, 0204190004, 0200482004, 0200484004, 0200489004, 0200490004, 0230938004, 0200492004, 0202676004, 0303862004, 0229036004, 0200495004, 0201153004, 0352542004, 0300603004, 0203117004, 0202175004, 0300600004, 0203661004, 0300596004 | Q84: 24 | S84: DJ AL04010004 | T84: 7903565004 | X84: DJ AL04010004 › 7903565004 | Y84: -7.1861815 | Z84: -48.218019 | AA84: abrir | AB84: |DJ AL04010004|7903565004|
A85: 84 | B85: TR-084 | C85: 2796862 | D85: 303599 | E85: 94361 | F85: 8.0665618 | G85: 3901.1213 | H85: 928.95659 | I85: T2 | J85: Tronco | K85: Tronco | L85: 2 | M85: 7903565004 | N85: Religador (79) | O85: 7935867004 | P85: 7935867004, 7902218004, 0330915004, 0203711004, 0202227004, 0204190004, 0200482004, 0200484004, 0200489004, 0200490004, 0230938004, 0200492004, 0202676004, 0303862004, 0229036004, 0200495004, 0201153004, 0352542004, 0300603004, 0203117004, 0202175004, 0300600004, 0203661004, 0300596004 | Q85: 24 | S85: DJ AL04010004 | T85: 7903565004 | X85: DJ AL04010004 › 7903565004 | Y85: -7.1867075 | Z85: -48.217517 | AA85: abrir | AB85: |DJ AL04010004|7903565004|
A86: 85 | B86: TR-085 | C86: 2519005 | D86: 94361 | E86: 94362 | F86: 33.755951 | G86: 3934.8773 | H86: 962.71254 | I86: T2 | J86: Tronco | K86: Tronco | L86: 2 | M86: 7903565004 | N86: Religador (79) | O86: 7935867004 | P86: 7935867004, 7902218004, 0330915004, 0203711004, 0202227004, 0204190004, 0200482004, 0200484004, 0200489004, 0200490004, 0230938004, 0200492004, 0202676004, 0303862004, 0229036004, 0200495004, 0201153004, 0352542004, 0300603004, 0203117004, 0202175004, 0300600004, 0203661004 | Q86: 23 | S86: DJ AL04010004 | T86: 7903565004 | X86: DJ AL04010004 › 7903565004 | Y86: -7.186841 | Z86: -48.217383 | AA86: abrir | AB86: |DJ AL04010004|7903565004|
A87: 86 | B87: TR-086 | C87: 2519004 | D87: 94362 | E87: 553048 | F87: 70.564304 | G87: 4005.4416 | H87: 1033.2768 | I87: T2 | J87: Tronco | K87: Tronco | L87: 2 | M87: 7903565004 | N87: Religador (79) | O87: 7935867004 | P87: 7935867004, 7902218004, 0330915004, 0203711004, 0202227004, 0204190004, 0200482004, 0200484004, 0200489004, 0200490004, 0230938004, 0200492004, 0202676004, 0303862004, 0229036004, 0200495004, 0201153004, 0352542004, 0300603004, 0203117004, 0202175004, 0300600004, 0203661004 | Q87: 23 | S87: DJ AL04010004 | T87: 7903565004 | X87: DJ AL04010004 › 7903565004 | Y87: -7.187174 | Z87: -48.21705 | AA87: abrir | AB87: |DJ AL04010004|7903565004|
A88: 87 | B88: TR-087 | C88: 2519003 | D88: 553048 | E88: N201 | F88: 30.152057 | G88: 4035.5936 | H88: 1063.4289 | I88: T2 | J88: Tronco | K88: Tronco | L88: 2 | M88: 7903565004 | N88: Religador (79) | O88: 7935867004 | P88: 7935867004, 7902218004, 0330915004, 0203711004, 0202227004, 0204190004, 0200482004, 0200484004, 0200489004, 0200490004, 0230938004, 0200492004, 0202676004, 0303862004, 0229036004, 0200495004, 0201153004, 0352542004, 0300603004, 0203117004, 0202175004, 0300600004 | Q88: 22 | S88: DJ AL04010004 | T88: 7903565004 | X88: DJ AL04010004 › 7903565004 | Y88: -7.187495 | Z88: -48.216729 | AA88: abrir | AB88: |DJ AL04010004|7903565004|
A89: 88 | B89: TR-088 | C89: Suporte Chave 9004496004 | D89: N201 | E89: N281 | F89: 0.34914337 | G89: 4035.9428 | H89: 1063.778 | I89: T2 | J89: Tronco | K89: Tronco | L89: 2 | M89: 7903565004 | N89: Religador (79) | O89: 7935867004 | P89: 7935867004, 7902218004, 0330915004, 0203711004, 0202227004, 0204190004, 0200482004, 0200484004, 0200489004, 0200490004, 0230938004, 0200492004, 0202676004, 0303862004, 0229036004, 0200495004, 0201153004, 0352542004, 0300603004, 0203117004, 0202175004, 0300600004 | Q89: 22 | S89: DJ AL04010004 | T89: 7903565004 | X89: DJ AL04010004 › 7903565004 | Y89: -7.1875915 | Z89: -48.216631 | AA89: abrir | AB89: |DJ AL04010004|7903565004|
A90: 89 | B90: TR-089 | C90: 3663163 | D90: N281 | E90: N282 | F90: 3.0301133 | G90: 4038.9729 | H90: 1066.8082 | I90: T2 | J90: Tronco | K90: Tronco | L90: 2 | M90: 7903565004 | N90: Religador (79) | O90: 7935867004 | P90: 7935867004, 7902218004, 0330915004, 0203711004, 0202227004, 0204190004, 0200482004, 0200484004, 0200489004, 0200490004, 0230938004, 0200492004, 0202676004, 0303862004, 0229036004, 0200495004, 0201153004, 0352542004, 0300603004, 0203117004, 0202175004, 0300600004 | Q90: 22 | S90: DJ AL04010004 | T90: 7903565004 | X90: DJ AL04010004 › 7903565004 | Y90: -7.1875945 | Z90: -48.216616 | AA90: abrir | AB90: |DJ AL04010004|7903565004|
A91: 90 | B91: TR-090 | C91: Suporte Chave 7935867004 | D91: N282 | E91: N283 | F91: 0.24824987 | G91: 4039.2211 | H91: 1067.0564 | I91: T2 | J91: Tronco | K91: Tronco | L91: 2 | M91: 7903565004 | N91: Religador (79) | O91: 7935867004 | P91: 7935867004, 7902218004, 0330915004, 0203711004, 0202227004, 0204190004, 0200482004, 0200484004, 0200489004, 0200490004, 0230938004, 0200492004, 0202676004, 0303862004, 0229036004, 0200495004, 0201153004, 0352542004, 0300603004, 0203117004, 0202175004, 0300600004 | Q91: 22 | S91: DJ AL04010004 | T91: 7903565004 | X91: DJ AL04010004 › 7903565004 | Y91: -7.187598 | Z91: -48.216602 | AA91: abrir | AB91: |DJ AL04010004|7903565004|
A92: 91 | B92: TR-091 | C92: 3662776 | D92: N283 | E92: N284 | F92: 2.355999 | G92: 4041.5771 | H92: 2.355999 | I92: T2 | J92: Tronco | K92: Tronco | L92: 3 | M92: 7935867004 | N92: Religador (79) | O92: 7902218004 / 0352542004 / 0300603004 / 0203117004 / 0202175004 / 0300600004 | P92: 7902218004, 0330915004, 0203711004, 0202227004, 0204190004, 0200482004, 0200484004, 0200489004, 0200490004, 0230938004, 0200492004, 0202676004, 0303862004, 0229036004, 0200495004, 0201153004, 0352542004, 0300603004, 0203117004, 0202175004, 0300600004 | Q92: 21 | S92: DJ AL04010004 | T92: 7903565004 | U92: 7935867004 | X92: DJ AL04010004 › 7903565004 › 7935867004 | Y92: -7.187607 | Z92: -48.216594 | AA92: abrir | AB92: |DJ AL04010004|7903565004|7935867004|
A93: 92 | B93: TR-092 | C93: Suporte Chave 9035867004 | D93: N284 | E93: 1376608 | F93: 0.33358478 | G93: 4041.9107 | H93: 2.6895838 | I93: T2 | J93: Tronco | K93: Tronco | L93: 3 | M93: 7935867004 | N93: Religador (79) | O93: 7902218004 / 0352542004 / 0300603004 / 0203117004 / 0202175004 / 0300600004 | P93: 7902218004, 0330915004, 0203711004, 0202227004, 0204190004, 0200482004, 0200484004, 0200489004, 0200490004, 0230938004, 0200492004, 0202676004, 0303862004, 0229036004, 0200495004, 0201153004, 0352542004, 0300603004, 0203117004, 0202175004, 0300600004 | Q93: 21 | S93: DJ AL04010004 | T93: 7903565004 | U93: 7935867004 | X93: DJ AL04010004 › 7903565004 › 7935867004 | Y93: -7.1876165 | Z93: -48.216587 | AA93: abrir | AB93: |DJ AL04010004|7903565004|7935867004|
A94: 93 | B94: TR-093 | C94: 3663164 | D94: 1376608 | E94: N303 | F94: 2.4857713 | G94: 4044.3965 | H94: 5.1753551 | I94: T2 | J94: Tronco | K94: Tronco | L94: 3 | M94: 7935867004 | N94: Religador (79) | O94: 7902218004 / 0352542004 / 0300603004 / 0203117004 / 0202175004 / 0300600004 | P94: 7902218004, 0330915004, 0203711004, 0202227004, 0204190004, 0200482004, 0200484004, 0200489004, 0200490004, 0230938004, 0200492004, 0202676004, 0303862004, 0229036004, 0200495004, 0201153004, 0352542004, 0300603004, 0203117004, 0202175004, 0300600004 | Q94: 21 | S94: DJ AL04010004 | T94: 7903565004 | U94: 7935867004 | X94: DJ AL04010004 › 7903565004 › 7935867004 | Y94: -7.187629 | Z94: -48.216585 | AA94: abrir | AB94: |DJ AL04010004|7903565004|7935867004|
A95: 94 | B95: TR-094 | C95: 3584640 | D95: N303 | E95: N305 | F95: 13.235416 | G95: 4057.6319 | H95: 18.410771 | I95: T2 | J95: Tronco | K95: Tronco | L95: 3 | M95: 7935867004 | N95: Religador (79) | O95: 7902218004 / 0352542004 / 0300603004 / 0203117004 / 0202175004 / 0300600004 | P95: 7902218004, 0330915004, 0203711004, 0202227004, 0204190004, 0200482004, 0200484004, 0200489004, 0200490004, 0230938004, 0200492004, 0202676004, 0303862004, 0229036004, 0200495004, 0201153004, 0352542004, 0300603004, 0203117004, 0202175004, 0300600004 | Q95: 21 | S95: DJ AL04010004 | T95: 7903565004 | U95: 7935867004 | X95: DJ AL04010004 › 7903565004 › 7935867004 | Y95: -7.187682 | Z95: -48.216541 | AA95: abrir | AB95: |DJ AL04010004|7903565004|7935867004|
A96: 95 | B96: TR-095 | C96: 12084765 | D96: N305 | E96: 94139 | F96: 3.7258397 | G96: 4061.3578 | H96: 22.136611 | I96: T2 | J96: Tronco | K96: Tronco | L96: 3 | M96: 7935867004 | N96: Religador (79) | O96: 7902218004 / 0352542004 / 0300603004 / 0203117004 / 0202175004 / 0300600004 | P96: 7902218004, 0330915004, 0203711004, 0202227004, 0204190004, 0200482004, 0200484004, 0200489004, 0200490004, 0230938004, 0200492004, 0202676004, 0303862004, 0229036004, 0200495004, 0201153004, 0352542004, 0300603004, 0203117004, 0202175004, 0300600004 | Q96: 21 | S96: DJ AL04010004 | T96: 7903565004 | U96: 7935867004 | X96: DJ AL04010004 › 7903565004 › 7935867004 | Y96: -7.1877375 | Z96: -48.216488 | AA96: abrir | AB96: |DJ AL04010004|7903565004|7935867004|
A97: 96 | B97: TR-096 | C97: 2516652 | D97: 94139 | E97: N307 | F97: 38.695569 | G97: 4100.0533 | H97: 60.83218 | I97: T2 | J97: Tronco | K97: Tronco | L97: 3 | M97: 7935867004 | N97: Religador (79) | O97: 7902218004 / 0352542004 / 0300603004 / 0203117004 / 0202175004 / 0300600004 | P97: 7902218004, 0330915004, 0203711004, 0202227004, 0204190004, 0200482004, 0200484004, 0200489004, 0200490004, 0230938004, 0200492004, 0202676004, 0303862004, 0229036004, 0200495004, 0201153004, 0352542004, 0300603004, 0203117004, 0202175004, 0300600004 | Q97: 21 | S97: DJ AL04010004 | T97: 7903565004 | U97: 7935867004 | X97: DJ AL04010004 › 7903565004 › 7935867004 | Y97: -7.1878815 | Z97: -48.216362 | AA97: abrir | AB97: |DJ AL04010004|7903565004|7935867004|
A98: 97 | B98: TR-097 | C98: 12077777 | D98: N307 | E98: N308 | F98: 2.2092208 | G98: 4102.2625 | H98: 63.041401 | I98: T2 | J98: Tronco | K98: Tronco | L98: 3 | M98: 7935867004 | N98: Religador (79) | O98: 7902218004 / 0352542004 / 0300603004 / 0203117004 / 0202175004 / 0300600004 | P98: 7902218004, 0330915004, 0203711004, 0202227004, 0204190004, 0200482004, 0200484004, 0200489004, 0200490004, 0230938004, 0200492004, 0202676004, 0303862004, 0229036004, 0200495004, 0201153004, 0352542004, 0300603004, 0203117004, 0202175004, 0300600004 | Q98: 21 | S98: DJ AL04010004 | T98: 7903565004 | U98: 7935867004 | X98: DJ AL04010004 › 7903565004 › 7935867004 | Y98: -7.1880115 | Z98: -48.216236 | AA98: abrir | AB98: |DJ AL04010004|7903565004|7935867004|
A99: 98 | B99: TR-098 | C99: 27816705 | D99: N308 | E99: 27816712 | F99: 57.013984 | G99: 4159.2765 | H99: 120.05538 | I99: T2 | J99: Tronco | K99: Tronco | L99: 3 | M99: 7935867004 | N99: Religador (79) | O99: 7902218004 / 0352542004 / 0300603004 / 0203117004 / 0202175004 / 0300600004 | P99: 7902218004, 0330915004, 0203711004, 0202227004, 0204190004, 0200482004, 0200484004, 0200489004, 0200490004, 0230938004, 0200492004, 0202676004, 0303862004, 0229036004, 0200495004, 0201153004, 0352542004, 0300603004, 0203117004, 0202175004, 0300600004 | Q99: 21 | S99: DJ AL04010004 | T99: 7903565004 | U99: 7935867004 | X99: DJ AL04010004 › 7903565004 › 7935867004 | Y99: -7.1878305 | Z99: -48.216043 | AA99: abrir | AB99: |DJ AL04010004|7903565004|7935867004|
A100: 99 | B100: TR-099 | C100: 3035366 | D100: 27816712 | E100: N311 | F100: 65.86383 | G100: 4225.1404 | H100: 185.91921 | I100: T2 | J100: Tronco | K100: Tronco | L100: 3 | M100: 7935867004 | N100: Religador (79) | O100: 7902218004 / 0352542004 / 0300603004 / 0203117004 / 0202175004 / 0300600004 | P100: 7902218004, 0330915004, 0203711004, 0202227004, 0204190004, 0200482004, 0200484004, 0200489004, 0200490004, 0230938004, 0200492004, 0202676004, 0303862004, 0229036004, 0200495004, 0201153004, 0352542004, 0300603004, 0203117004, 0202175004, 0300600004 | Q100: 21 | S100: DJ AL04010004 | T100: 7903565004 | U100: 7935867004 | X100: DJ AL04010004 › 7903565004 › 7935867004 | Y100: -7.187441 | Z100: -48.215648 | AA100: abrir | AB100: |DJ AL04010004|7903565004|7935867004|
A101: 100 | B101: TR-100 | C101: 3035369 | D101: N311 | E101: 1082086 | F101: 60.30647 | G101: 4285.4468 | H101: 246.22569 | I101: T2 | J101: Tronco | K101: Tronco | L101: 3 | M101: 7935867004 | N101: Religador (79) | O101: 7902218004 / 0352542004 / 0300603004 / 0203117004 / 0202175004 / 0300600004 | P101: 7902218004, 0330915004, 0203711004, 0202227004, 0204190004, 0200482004, 0200484004, 0200489004, 0200490004, 0230938004, 0200492004, 0202676004, 0303862004, 0229036004, 0200495004, 0201153004, 0352542004, 0300603004, 0203117004, 0202175004 | Q101: 20 | S101: DJ AL04010004 | T101: 7903565004 | U101: 7935867004 | X101: DJ AL04010004 › 7903565004 › 7935867004 | Y101: -7.187421 | Z101: -48.21524 | AA101: abrir | AB101: |DJ AL04010004|7903565004|7935867004|
A102: 101 | B102: TR-101 | C102: 2921253 | D102: 1082086 | E102: N322 | F102: 17.867579 | G102: 4303.3144 | H102: 264.09326 | I102: T2 | J102: Tronco | K102: Tronco | L102: 3 | M102: 7935867004 | N102: Religador (79) | O102: 7902218004 / 0352542004 / 0300603004 / 0203117004 / 0202175004 / 0300600004 | P102: 7902218004, 0330915004, 0203711004, 0202227004, 0204190004, 0200482004, 0200484004, 0200489004, 0200490004, 0230938004, 0200492004, 0202676004, 0303862004, 0229036004, 0200495004, 0201153004, 0352542004, 0300603004, 0203117004, 0202175004 | Q102: 20 | S102: DJ AL04010004 | T102: 7903565004 | U102: 7935867004 | X102: DJ AL04010004 › 7903565004 › 7935867004 | Y102: -7.1876645 | Z102: -48.214984 | AA102: abrir | AB102: |DJ AL04010004|7903565004|7935867004|
A103: 102 | B103: TR-102 | C103: 2921302 | D103: N322 | E103: N325 | F103: 79.913682 | G103: 4383.2281 | H103: 344.00695 | I103: T2 | J103: Tronco | K103: Tronco | L103: 3 | M103: 7935867004 | N103: Religador (79) | O103: 7902218004 / 0352542004 / 0300603004 / 0203117004 / 0202175004 / 0300600004 | P103: 7902218004, 0330915004, 0203711004, 0202227004, 0204190004, 0200482004, 0200484004, 0200489004, 0200490004, 0230938004, 0200492004, 0202676004, 0303862004, 0229036004, 0200495004, 0201153004, 0352542004, 0300603004, 0203117004 | Q103: 19 | S103: DJ AL04010004 | T103: 7903565004 | U103: 7935867004 | X103: DJ AL04010004 › 7903565004 › 7935867004 | Y103: -7.187954 | Z103: -48.214651 | AA103: abrir | AB103: |DJ AL04010004|7903565004|7935867004|
... A106: 105 | B106: TR-105 | C106: 3622706 | D106: 1363489 | E106: 533443 | F106: 37.917255 | G106: 4457.894 | H106: 418.67289 | I106: T2 | J106: Tronco | K106: Tronco | L106: 3 | M106: 7935867004 | N106: Religador (79) | O106: 7902218004 / 0352542004 / 0300603004 / 0203117004 / 0202175004 / 0300600004 | P106: 7902218004, 0330915004, 0203711004, 0202227004, 0204190004, 0200482004, 0200484004, 0200489004, 0200490004, 0230938004, 0200492004, 0202676004, 0303862004, 0229036004, 0200495004, 0201153004, 0352542004, 0300603004 | Q106: 18 | S106: DJ AL04010004 | T106: 7903565004 | U106: 7935867004 | X106: DJ AL04010004 › 7903565004 › 7935867004 | Y106: -7.1884235 | Z106: -48.213935 | AA106: abrir | AB106: |DJ AL04010004|7903565004|7935867004|
A107: 106 | B107: TR-106 | C107: Suporte Chave 8834608004 | D107: 533443 | E107: N331 | F107: 3.6693749 | G107: 4461.5634 | H107: 422.34227 | I107: T2 | J107: Tronco | K107: Tronco | L107: 3 | M107: 7935867004 | N107: Religador (79) | O107: 7902218004 / 0352542004 / 0300603004 / 0203117004 / 0202175004 / 0300600004 | P107: 7902218004, 0330915004, 0203711004, 0202227004, 0204190004, 0200482004, 0200484004, 0200489004, 0200490004, 0230938004, 0200492004, 0202676004, 0303862004, 0229036004, 0200495004, 0201153004, 0352542004, 0300603004 | Q107: 18 | R107: 8834608004 | S107: DJ AL04010004 | T107: 7903565004 | U107: 7935867004 | X107: DJ AL04010004 › 7903565004 › 7935867004 | Y107: -7.1884805 | Z107: -48.213756 | AA107: abrir | AB107: |DJ AL04010004|7903565004|7935867004|
A108: 107 | B108: TR-107 | C108: 2647002 | D108: N331 | E108: 94356 | F108: 68.688214 | G108: 4530.2516 | H108: 491.03048 | I108: T2 | J108: Tronco | K108: Tronco | L108: 3 | M108: 7935867004 | N108: Religador (79) | O108: 7902218004 / 0352542004 / 0300603004 / 0203117004 / 0202175004 / 0300600004 | P108: 7902218004, 0330915004, 0203711004, 0202227004, 0204190004, 0200482004, 0200484004, 0200489004, 0200490004, 0230938004, 0200492004, 0202676004, 0303862004, 0229036004, 0200495004, 0201153004, 0352542004, 0300603004 | Q108: 18 | S108: DJ AL04010004 | T108: 7903565004 | U108: 7935867004 | X108: DJ AL04010004 › 7903565004 › 7935867004 | Y108: -7.1885675 | Z108: -48.21344 | AA108: abrir | AB108: |DJ AL04010004|7903565004|7935867004|
A109: 108 | B109: TR-108 | C109: 2542166 | D109: 94356 | E109: N338 | F109: 139.60439 | G109: 4669.856 | H109: 630.63488 | I109: T2 | J109: Tronco | K109: Tronco | L109: 3 | M109: 7935867004 | N109: Religador (79) | O109: 7902218004 / 0352542004 / 0300603004 / 0203117004 / 0202175004 / 0300600004 | P109: 7902218004, 0330915004, 0203711004, 0202227004, 0204190004, 0200482004, 0200484004, 0200489004, 0200490004, 0230938004, 0200492004, 0202676004, 0303862004, 0229036004, 0200495004, 0201153004, 0352542004, 0300603004 | Q109: 18 | S109: DJ AL04010004 | T109: 7903565004 | U109: 7935867004 | X109: DJ AL04010004 › 7903565004 › 7935867004 | Y109: -7.1888305 | Z109: -48.212534 | AA109: abrir | AB109: |DJ AL04010004|7903565004|7935867004|
A110: 109 | B110: TR-109 | C110: 2542165 | D110: N338 | E110: 94103 | F110: 51.422276 | G110: 4721.2783 | H110: 682.05715 | I110: T2 | J110: Tronco | K110: Tronco | L110: 3 | M110: 7935867004 | N110: Religador (79) | O110: 7902218004 / 0352542004 / 0300603004 / 0203117004 / 0202175004 / 0300600004 | P110: 7902218004, 0330915004, 0203711004, 0202227004, 0204190004, 0200482004, 0200484004, 0200489004, 0200490004, 0230938004, 0200492004, 0202676004, 0303862004, 0229036004, 0200495004, 0201153004, 0352542004 | Q110: 17 | S110: DJ AL04010004 | T110: 7903565004 | U110: 7935867004 | X110: DJ AL04010004 › 7903565004 › 7935867004 | Y110: -7.188873 | Z110: -48.211741 | AA110: abrir | AB110: |DJ AL04010004|7903565004|7935867004|
A111: 110 | B111: TR-110 | C111: 2653726 | D111: 94103 | E111: N345 | F111: 59.191391 | G111: 4780.4697 | H111: 741.24854 | I111: T2 | J111: Tronco | K111: Tronco | L111: 3 | M111: 7935867004 | N111: Religador (79) | O111: 7902218004 / 0352542004 / 0300603004 / 0203117004 / 0202175004 / 0300600004 | P111: 7902218004, 0330915004, 0203711004, 0202227004, 0204190004, 0200482004, 0200484004, 0200489004, 0200490004, 0230938004, 0200492004, 0202676004, 0303862004, 0229036004, 0200495004, 0201153004, 0352542004 | Q111: 17 | S111: DJ AL04010004 | T111: 7903565004 | U111: 7935867004 | X111: DJ AL04010004 › 7903565004 › 7935867004 | Y111: -7.18857 | Z111: -48.211343 | AA111: abrir | AB111: |DJ AL04010004|7903565004|7935867004|
A112: 111 | B112: TR-111 | C112: 2657017 | D112: N345 | E112: N348 | F112: 108.23888 | G112: 4888.7086 | H112: 849.48742 | I112: T2 | J112: Tronco | K112: Tronco | L112: 3 | M112: 7935867004 | N112: Religador (79) | O112: 7902218004 / 0352542004 / 0300603004 / 0203117004 / 0202175004 / 0300600004 | P112: 7902218004, 0330915004, 0203711004, 0202227004, 0204190004, 0200482004, 0200484004, 0200489004, 0200490004, 0230938004, 0200492004, 0202676004, 0303862004, 0229036004, 0200495004, 0201153004, 0352542004 | Q112: 17 | S112: DJ AL04010004 | T112: 7903565004 | U112: 7935867004 | X112: DJ AL04010004 › 7903565004 › 7935867004 | Y112: -7.188104 | Z112: -48.210747 | AA112: abrir | AB112: |DJ AL04010004|7903565004|7935867004|
A113: 112 | B113: TR-112 | C113: 2921368 | D113: N348 | E113: 94102 | F113: 28.464135 | G113: 4917.1727 | H113: 877.95155 | I113: T2 | J113: Tronco | K113: Tronco | L113: 3 | M113: 7935867004 | N113: Religador (79) | O113: 7902218004 / 0352542004 / 0300603004 / 0203117004 / 0202175004 / 0300600004 | P113: 7902218004, 0330915004, 0203711004, 0202227004, 0204190004, 0200482004, 0200484004, 0200489004, 0200490004, 0230938004, 0200492004, 0202676004, 0303862004, 0229036004, 0200495004, 0201153004, 0352542004 | Q113: 17 | S113: DJ AL04010004 | T113: 7903565004 | U113: 7935867004 | X113: DJ AL04010004 › 7903565004 › 7935867004 | Y113: -7.187724 | Z113: -48.21026 | AA113: abrir | AB113: |DJ AL04010004|7903565004|7935867004|
...

Sheet Ativos
A1: Ativo | B1: Tipo | C1: Poste | D1: No tronco | E1: Zona antes | F1: Zona depois | G1: Bloco onde está | H1: Blocos em que é referência | I1: Caminho desde o DJ | J1: Vãos em que é a referência | K1: Extensão em que é a referência (m) | L1: Vãos englobados (tudo a jusante) | M1: Extensão englobada (m) | N1: Ativos posteriores englobados | O1: Latitude | P1: Longitude | Q1: Mapa
A2: DJ AL04010004 | B2: Disjuntor (DJ) | C2: 553218 | D2: sim | E2: — | F2: T1 | G2: — | H2: 1, 4, 5, 6, 8, 10, 12, 14, 16, 17, 19, 21, 22, 23, 24 | I2: DJ AL04010004 | J2: =COUNTIFS(Trechos!$M$2:$M$526,A2) -> 114 | K2: =SUMIFS(Trechos!$F$2:$F$526,Trechos!$M$2:$M$526,A2) -> 4733.5626 | L2: =SUMPRODUCT(--ISNUMBER(SEARCH("|"&A2&"|",Trechos!$AB$2:$AB$526))) -> 525 | M2: =SUMPRODUCT(ISNUMBER(SEARCH("|"&A2&"|",Trechos!$AB$2:$AB$526))*Trechos!$F$2:$F$526) -> 14856.08 | N2: 7903565004, 7935867004, 7902218004, 0330915004, 0203711004, 0202227004, 0204190004, 0200482004, 0200484004, 0200489004, 0200490004, 0230938004, 0200492004, 0202676004, 0303862004, 0229036004, 0200495004, 0201153004, 0352542004, 0300603004, 0203117004, 0202175004, 0300600004, 0203661004, 0300596004, 0300588004, 0300591004, 0200593004, 0224749004, 0200583004, 0300584004, 0300585004, 0300582004, 0204195004, 0300578004, 0229381004, 0200580004, 0202671004, 0204249004, 0200868004, 0200573004, 0200571004, 0230252004, 0303731004, 0200556004, 0303973004, 0200550004, 0201875004, 0200549004, 0200548004, 0200547004, 0345761004, 0201072004 | O2: -7.195312 | P2: -48.237903 | Q2: abrir
A3: 8800004004 | B3: Chave 88 | C3: N2 | D3: sim | E3: T1 | F3: T1 | G3: 1 | H3: — | I3: DJ AL04010004 | N3: 7903565004, 7935867004, 7902218004, 0330915004, 0203711004, 0202227004, 0204190004, 0200482004, 0200484004, 0200489004, 0200490004, 0230938004, 0200492004, 0202676004, 0303862004, 0229036004, 0200495004, 0201153004, 0352542004, 0300603004, 0203117004, 0202175004, 0300600004, 0203661004, 0300596004, 0300588004, 0300591004, 0200593004, 0224749004, 0200583004, 0300584004, 0300585004, 0300582004, 0204195004, 0300578004, 0229381004, 0200580004, 0202671004, 0204249004, 0200868004, 0200573004, 0200571004, 0230252004, 0303731004, 0200556004, 0303973004, 0200550004, 0201875004, 0200549004, 0200548004, 0200547004, 0345761004, 0201072004 | O3: -7.19558 | P3: -48.238179 | Q3: abrir
A4: 8804421004 | B4: Chave 88 | C4: N4 | D4: sim | E4: T1 | F4: T1 | G4: 1 | H4: — | I4: DJ AL04010004 | N4: 7903565004, 7935867004, 7902218004, 0330915004, 0203711004, 0202227004, 0204190004, 0200482004, 0200484004, 0200489004, 0200490004, 0230938004, 0200492004, 0202676004, 0303862004, 0229036004, 0200495004, 0201153004, 0352542004, 0300603004, 0203117004, 0202175004, 0300600004, 0203661004, 0300596004, 0300588004, 0300591004, 0200593004, 0224749004, 0200583004, 0300584004, 0300585004, 0300582004, 0204195004, 0300578004, 0229381004, 0200580004, 0202671004, 0204249004, 0200868004, 0200573004, 0200571004, 0230252004, 0303731004, 0200556004, 0303973004, 0200550004, 0201875004, 0200549004, 0200548004, 0200547004, 0345761004, 0201072004 | O4: -7.195681 | P4: -48.23822 | Q4: abrir
A5: 8802681004 | B5: Chave 88 | C5: N14 | D5: sim | E5: T1 | F5: T1 | G5: 1 | H5: — | I5: DJ AL04010004 | N5: 7903565004, 7935867004, 7902218004, 0330915004, 0203711004, 0202227004, 0204190004, 0200482004, 0200484004, 0200489004, 0200490004, 0230938004, 0200492004, 0202676004, 0303862004, 0229036004, 0200495004, 0201153004, 0352542004, 0300603004, 0203117004, 0202175004, 0300600004, 0203661004, 0300596004, 0300588004, 0300591004, 0200593004, 0224749004, 0200583004, 0300584004, 0300585004, 0300582004, 0204195004, 0300578004, 0229381004, 0200580004, 0202671004, 0204249004, 0200868004, 0200573004, 0200571004, 0230252004, 0303731004, 0200556004, 0303973004, 0200550004, 0201875004, 0200549004, 0200548004, 0200547004, 0345761004, 0201072004 | O5: -7.196207 | P5: -48.236619 | Q5: abrir
A6: 8847597004 | B6: Chave 88 | C6: N28 | D6: sim | E6: T1 | F6: T1 | G6: 1 | H6: — | I6: DJ AL04010004 | N6: 7903565004, 7935867004, 7902218004, 0330915004, 0203711004, 0202227004, 0204190004, 0200482004, 0200484004, 0200489004, 0200490004, 0230938004, 0200492004, 0202676004, 0303862004, 0229036004, 0200495004, 0201153004, 0352542004, 0300603004, 0203117004, 0202175004, 0300600004, 0203661004, 0300596004, 0300588004, 0300591004, 0200593004, 0224749004, 0200583004, 0300584004, 0300585004, 0300582004, 0204195004, 0300578004, 0229381004, 0200580004, 0202671004, 0204249004, 0200868004, 0200573004, 0200571004, 0230252004, 0303731004, 0200556004, 0303973004, 0200550004, 0201875004, 0200549004, 0200548004, 0200547004, 0345761004, 0201072004 | O6: -7.190246 | P6: -48.232961 | Q6: abrir
A7: 8802014004 | B7: Chave 88 | C7: 94070 | D7: sim | E7: T1 | F7: T1 | G7: 1 | H7: — | I7: DJ AL04010004 | N7: 7903565004, 7935867004, 7902218004, 0330915004, 0203711004, 0202227004, 0204190004, 0200482004, 0200484004, 0200489004, 0200490004, 0230938004, 0200492004, 0202676004, 0303862004, 0229036004, 0200495004, 0201153004, 0352542004, 0300603004, 0203117004, 0202175004, 0300600004, 0203661004, 0300596004, 0300588004, 0300591004, 0200593004, 0224749004, 0200583004, 0300584004, 0300585004, 0300582004, 0204195004, 0300578004, 0229381004, 0200580004, 0202671004, 0204249004, 0200868004, 0200573004, 0200571004, 0230252004, 0303731004, 0200556004, 0303973004, 0200550004, 0201875004, 0200549004, 0200548004, 0200547004, 0345761004, 0201072004 | O7: -7.18795 | P7: -48.23093 | Q7: abrir
A8: 8800554004 | B8: Chave 88 | C8: 94060 | D8: sim | E8: T1 | F8: T1 | G8: 1 | H8: — | I8: DJ AL04010004 | N8: 7903565004, 7935867004, 7902218004, 0330915004, 0203711004, 0202227004, 0204190004, 0200482004, 0200484004, 0200489004, 0200490004, 0230938004, 0200492004, 0202676004, 0303862004, 0229036004, 0200495004, 0201153004, 0352542004, 0300603004, 0203117004, 0202175004, 0300600004, 0203661004, 0300596004, 0300588004, 0300591004, 0200593004, 0224749004, 0200583004, 0300584004, 0300585004, 0300582004, 0204195004, 0300578004, 0229381004, 0200580004, 0202671004, 0204249004, 0200868004, 0200573004, 0200571004, 0230252004, 0303731004, 0200556004, 0303973004 | O8: -7.179221 | P8: -48.222312 | Q8: abrir
A9: 8801115004 | B9: Chave 88 | C9: N73 | D9: sim | E9: T1 | F9: T1 | G9: 1 | H9: — | I9: DJ AL04010004 | N9: 7903565004, 7935867004, 7902218004, 0330915004, 0203711004, 0202227004, 0204190004, 0200482004, 0200484004, 0200489004, 0200490004, 0230938004, 0200492004, 0202676004, 0303862004, 0229036004, 0200495004, 0201153004, 0352542004, 0300603004, 0203117004, 0202175004, 0300600004, 0203661004, 0300596004, 0300588004, 0300591004, 0200593004, 0224749004, 0200583004, 0300584004, 0300585004, 0300582004, 0204195004, 0300578004, 0229381004, 0200580004, 0202671004, 0204249004, 0200868004, 0200573004, 0200571004, 0230252004, 0303731004, 0200556004, 0303973004 | O9: -7.179096 | P9: -48.221871 | Q9: abrir
A10: 7903565004 | B10: Religador (79) | C10: 646207 | D10: sim | E10: T1 | F10: T2 | G10: 1 | H10: 2, 25, 26, 28, 30, 31, 33, 35, 37, 39, 41, 52, 57, 59, 61 | I10: DJ AL04010004 › 7903565004 | J10: =COUNTIFS(Trechos!$M$2:$M$526,A10) -> 84 | K10: =SUMIFS(Trechos!$F$2:$F$526,Trechos!$M$2:$M$526,A10) -> 2204.1948 | L10: =SUMPRODUCT(--ISNUMBER(SEARCH("|"&A10&"|",Trechos!$AB$2:$AB$526))) -> 401 | M10: =SUMPRODUCT(ISNUMBER(SEARCH("|"&A10&"|",Trechos!$AB$2:$AB$526))*Trechos!$F$2:$F$526) -> 10014.492 | N10: 7935867004, 7902218004, 0330915004, 0203711004, 0202227004, 0204190004, 0200482004, 0200484004, 0200489004, 0200490004, 0230938004, 0200492004, 0202676004, 0303862004, 0229036004, 0200495004, 0201153004, 0352542004, 0300603004, 0203117004, 0202175004, 0300600004, 0203661004, 0300596004, 0300588004, 0300591004, 0200593004, 0224749004, 0200583004, 0300584004, 0300585004, 0300582004, 0204195004, 0300578004, 0229381004, 0200580004, 0202671004, 0204249004, 0200868004, 0200573004, 0200571004, 0230252004, 0303731004, 0200556004, 0303973004 | O10: -7.179534 | P10: -48.221636 | Q10: abrir
A11: 8841355004 | B11: Chave 88 | C11: 94370 | D11: sim | E11: T2 | F11: T2 | G11: 2 | H11: — | I11: DJ AL04010004 › 7903565004 | N11: 7935867004, 7902218004, 0330915004, 0203711004, 0202227004, 0204190004, 0200482004, 0200484004, 0200489004, 0200490004, 0230938004, 0200492004, 0202676004, 0303862004, 0229036004, 0200495004, 0201153004, 0352542004, 0300603004, 0203117004, 0202175004, 0300600004, 0203661004, 0300596004, 0300588004, 0300591004, 0200593004, 0224749004 | O11: -7.185534 | P11: -48.218617 | Q11: abrir
A12: 7935867004 | B12: Religador (79) | C12: N283 | D12: sim | E12: T2 | F12: T2 | G12: 2 | H12: 3, 62, 63, 64, 66, 68, 70, 72, 73, 74, 75, 76, 77, 94, 95, 96 | I12: DJ AL04010004 › 7903565004 › 7935867004 | J12: =COUNTIFS(Trechos!$M$2:$M$526,A12) -> 91 | K12: =SUMIFS(Trechos!$F$2:$F$526,Trechos!$M$2:$M$526,A12) -> 2677.2678 | L12: =SUMPRODUCT(--ISNUMBER(SEARCH("|"&A12&"|",Trechos!$AB$2:$AB$526))) -> 225 | M12: =SUMPRODUCT(ISNUMBER(SEARCH("|"&A12&"|",Trechos!$AB$2:$AB$526))*Trechos!$F$2:$F$526) -> 4903.0428 | N12: 7902218004, 0330915004, 0203711004, 0202227004, 0204190004, 0200482004, 0200484004, 0200489004, 0200490004, 0230938004, 0200492004, 0202676004, 0303862004, 0229036004, 0200495004, 0201153004, 0352542004, 0300603004, 0203117004, 0202175004, 0300600004 | O12: -7.187599 | P12: -48.216601 | Q12: abrir
A13: 8834608004 | B13: Chave 88 | C13: N331 | D13: sim | E13: T2 | F13: T2 | G13: 3 | H13: — | I13: DJ AL04010004 › 7903565004 › 7935867004 | N13: 7902218004, 0330915004, 0203711004, 0202227004, 0204190004, 0200482004, 0200484004, 0200489004, 0200490004, 0230938004, 0200492004, 0202676004, 0303862004, 0229036004, 0200495004, 0201153004, 0352542004, 0300603004 | O13: -7.188485 | P13: -48.21374 | Q13: abrir
A14: 8800606004 | B14: Chave 88 | C14: N364 | D14: sim | E14: T2 | F14: T2 | G14: 3 | H14: — | I14: DJ AL04010004 › 7903565004 › 7935867004 | N14: 7902218004, 0330915004, 0203711004, 0202227004, 0204190004, 0200482004, 0200484004, 0200489004, 0200490004, 0230938004, 0200492004, 0202676004, 0303862004, 0229036004, 0200495004, 0201153004, 0352542004 | O14: -7.187652 | P14: -48.20806 | Q14: abrir
A15: 7902218004 | B15: Religador (79) | C15: 585846 | D15: sim | E15: T2 | F15: T2 | G15: 3 | H15: 78 | I15: DJ AL04010004 › 7903565004 › 7935867004 › 7902218004 | J15: =COUNTIFS(Trechos!$M$2:$M$526,A15) -> 91 | K15: =SUMIFS(Trechos!$F$2:$F$526,Trechos!$M$2:$M$526,A15) -> 1736.3137 | L15: =SUMPRODUCT(--ISNUMBER(SEARCH("|"&A15&"|",Trechos!$AB$2:$AB$526))) -> 121 | M15: =SUMPRODUCT(ISNUMBER(SEARCH("|"&A15&"|",Trechos!$AB$2:$AB$526))*Trechos!$F$2:$F$526) -> 2103.4563 | N15: 0330915004, 0203711004, 0202227004, 0204190004, 0200482004, 0200484004, 0200489004, 0200490004, 0230938004, 0200492004, 0202676004, 0303862004, 0229036004, 0200495004, 0201153004 | O15: -7.188275 | P15: -48.20781 | Q15: abrir
A16: 8843255004 | B16: Chave 88 | C16: 94098 | D16: sim | E16: T2 | F16: T2 | G16: 3 | H16: — | I16: DJ AL04010004 › 7903565004 › 7935867004 | N16: 0352542004 | O16: -7.188213 | P16: -48.206236 | Q16: abrir
A17: 0352542004 | B17: Chave fusível (03) | C17: N389 | D17: sim | E17: T2 | F17: T3 | G17: 3 | H17: 97 | I17: DJ AL04010004 › 7903565004 › 7935867004 › 0352542004 | J17: =COUNTIFS(Trechos!$M$2:$M$526,A17) -> 1 | K17: =SUMIFS(Trechos!$F$2:$F$526,Trechos!$M$2:$M$526,A17) -> 20.635027 | L17: =SUMPRODUCT(--ISNUMBER(SEARCH("|"&A17&"|",Trechos!$AB$2:$AB$526))) -> 1 | M17: =SUMPRODUCT(ISNUMBER(SEARCH("|"&A17&"|",Trechos!$AB$2:$AB$526))*Trechos!$F$2:$F$526) -> 20.635027 | N17: — | O17: -7.188939 | P17: -48.206542 | Q17: abrir
A18: 0300603004 | B18: Chave fusível (03) | C18: N340 | D18: sim | E18: T2 | F18: T3 | G18: 3 | H18: 71 | I18: DJ AL04010004 › 7903565004 › 7935867004 › 0300603004 | J18: =COUNTIFS(Trechos!$M$2:$M$526,A18) -> 2 | K18: =SUMIFS(Trechos!$F$2:$F$526,Trechos!$M$2:$M$526,A18) -> 18.665875 | L18: =SUMPRODUCT(--ISNUMBER(SEARCH("|"&A18&"|",Trechos!$AB$2:$AB$526))) -> 2 | M18: =SUMPRODUCT(ISNUMBER(SEARCH("|"&A18&"|",Trechos!$AB$2:$AB$526))*Trechos!$F$2:$F$526) -> 18.665875 | N18: — | O18: -7.189044 | P18: -48.211854 | Q18: abrir
A19: 0203117004 | B19: Chave 02 (conta como fusível) | C19: N396 | D19: sim | E19: T2 | F19: T3 | G19: 3 | H19: 69 | I19: DJ AL04010004 › 7903565004 › 7935867004 › 0203117004 | J19: =COUNTIFS(Trechos!$M$2:$M$526,A19) -> 3 | K19: =SUMIFS(Trechos!$F$2:$F$526,Trechos!$M$2:$M$526,A19) -> 36.909618 | L19: =SUMPRODUCT(--ISNUMBER(SEARCH("|"&A19&"|",Trechos!$AB$2:$AB$526))) -> 3 | M19: =SUMPRODUCT(ISNUMBER(SEARCH("|"&A19&"|",Trechos!$AB$2:$AB$526))*Trechos!$F$2:$F$526) -> 36.909618 | N19: — | O19: -7.188347 | P19: -48.214162 | Q19: abrir
A20: 0202175004 | B20: Chave 02 (conta como fusível) | C20: N392 | D20: sim | E20: T2 | F20: T3 | G20: 3 | H20: 67 | I20: DJ AL04010004 › 7903565004 › 7935867004 › 0202175004 | J20: =COUNTIFS(Trechos!$M$2:$M$526,A20) -> 3 | K20: =SUMIFS(Trechos!$F$2:$F$526,Trechos!$M$2:$M$526,A20) -> 34.669989 | L20: =SUMPRODUCT(--ISNUMBER(SEARCH("|"&A20&"|",Trechos!$AB$2:$AB$526))) -> 3 | M20: =SUMPRODUCT(ISNUMBER(SEARCH("|"&A20&"|",Trechos!$AB$2:$AB$526))*Trechos!$F$2:$F$526) -> 34.669989 | N20: — | O20: -7.188082 | P20: -48.215308 | Q20: abrir
A21: 8800599004 | B21: Chave 88 | C21: 94359 | D21: sim | E21: T2 | F21: T2 | G21: 3 | H21: — | I21: DJ AL04010004 › 7903565004 › 7935867004 | N21: 0300600004 | O21: -7.187107 | P21: -48.215553 | Q21: abrir
A22: 0300600004 | B22: Chave fusível (03) | C22: N316 | D22: sim | E22: T2 | F22: T3 | G22: 3 | H22: 65 | I22: DJ AL04010004 › 7903565004 › 7935867004 › 0300600004 | J22: =COUNTIFS(Trechos!$M$2:$M$526,A22) -> 4 | K22: =SUMIFS(Trechos!$F$2:$F$526,Trechos!$M$2:$M$526,A22) -> 11.438129 | L22: =SUMPRODUCT(--ISNUMBER(SEARCH("|"&A22&"|",Trechos!$AB$2:$AB$526))) -> 4 | M22: =SUMPRODUCT(ISNUMBER(SEARCH("|"&A22&"|",Trechos!$AB$2:$AB$526))*Trechos!$F$2:$F$526) -> 11.438129 | N22: — | O22: -7.186973 | P22: -48.215688 | Q22: abrir
A23: 0201072004 | B23: Chave 02 (conta como fusível) | C23: N83 | D23: não | E23: T1 | F23: T3 | G23: 6 | H23: 7 | I23: DJ AL04010004 › 0201072004 | J23: =COUNTIFS(Trechos!$M$2:$M$526,A23) -> 2 | K23: =SUMIFS(Trechos!$F$2:$F$526,Trechos!$M$2:$M$526,A23) -> 22.323525 | L23: =SUMPRODUCT(--ISNUMBER(SEARCH("|"&A23&"|",Trechos!$AB$2:$AB$526))) -> 2 | M23: =SUMPRODUCT(ISNUMBER(SEARCH("|"&A23&"|",Trechos!$AB$2:$AB$526))*Trechos!$F$2:$F$526) -> 22.323525 | N23: — | O23: -7.187519 | P23: -48.230461 | Q23: abrir
A24: 0345761004 | B24: Chave fusível (03) | C24: N43 | D24: não | E24: T1 | F24: T3 | G24: 8 | H24: 9 | I24: DJ AL04010004 › 0345761004 | J24: =COUNTIFS(Trechos!$M$2:$M$526,A24) -> 1 | K24: =SUMIFS(Trechos!$F$2:$F$526,Trechos!$M$2:$M$526,A24) -> 8.5499772 | L24: =SUMPRODUCT(--ISNUMBER(SEARCH("|"&A24&"|",Trechos!$AB$2:$AB$526))) -> 1 | M24: =SUMPRODUCT(ISNUMBER(SEARCH("|"&A24&"|",Trechos!$AB$2:$AB$526))*Trechos!$F$2:$F$526) -> 8.5499772 | N24: — | O24: -7.186891 | P24: -48.229832 | Q24: abrir
A25: 0200547004 | B25: Chave 02 (conta como fusível) | C25: N86 | D25: não | E25: T1 | F25: T3 | G25: 10 | H25: 11 | I25: DJ AL04010004 › 0200547004 | J25: =COUNTIFS(Trechos!$M$2:$M$526,A25) -> 1 | K25: =SUMIFS(Trechos!$F$2:$F$526,Trechos!$M$2:$M$526,A25) -> 3.8390204 | L25: =SUMPRODUCT(--ISNUMBER(SEARCH("|"&A25&"|",Trechos!$AB$2:$AB$526))) -> 1 | M25: =SUMPRODUCT(ISNUMBER(SEARCH("|"&A25&"|",Trechos!$AB$2:$AB$526))*Trechos!$F$2:$F$526) -> 3.8390204 | N25: — | O25: -7.186649 | P25: -48.229607 | Q25: abrir
A26: 0200548004 | B26: Chave 02 (conta como fusível) | C26: N88 | D26: não | E26: T1 | F26: T3 | G26: 12 | H26: 13 | I26: DJ AL04010004 › 0200548004 | J26: =COUNTIFS(Trechos!$M$2:$M$526,A26) -> 1 | K26: =SUMIFS(Trechos!$F$2:$F$526,Trechos!$M$2:$M$526,A26) -> 8.854961 | L26: =SUMPRODUCT(--ISNUMBER(SEARCH("|"&A26&"|",Trechos!$AB$2:$AB$526))) -> 1 | M26: =SUMPRODUCT(ISNUMBER(SEARCH("|"&A26&"|",Trechos!$AB$2:$AB$526))*Trechos!$F$2:$F$526) -> 8.854961 | N26: — | O26: -7.185947 | P26: -48.22894 | Q26: abrir
A27: 0200549004 | B27: Chave 02 (conta como fusível) | C27: N90 | D27: não | E27: T1 | F27: T3 | G27: 14 | H27: 15 | I27: DJ AL04010004 › 0200549004 | J27: =COUNTIFS(Trechos!$M$2:$M$526,A27) -> 1 | K27: =SUMIFS(Trechos!$F$2:$F$526,Trechos!$M$2:$M$526,A27) -> 9.0630126 | L27: =SUMPRODUCT(--ISNUMBER(SEARCH("|"&A27&"|",Trechos!$AB$2:$AB$526))) -> 1 | M27: =SUMPRODUCT(ISNUMBER(SEARCH("|"&A27&"|",Trechos!$AB$2:$AB$526))*Trechos!$F$2:$F$526) -> 9.0630126 | N27: — | O27: -7.183786 | P27: -48.22677 | Q27: abrir
A28: 0201875004 | B28: Chave 02 (conta como fusível) | C28: N92 | D28: não | E28: T1 | F28: T3 | G28: 17 | H28: 18 | I28: DJ AL04010004 › 0201875004 | J28: =COUNTIFS(Trechos!$M$2:$M$526,A28) -> 1 | K28: =SUMIFS(Trechos!$F$2:$F$526,Trechos!$M$2:$M$526,A28) -> 8.6844675 | L28: =SUMPRODUCT(--ISNUMBER(SEARCH("|"&A28&"|",Trechos!$AB$2:$AB$526))) -> 1 | M28: =SUMPRODUCT(ISNUMBER(SEARCH("|"&A28&"|",Trechos!$AB$2:$AB$526))*Trechos!$F$2:$F$526) -> 8.6844675 | N28: — | O28: -7.183178 | P28: -48.226205 | Q28: abrir
A29: 0200550004 | B29: Chave 02 (conta como fusível) | C29: N93 | D29: não | E29: T1 | F29: T3 | G29: 19 | H29: 20 | I29: DJ AL04010004 › 0200550004 | J29: =COUNTIFS(Trechos!$M$2:$M$526,A29) -> 3 | K29: =SUMIFS(Trechos!$F$2:$F$526,Trechos!$M$2:$M$526,A29) -> 46.711058 | L29: =SUMPRODUCT(--ISNUMBER(SEARCH("|"&A29&"|",Trechos!$AB$2:$AB$526))) -> 3 | M29: =SUMPRODUCT(ISNUMBER(SEARCH("|"&A29&"|",Trechos!$AB$2:$AB$526))*Trechos!$F$2:$F$526) -> 46.711058 | N29: — | O29: -7.183124 | P29: -48.226156 | Q29: abrir
A30: 8845029004 | B30: Chave 88 | C30: N133 | D30: não | E30: T2 | F30: T2 | G30: 26 | H30: — | I30: DJ AL04010004 › 7903565004 | N30: 0303973004 | O30: -7.180434 | P30: -48.221442 | Q30: abrir
A31: 0303973004 | B31: Chave fusível (03) | C31: N139 | D31: não | E31: T2 | F31: T3 | G31: 26 | H31: 27 | I31: DJ AL04010004 › 7903565004 › 0303973004 | J31: =COUNTIFS(Trechos!$M$2:$M$526,A31) -> 2 | K31: =SUMIFS(Trechos!$F$2:$F$526,Trechos!$M$2:$M$526,A31) -> 34.30462 | L31: =SUMPRODUCT(--ISNUMBER(SEARCH("|"&A31&"|",Trechos!$AB$2:$AB$526))) -> 2 | M31: =SUMPRODUCT(ISNUMBER(SEARCH("|"&A31&"|",Trechos!$AB$2:$AB$526))*Trechos!$F$2:$F$526) -> 34.30462 | N31: — | O31: -7.181022 | P31: -48.221738 | Q31: abrir
A32: 0200556004 | B32: Chave 02 (conta como fusível) | C32: N258 | D32: não | E32: T2 | F32: T3 | G32: 28 | H32: 29 | I32: DJ AL04010004 › 7903565004 › 0200556004 | J32: =COUNTIFS(Trechos!$M$2:$M$526,A32) -> 2 | K32: =SUMIFS(Trechos!$F$2:$F$526,Trechos!$M$2:$M$526,A32) -> 41.706607 | L32: =SUMPRODUCT(--ISNUMBER(SEARCH("|"&A32&"|",Trechos!$AB$2:$AB$526))) -> 2 | M32: =SUMPRODUCT(ISNUMBER(SEARCH("|"&A32&"|",Trechos!$AB$2:$AB$526))*Trechos!$F$2:$F$526) -> 41.706607 | N32: — | O32: -7.1806 | P32: -48.221127 | Q32: abrir
A33: 0303731004 | B33: Chave fusível (03) | C33: N149 | D33: não | E33: T2 | F33: T3 | G33: 31 | H33: 32 | I33: DJ AL04010004 › 7903565004 › 0303731004 | J33: =COUNTIFS(Trechos!$M$2:$M$526,A33) -> 5 | K33: =SUMIFS(Trechos!$F$2:$F$526,Trechos!$M$2:$M$526,A33) -> 167.98351 | L33: =SUMPRODUCT(--ISNUMBER(SEARCH("|"&A33&"|",Trechos!$AB$2:$AB$526))) -> 5 | M33: =SUMPRODUCT(ISNUMBER(SEARCH("|"&A33&"|",Trechos!$AB$2:$AB$526))*Trechos!$F$2:$F$526) -> 167.98351 | N33: — | O33: -7.182205 | P33: -48.220379 | Q33: abrir
A34: 0230252004 | B34: Chave 02 (conta como fusível) | C34: N261 | D34: não | E34: T2 | F34: T3 | G34: 33 | H34: 34 | I34: DJ AL04010004 › 7903565004 › 0230252004 | J34: =COUNTIFS(Trechos!$M$2:$M$526,A34) -> 2 | K34: =SUMIFS(Trechos!$F$2:$F$526,Trechos!$M$2:$M$526,A34) -> 24.734505 | L34: =SUMPRODUCT(--ISNUMBER(SEARCH("|"&A34&"|",Trechos!$AB$2:$AB$526))) -> 2 | M34: =SUMPRODUCT(ISNUMBER(SEARCH("|"&A34&"|",Trechos!$AB$2:$AB$526))*Trechos!$F$2:$F$526) -> 24.734505 | N34: — | O34: -7.183208 | P34: -48.219853 | Q34: abrir
A35: 0200571004 | B35: Chave 02 (conta como fusível) | C35: N264 | D35: não | E35: T2 | F35: T3 | G35: 35 | H35: 36 | I35: DJ AL04010004 › 7903565004 › 0200571004 | J35: =COUNTIFS(Trechos!$M$2:$M$526,A35) -> 1 | K35: =SUMIFS(Trechos!$F$2:$F$526,Trechos!$M$2:$M$526,A35) -> 25.030774 | L35: =SUMPRODUCT(--ISNUMBER(SEARCH("|"&A35&"|",Trechos!$AB$2:$AB$526))) -> 1 | M35: =SUMPRODUCT(ISNUMBER(SEARCH("|"&A35&"|",Trechos!$AB$2:$AB$526))*Trechos!$F$2:$F$526) -> 25.030774 | N35: — | O35: -7.18374 | P35: -48.219603 | Q35: abrir
A36: 0200573004 | B36: Chave 02 (conta como fusível) | C36: N266 | D36: não | E36: T2 | F36: T3 | G36: 37 | H36: 38 | I36: DJ AL04010004 › 7903565004 › 0200573004 | J36: =COUNTIFS(Trechos!$M$2:$M$526,A36) -> 1 | K36: =SUMIFS(Trechos!$F$2:$F$526,Trechos!$M$2:$M$526,A36) -> 22.705485 | L36: =SUMPRODUCT(--ISNUMBER(SEARCH("|"&A36&"|",Trechos!$AB$2:$AB$526))) -> 1 | M36: =SUMPRODUCT(ISNUMBER(SEARCH("|"&A36&"|",Trechos!$AB$2:$AB$526))*Trechos!$F$2:$F$526) -> 22.705485 | N36: — | O36: -7.184023 | P36: -48.219458 | Q36: abrir
A37: 0200868004 | B37: Chave 02 (conta como fusível) | C37: N268 | D37: não | E37: T2 | F37: T3 | G37: 39 | H37: 40 | I37: DJ AL04010004 › 7903565004 › 0200868004 | J37: =COUNTIFS(Trechos!$M$2:$M$526,A37) -> 1 | K37: =SUMIFS(Trechos!$F$2:$F$526,Trechos!$M$2:$M$526,A37) -> 12.940575 | L37: =SUMPRODUCT(--ISNUMBER(SEARCH("|"&A37&"|",Trechos!$AB$2:$AB$526))) -> 1 | M37: =SUMPRODUCT(ISNUMBER(SEARCH("|"&A37&"|",Trechos!$AB$2:$AB$526))*Trechos!$F$2:$F$526) -> 12.940575 | N37: — | O37: -7.184203 | P37: -48.219344 | Q37: abrir
A38: 8800577004 | B38: Chave 88 | C38: N164 | D38: não | E38: T2 | F38: T2 | G38: 41 | H38: — | I38: DJ AL04010004 › 7903565004 | N38: 0200583004, 0300584004, 0300585004, 0300582004, 0204195004, 0300578004, 0229381004, 0200580004, 0202671004, 0204249004 | O38: -7.184621 | P38: -48.219168 | Q38: abrir
A39: 8857503004 | B39: Chave 88 | C39: N205 | D39: não | E39: T2 | F39: T2 | G39: 41 | H39: — | I39: DJ AL04010004 › 7903565004 | N39: 0200583004, 0300584004, 0300585004, 0300582004 | O39: -7.186539 | P39: -48.222491 | Q39: abrir
A40: 0200583004 | B40: Chave 02 (conta como fusível) | C40: 94376 | D40: não | E40: T2 | F40: T3 | G40: 41 | H40: 42 | I40: DJ AL04010004 › 7903565004 › 0200583004 | J40: =COUNTIFS(Trechos!$M$2:$M$526,A40) -> 4 | K40: =SUMIFS(Trechos!$F$2:$F$526,Trechos!$M$2:$M$526,A40) -> 43.873135 | L40: =SUMPRODUCT(--ISNUMBER(SEARCH("|"&A40&"|",Trechos!$AB$2:$AB$526))) -> 4 | M40: =SUMPRODUCT(ISNUMBER(SEARCH("|"&A40&"|",Trechos!$AB$2:$AB$526))*Trechos!$F$2:$F$526) -> 43.873135 | N40: — | O40: -7.187717 | P40: -48.223162 | Q40: abrir
A41: 0300584004 | B41: Chave fusível (03) | C41: N226 | D41: não | E41: T2 | F41: T3 | G41: 41 | H41: 43 | I41: DJ AL04010004 › 7903565004 › 0300584004 | J41: =COUNTIFS(Trechos!$M$2:$M$526,A41) -> 22 | K41: =SUMIFS(Trechos!$F$2:$F$526,Trechos!$M$2:$M$526,A41) -> 610.20803 | L41: =SUMPRODUCT(--ISNUMBER(SEARCH("|"&A41&"|",Trechos!$AB$2:$AB$526))) -> 23 | M41: =SUMPRODUCT(ISNUMBER(SEARCH("|"&A41&"|",Trechos!$AB$2:$AB$526))*Trechos!$F$2:$F$526) -> 621.44998 | N41: 0300585004 | O41: -7.187399 | P41: -48.222809 | Q41: abrir
A42: 0300582004 | B42: Chave fusível (03) | C42: N220 | D42: não | E42: T2 | F42: T3 | G42: 41 | H42: 45 | I42: DJ AL04010004 › 7903565004 › 0300582004 | J42: =COUNTIFS(Trechos!$M$2:$M$526,A42) -> 3 | K42: =SUMIFS(Trechos!$F$2:$F$526,Trechos!$M$2:$M$526,A42) -> 234.70329 | L42: =SUMPRODUCT(--ISNUMBER(SEARCH("|"&A42&"|",Trechos!$AB$2:$AB$526))) -> 3 | M42: =SUMPRODUCT(ISNUMBER(SEARCH("|"&A42&"|",Trechos!$AB$2:$AB$526))*Trechos!$F$2:$F$526) -> 234.70329 | N42: — | O42: -7.187232 | P42: -48.223044 | Q42: abrir
A43: 0204195004 | B43: Chave 02 (conta como fusível) | C43: N277 | D43: não | E43: T2 | F43: T3 | G43: 41 | H43: 46 | I43: DJ AL04010004 › 7903565004 › 0204195004 | J43: =COUNTIFS(Trechos!$M$2:$M$526,A43) -> 2 | K43: =SUMIFS(Trechos!$F$2:$F$526,Trechos!$M$2:$M$526,A43) -> 11.190913 | L43: =SUMPRODUCT(--ISNUMBER(SEARCH("|"&A43&"|",Trechos!$AB$2:$AB$526))) -> 2 | M43: =SUMPRODUCT(ISNUMBER(SEARCH("|"&A43&"|",Trechos!$AB$2:$AB$526))*Trechos!$F$2:$F$526) -> 11.190913 | N43: — | O43: -7.186055 | P43: -48.222231 | Q43: abrir
A44: 0300578004 | B44: Chave fusível (03) | C44: 94182 | D44: não | E44: T2 | F44: T3 | G44: 41 | H44: 47 | I44: DJ AL04010004 › 7903565004 › 0300578004 | J44: =COUNTIFS(Trechos!$M$2:$M$526,A44) -> 12 | K44: =SUMIFS(Trechos!$F$2:$F$526,Trechos!$M$2:$M$526,A44) -> 364.46104 | L44: =SUMPRODUCT(--ISNUMBER(SEARCH("|"&A44&"|",Trechos!$AB$2:$AB$526))) -> 15 | M44: =SUMPRODUCT(ISNUMBER(SEARCH("|"&A44&"|",Trechos!$AB$2:$AB$526))*Trechos!$F$2:$F$526) -> 403.86379 | N44: 0229381004, 0200580004 | O44: -7.184874 | P44: -48.221325 | Q44: abrir
A45: 0202671004 | B45: Chave 02 (conta como fusível) | C45: N272 | D45: não | E45: T2 | F45: T3 | G45: 41 | H45: 50 | I45: DJ AL04010004 › 7903565004 › 0202671004 | J45: =COUNTIFS(Trechos!$M$2:$M$526,A45) -> 3 | K45: =SUMIFS(Trechos!$F$2:$F$526,Trechos!$M$2:$M$526,A45) -> 45.920425 | L45: =SUMPRODUCT(--ISNUMBER(SEARCH("|"&A45&"|",Trechos!$AB$2:$AB$526))) -> 3 | M45: =SUMPRODUCT(ISNUMBER(SEARCH("|"&A45&"|",Trechos!$AB$2:$AB$526))*Trechos!$F$2:$F$526) -> 45.920425 | N45: — | O45: -7.18482 | P45: -48.220628 | Q45: abrir
A46: 0204249004 | B46: Chave 02 (conta como fusível) | C46: N270 | D46: não | E46: T2 | F46: T3 | G46: 41 | H46: 51 | I46: DJ AL04010004 › 7903565004 › 0204249004 | J46: =COUNTIFS(Trechos!$M$2:$M$526,A46) -> 1 | K46: =SUMIFS(Trechos!$F$2:$F$526,Trechos!$M$2:$M$526,A46) -> 28.350099 | L46: =SUMPRODUCT(--ISNUMBER(SEARCH("|"&A46&"|",Trechos!$AB$2:$AB$526))) -> 1 | M46: =SUMPRODUCT(ISNUMBER(SEARCH("|"&A46&"|",Trechos!$AB$2:$AB$526))*Trechos!$F$2:$F$526) -> 28.350099 | N46: — | O46: -7.18468 | P46: -48.219931 | Q46: abrir
A47: 0300585004 | B47: Chave fusível (03) | C47: N233 | D47: não | E47: T3 | F47: T4 | G47: 43 | H47: 44 | I47: DJ AL04010004 › 7903565004 › 0300584004 › 0300585004 | J47: =COUNTIFS(Trechos!$M$2:$M$526,A47) -> 1 | K47: =SUMIFS(Trechos!$F$2:$F$526,Trechos!$M$2:$M$526,A47) -> 11.241954 | L47: =SUMPRODUCT(--ISNUMBER(SEARCH("|"&A47&"|",Trechos!$AB$2:$AB$526))) -> 1 | M47: =SUMPRODUCT(ISNUMBER(SEARCH("|"&A47&"|",Trechos!$AB$2:$AB$526))*Trechos!$F$2:$F$526) -> 11.241954 | N47: — | O47: -7.188045 | P47: -48.222515 | Q47: abrir
A48: 0229381004 | B48: Chave 02 (conta como fusível) | C48: N287 | D48: não | E48: T3 | F48: T4 | G48: 47 | H48: 48 | I48: DJ AL04010004 › 7903565004 › 0300578004 › 0229381004 | J48: =COUNTIFS(Trechos!$M$2:$M$526,A48) -> 2 | K48: =SUMIFS(Trechos!$F$2:$F$526,Trechos!$M$2:$M$526,A48) -> 25.122792 | L48: =SUMPRODUCT(--ISNUMBER(SEARCH("|"&A48&"|",Trechos!$AB$2:$AB$526))) -> 2 | M48: =SUMPRODUCT(ISNUMBER(SEARCH("|"&A48&"|",Trechos!$AB$2:$AB$526))*Trechos!$F$2:$F$526) -> 25.122792 | N48: — | O48: -7.183062 | P48: -48.220856 | Q48: abrir
A49: 0200580004 | B49: Chave 02 (conta como fusível) | C49: 94179 | D49: não | E49: T3 | F49: T4 | G49: 47 | H49: 49 | I49: DJ AL04010004 › 7903565004 › 0300578004 › 0200580004 | J49: =COUNTIFS(Trechos!$M$2:$M$526,A49) -> 1 | K49: =SUMIFS(Trechos!$F$2:$F$526,Trechos!$M$2:$M$526,A49) -> 14.279954 | L49: =SUMPRODUCT(--ISNUMBER(SEARCH("|"&A49&"|",Trechos!$AB$2:$AB$526))) -> 1 | M49: =SUMPRODUCT(ISNUMBER(SEARCH("|"&A49&"|",Trechos!$AB$2:$AB$526))*Trechos!$F$2:$F$526) -> 14.279954 | N49: — | O49: -7.184071 | P49: -48.222246 | Q49: abrir
A50: 8855214004 | B50: Chave 88 | C50: N172 | D50: não | E50: T2 | F50: T2 | G50: 52 | H50: — | I50: DJ AL04010004 › 7903565004 | N50: — | O50: -7.185771 | P50: -48.21859 | Q50: abrir
A51: 0300588004 | B51: Chave fusível (03) | C51: N174 | D51: não | E51: T2 | F51: T3 | G51: 52 | H51: 53 | I51: DJ AL04010004 › 7903565004 › 0300588004 | J51: =COUNTIFS(Trechos!$M$2:$M$526,A51) -> 6 | K51: =SUMIFS(Trechos!$F$2:$F$526,Trechos!$M$2:$M$526,A51) -> 246.3269 | L51: =SUMPRODUCT(--ISNUMBER(SEARCH("|"&A51&"|",Trechos!$AB$2:$AB$526))) -> 25 | M51: =SUMPRODUCT(ISNUMBER(SEARCH("|"&A51&"|",Trechos!$AB$2:$AB$526))*Trechos!$F$2:$F$526) -> 1167.4315 | N51: 0300591004, 0200593004, 0224749004 | O51: -7.185541 | P51: -48.218351 | Q51: abrir
