Workbook

Sheet Leia-me
A1: Zonas, ramais e blocos — AL01010004
A3: Zona | B3: T1 do DJ ao 1º religador (79). Depois de qualquer religador é T2, inclusive religador em ramal: religador nunca cria T3. Depois de uma chave fusível (03) é T3; fusível depois de fusível continua T3 (não existe T4).
A4: Seccionamento | B4: Chave 03/33/02 com religador depois dela não conta como fusível: não muda a zona e aparece em "Outras chaves no bloco (88…)" como "Chave 03 de seccionamento".
A5: Tronco | B5: Caminho DJ → 1º religador → 2º religador e, depois do 2º, até os próximos ativos (religador ou fusível): o trecho entre dois ativos do tronco ainda é tronco. Pontas sem equipamento são ramal. Nunca tem T3. O resto é ramal, com o nome do poste onde sai do tronco.
A6: Ativo de referência | B6: Último DJ, 79 ou 03 antes do vão, vindo do DJ. Ele engloba o vão e tudo o que vem depois.
A7: Ativos posteriores englobados | B7: Os DJ/79/03 que ficam depois do vão ou do bloco. Se o ativo de referência abrir, todos ficam sem energia.
A8: Bloco | B8: Vãos com o mesmo ativo de referência e o mesmo ramal (de um ativo até o próximo). Chaves 88 e outras que não são DJ/79/fusível não dividem bloco: aparecem na coluna "Outras chaves no bloco (88…)". Chaves 02 e 33 contam como fusível.
A9: Nível 1…N | B9: Sequência de ativos desde o DJ até o ativo de referência. Filtrar um nível mostra tudo o que fica depois daquele ativo.
A10: Distâncias | B10: Calculadas a partir das coordenadas (haversine, raio 6.371 km), seguindo a rede.
A11: Abas | B11: Árvore de blocos: visão rápida da sequência, agrupada por tronco e ramal. Consulta: digite um poste e veja onde ele está. Blocos: um bloco por linha, com os ativos posteriores um por coluna e juntos numa coluna só. Por bloco: os vãos agrupados embaixo de cada bloco (botão + à esquerda). Trechos: um vão por linha. Ativos: resumo por ativo.
A12: Aviso | B12: 1 chave(s) 03/33/02 com religador depois tratada(s) como seccionamento (não mudam a zona; entram na lista do bloco): 0349277004
A14: Cores das zonas
A15: T1
A16: T2
A17: T3

Sheet Árvore de blocos
A1: Árvore de blocos — AL01010004
A2: Cada linha é um bloco. A célula colorida é o ativo de referência do bloco (cor da zona). As células em cinza à esquerda são os ativos antes dele, desde o DJ.
A3: Zonas: | B3: T1 | C3: T2 | D3: T3
A5: Bloco | B5: Zona | C5: Nível 1 | D5: Nível 2 | E5: Nível 3 | F5: Nível 4 | G5: Nível 5 | H5: Nível 6 | I5: De | J5: Até (próximos ativos) | K5: Vãos | L5: Extensão (m) | M5: Outras chaves no bloco (88…) | N5: Ativos englobados (depois do bloco)
A6: TRONCO — do DJ ao 2º religador e até os próximos ativos
A7: 1 | B7: T1 | C7: DJ AL01010004 | I7: DJ AL01010004 | J7: 7900106004 | K7: =COUNTIFS(Trechos!$L$2:$L$838,A7) -> 43 | L7: =SUMIFS(Trechos!$F$2:$F$838,Trechos!$L$2:$L$838,A7) -> 1688.686 | M7: 8800002004, 8838716004, 8836357004, 8823701004 | N7: =Blocos!BT2 -> 7900106004, 7927795004, 0300031004, 0345006004, 0352810004, 0300724004, 0342284004, 0200038004, 0328286004, 0314965004, 0344627004, 0334747004, 0347400004, 0358161004, 0342738004, 0203728004, 0328468004, 0329025004, 0203016004, 0300049004, 0203015004, 0300052004, 0200050004, 0200028004, 0300024004, 0349562004, 0349564004, 0355236004, 0200023004, 0204420004, 0302387004, 3302865004, 3300065004, 0320309004, 0310307004, 0303851004, 0310306004, 0303865004, 0342709004, 0303866004, 0303867004, 0302309004, 0300064004, 0320308004, 0301840004, 0303850004, 0320305004, 0346260004, 0346420004, 0355088004, 0340038004, 0201389004, 0303849004, 0310949004, 0210950004, 0301838004, 0301839004, 0245040004, 0303718004, 0202970004, 0354089004, 0354093004, 0220315004, 0346072004, 0345823004, 0200043004, 0200011004, 0357531004, 0303835004, 0356395004, 3300016004, 0301090004, 0303861004, 0304100004, 0201099004, 0301069004
A8: 2 | B8: T2 | C8: DJ AL01010004 | D8: 7900106004 | I8: 7900106004 | J8: 7927795004 | K8: =COUNTIFS(Trechos!$L$2:$L$838,A8) -> 29 | L8: =SUMIFS(Trechos!$F$2:$F$838,Trechos!$L$2:$L$838,A8) -> 1397.3178 | M8: 8802390004, 0349277004, 8827796004, 8800029004 | N8: =Blocos!BT3 -> 7927795004, 0300031004, 0345006004, 0352810004, 0300724004, 0342284004, 0200038004, 0328286004, 0314965004, 0344627004, 0334747004, 0347400004, 0358161004, 0342738004, 0203728004, 0328468004, 0329025004, 0203016004, 0300049004, 0203015004, 0300052004, 0200050004, 0200028004, 0300024004, 0349562004, 0349564004, 0355236004, 0200023004, 0204420004
A9: 3 | B9: T2 | C9: DJ AL01010004 | D9: 7900106004 | E9: 7927795004 | I9: 7927795004 | J9: 0300031004 / 0300724004 / 0328286004 / 0314965004 / 0344627004 / 0334747004 / 0203728004 / 0328468004 / 0329025004 / 0203016004 / 0300049004 / 0203015004 | K9: =COUNTIFS(Trechos!$L$2:$L$838,A9) -> 114 | L9: =SUMIFS(Trechos!$F$2:$F$838,Trechos!$L$2:$L$838,A9) -> 5582.6239 | M9: 8841354004, 8800034004, 8803727004, 8828470004, 8814964004, 8855846004, 8855095004, 8855094004, 8858328004, 8804463004 | N9: =Blocos!BT4 -> 0300031004, 0345006004, 0352810004, 0300724004, 0342284004, 0200038004, 0328286004, 0314965004, 0344627004, 0334747004, 0347400004, 0358161004, 0342738004, 0203728004, 0328468004, 0329025004, 0203016004, 0300049004, 0203015004
A10: RAMAL DO 0200011004 — sai do tronco no poste 0200011004
A11: 4 | B11: T1 | C11: DJ AL01010004 | I11: poste N13 | J11: 0200011004 / 0357531004 / fim 59283022 / 0303835004 / fim 554197 / 0356395004 / 3300016004 / 0201099004 / fim 48647275 / fim N107 / fim 93802 / 0301069004 / fim 555910 / fim 539462 / fim 555011 / fim N29 / fim 536530 | K11: =COUNTIFS(Trechos!$L$2:$L$838,A11) -> 73 | L11: =SUMIFS(Trechos!$F$2:$F$838,Trechos!$L$2:$L$838,A11) -> 3978.3332 | M11: 8801100004, 8801130004, 8800010004, 8800009004, 8804031004, 8858190004, 8800015004 | N11: =Blocos!BT5 -> 0200011004, 0357531004, 0303835004, 0356395004, 3300016004, 0301090004, 0303861004, 0304100004, 0201099004, 0301069004
A12: 5 | B12: T3 | C12: DJ AL01010004 | D12: 0200011004 | I12: 0200011004 | J12: fim N218 | K12: =COUNTIFS(Trechos!$L$2:$L$838,A12) -> 2 | L12: =SUMIFS(Trechos!$F$2:$F$838,Trechos!$L$2:$L$838,A12) -> 26.25525 | M12: — | N12: =Blocos!BT6 -> —
A13: 6 | B13: T3 | C13: DJ AL01010004 | D13: 0357531004 | I13: 0357531004 | J13: fim 41939697 | K13: =COUNTIFS(Trechos!$L$2:$L$838,A13) -> 2 | L13: =SUMIFS(Trechos!$F$2:$F$838,Trechos!$L$2:$L$838,A13) -> 86.236461 | M13: — | N13: =Blocos!BT7 -> —
A14: 7 | B14: T3 | C14: DJ AL01010004 | D14: 0303835004 | I14: 0303835004 | J14: fim 538289 | K14: =COUNTIFS(Trechos!$L$2:$L$838,A14) -> 2 | L14: =SUMIFS(Trechos!$F$2:$F$838,Trechos!$L$2:$L$838,A14) -> 164.5764 | M14: — | N14: =Blocos!BT8 -> —
A15: 8 | B15: T3 | C15: DJ AL01010004 | D15: 0356395004 | I15: 0356395004 | J15: fim 41939685 | K15: =COUNTIFS(Trechos!$L$2:$L$838,A15) -> 4 | L15: =SUMIFS(Trechos!$F$2:$F$838,Trechos!$L$2:$L$838,A15) -> 242.11235 | M15: — | N15: =Blocos!BT9 -> —
A16: 9 | B16: T3 | C16: DJ AL01010004 | D16: 3300016004 | I16: 3300016004 | J16: 0301090004 | K16: =COUNTIFS(Trechos!$L$2:$L$838,A16) -> 6 | L16: =SUMIFS(Trechos!$F$2:$F$838,Trechos!$L$2:$L$838,A16) -> 419.6145 | M16: — | N16: =Blocos!BT10 -> 0301090004, 0303861004, 0304100004
A17: 10 | B17: T3 | C17: DJ AL01010004 | D17: 3300016004 | E17: 0301090004 | I17: 0301090004 | J17: 0303861004 / 0304100004 / fim 115640 | K17: =COUNTIFS(Trechos!$L$2:$L$838,A17) -> 7 | L17: =SUMIFS(Trechos!$F$2:$F$838,Trechos!$L$2:$L$838,A17) -> 505.3772 | M17: — | N17: =Blocos!BT11 -> 0303861004, 0304100004
A18: 11 | B18: T3 | C18: DJ AL01010004 | D18: 3300016004 | E18: 0301090004 | F18: 0303861004 | I18: 0303861004 | J18: fim N161 | K18: =COUNTIFS(Trechos!$L$2:$L$838,A18) -> 1 | L18: =SUMIFS(Trechos!$F$2:$F$838,Trechos!$L$2:$L$838,A18) -> 122.54796 | M18: — | N18: =Blocos!BT12 -> —
A19: 12 | B19: T3 | C19: DJ AL01010004 | D19: 3300016004 | E19: 0301090004 | F19: 0304100004 | I19: 0304100004 | J19: fim 1097675 | K19: =COUNTIFS(Trechos!$L$2:$L$838,A19) -> 1 | L19: =SUMIFS(Trechos!$F$2:$F$838,Trechos!$L$2:$L$838,A19) -> 53.386472 | M19: — | N19: =Blocos!BT13 -> —
A20: 13 | B20: T3 | C20: DJ AL01010004 | D20: 0201099004 | I20: 0201099004 | J20: fim N215 / fim 590202 | K20: =COUNTIFS(Trechos!$L$2:$L$838,A20) -> 3 | L20: =SUMIFS(Trechos!$F$2:$F$838,Trechos!$L$2:$L$838,A20) -> 17.631789 | M20: — | N20: =Blocos!BT14 -> —
A21: 14 | B21: T3 | C21: DJ AL01010004 | D21: 0301069004 | I21: 0301069004 | J21: fim 556216 | K21: =COUNTIFS(Trechos!$L$2:$L$838,A21) -> 1 | L21: =SUMIFS(Trechos!$F$2:$F$838,Trechos!$L$2:$L$838,A21) -> 5.1647457 | M21: — | N21: =Blocos!BT15 -> —
A22: RAMAL 1471339 — sai do tronco no poste 1471339
A23: 15 | B23: T1 | C23: DJ AL01010004 | I23: poste 1471339 | J23: fim 1471341 | K23: =COUNTIFS(Trechos!$L$2:$L$838,A23) -> 1 | L23: =SUMIFS(Trechos!$F$2:$F$838,Trechos!$L$2:$L$838,A23) -> 81.237519 | M23: — | N23: =Blocos!BT16 -> —
A24: RAMAL DO 0302387004 — sai do tronco no poste 0302387004
A25: 16 | B25: T1 | C25: DJ AL01010004 | I25: poste N86 | J25: fim N91 / fim 93656 / fim 550067 / 0302387004 / fim 35013393 / fim 35013388 / 0346420004 / fim 539706 / fim 587027 / fim 29689259 / fim 29689060 / fim 29689128 / 0355088004 / 0340038004 / 0201389004 / fim 38388446 / fim 38388428 / fim 345020 / fim 586093 / 0303849004 / fim N204 / fim N318 / 0310949004 / fim N179 / 0301838004 / 0245040004 / fim N170 / 0303718004 / 0202970004 / fim N158 / fim 557105 / fim N274 / 0354089004 / fim 556507 / 0220315004 / fim 554755 / fim 557326 / fim 554754 / fim 557325 / fim 553761 / fim 553760 / fim 557877 / fim 557872 / fim 557871 / fim 557874 / fim 554507 / fim 34566747 / 0346072004 / fim 31715517 / 0345823004 / fim 31715612 / fim 554240 / fim 554237 / fim 553817 / fim N141 / 0200043004 | K25: =COUNTIFS(Trechos!$L$2:$L$838,A25) -> 173 | L25: =SUMIFS(Trechos!$F$2:$F$838,Trechos!$L$2:$L$838,A25) -> 8992.9892 | M25: 8802389004, 8804077004, 8844641004, 8801105004, 8802780004, 8855073004, 8803581004, 8803577004, 8845830004 | N25: =Blocos!BT17 -> 0302387004, 3302865004, 3300065004, 0320309004, 0310307004, 0303851004, 0310306004, 0303865004, 0342709004, 0303866004, 0303867004, 0302309004, 0300064004, 0320308004, 0301840004, 0303850004, 0320305004, 0346260004, 0346420004, 0355088004, 0340038004, 0201389004, 0303849004, 0310949004, 0210950004, 0301838004, 0301839004, 0245040004, 0303718004, 0202970004, 0354089004, 0354093004, 0220315004, 0346072004, 0345823004, 0200043004
A26: 17 | B26: T3 | C26: DJ AL01010004 | D26: 0302387004 | I26: 0302387004 | J26: fim 587304 / fim 538104 / 3302865004 / fim 538331 / 0303850004 / fim 553248 / 0346260004 | K26: =COUNTIFS(Trechos!$L$2:$L$838,A26) -> 13 | L26: =SUMIFS(Trechos!$F$2:$F$838,Trechos!$L$2:$L$838,A26) -> 1089.0585 | M26: — | N26: =Blocos!BT18 -> 3302865004, 3300065004, 0320309004, 0310307004, 0303851004, 0310306004, 0303865004, 0342709004, 0303866004, 0303867004, 0302309004, 0300064004, 0320308004, 0301840004, 0303850004, 0320305004, 0346260004
A27: 18 | B27: T3 | C27: DJ AL01010004 | D27: 0302387004 | E27: 3302865004 | I27: 3302865004 | J27: 3300065004 / 0300064004 / 0320308004 / 0301840004 | K27: =COUNTIFS(Trechos!$L$2:$L$838,A27) -> 12 | L27: =SUMIFS(Trechos!$F$2:$F$838,Trechos!$L$2:$L$838,A27) -> 1422.7885 | M27: — | N27: =Blocos!BT19 -> 3300065004, 0320309004, 0310307004, 0303851004, 0310306004, 0303865004, 0342709004, 0303866004, 0303867004, 0302309004, 0300064004, 0320308004, 0301840004
A28: 19 | B28: T3 | C28: DJ AL01010004 | D28: 0302387004 | E28: 3302865004 | F28: 3300065004 | I28: 3300065004 | J28: 0320309004 / fim 173794 | K28: =COUNTIFS(Trechos!$L$2:$L$838,A28) -> 5 | L28: =SUMIFS(Trechos!$F$2:$F$838,Trechos!$L$2:$L$838,A28) -> 300.01825 | M28: — | N28: =Blocos!BT20 -> 0320309004, 0310307004, 0303851004, 0310306004, 0303865004, 0342709004, 0303866004, 0303867004, 0302309004
A29: 20 | B29: T3 | C29: DJ AL01010004 | D29: 0302387004 | E29: 3302865004 | F29: 3300065004 | G29: 0320309004 | I29: 0320309004 | J29: 0310307004 / 0303851004 / 0310306004 / 0303865004 / 0342709004 / 0303866004 / 0303867004 / 0302309004 | K29: =COUNTIFS(Trechos!$L$2:$L$838,A29) -> 31 | L29: =SUMIFS(Trechos!$F$2:$F$838,Trechos!$L$2:$L$838,A29) -> 3388.7675 | M29: — | N29: =Blocos!BT21 -> 0310307004, 0303851004, 0310306004, 0303865004, 0342709004, 0303866004, 0303867004, 0302309004
A30: 21 | B30: T3 | C30: DJ AL01010004 | D30: 0302387004 | E30: 3302865004 | F30: 3300065004 | G30: 0320309004 | H30: 0310307004 | I30: 0310307004 | J30: fim 173836 | K30: =COUNTIFS(Trechos!$L$2:$L$838,A30) -> 1 | L30: =SUMIFS(Trechos!$F$2:$F$838,Trechos!$L$2:$L$838,A30) -> 35.92843 | M30: — | N30: =Blocos!BT22 -> —
A31: 22 | B31: T3 | C31: DJ AL01010004 | D31: 0302387004 | E31: 3302865004 | F31: 3300065004 | G31: 0320309004 | H31: 0303851004 | I31: 0303851004 | J31: fim 586318 | K31: =COUNTIFS(Trechos!$L$2:$L$838,A31) -> 1 | L31: =SUMIFS(Trechos!$F$2:$F$838,Trechos!$L$2:$L$838,A31) -> 466.71724 | M31: — | N31: =Blocos!BT23 -> —
A32: 23 | B32: T3 | C32: DJ AL01010004 | D32: 0302387004 | E32: 3302865004 | F32: 3300065004 | G32: 0320309004 | H32: 0310306004 | I32: 0310306004 | J32: fim 173833 | K32: =COUNTIFS(Trechos!$L$2:$L$838,A32) -> 1 | L32: =SUMIFS(Trechos!$F$2:$F$838,Trechos!$L$2:$L$838,A32) -> 261.89621 | M32: — | N32: =Blocos!BT24 -> —
A33: 24 | B33: T3 | C33: DJ AL01010004 | D33: 0302387004 | E33: 3302865004 | F33: 3300065004 | G33: 0320309004 | H33: 0303865004 | I33: 0303865004 | J33: fim 549515 | K33: =COUNTIFS(Trechos!$L$2:$L$838,A33) -> 1 | L33: =SUMIFS(Trechos!$F$2:$F$838,Trechos!$L$2:$L$838,A33) -> 114.5567 | M33: — | N33: =Blocos!BT25 -> —
A34: 25 | B34: T3 | C34: DJ AL01010004 | D34: 0302387004 | E34: 3302865004 | F34: 3300065004 | G34: 0320309004 | H34: 0342709004 | I34: 0342709004 | J34: fim 1461337 | K34: =COUNTIFS(Trechos!$L$2:$L$838,A34) -> 3 | L34: =SUMIFS(Trechos!$F$2:$F$838,Trechos!$L$2:$L$838,A34) -> 106.35573 | M34: — | N34: =Blocos!BT26 -> —
A35: 26 | B35: T3 | C35: DJ AL01010004 | D35: 0302387004 | E35: 3302865004 | F35: 3300065004 | G35: 0320309004 | H35: 0303866004 | I35: 0303866004 | J35: fim 590237 | K35: =COUNTIFS(Trechos!$L$2:$L$838,A35) -> 1 | L35: =SUMIFS(Trechos!$F$2:$F$838,Trechos!$L$2:$L$838,A35) -> 50.299251 | M35: — | N35: =Blocos!BT27 -> —
A36: 27 | B36: T3 | C36: DJ AL01010004 | D36: 0302387004 | E36: 3302865004 | F36: 3300065004 | G36: 0320309004 | H36: 0303867004 | I36: 0303867004 | J36: fim 589790 | K36: =COUNTIFS(Trechos!$L$2:$L$838,A36) -> 1 | L36: =SUMIFS(Trechos!$F$2:$F$838,Trechos!$L$2:$L$838,A36) -> 92.258631 | M36: — | N36: =Blocos!BT28 -> —
A37: 28 | B37: T3 | C37: DJ AL01010004 | D37: 0302387004 | E37: 3302865004 | F37: 3300065004 | G37: 0320309004 | H37: 0302309004 | I37: 0302309004 | J37: fim 311399 | K37: =COUNTIFS(Trechos!$L$2:$L$838,A37) -> 1 | L37: =SUMIFS(Trechos!$F$2:$F$838,Trechos!$L$2:$L$838,A37) -> 252.90918 | M37: — | N37: =Blocos!BT29 -> —
A38: 29 | B38: T3 | C38: DJ AL01010004 | D38: 0302387004 | E38: 3302865004 | F38: 0300064004 | I38: 0300064004 | J38: fim 93637 | K38: =COUNTIFS(Trechos!$L$2:$L$838,A38) -> 1 | L38: =SUMIFS(Trechos!$F$2:$F$838,Trechos!$L$2:$L$838,A38) -> 30.83559 | M38: — | N38: =Blocos!BT30 -> —
A39: 30 | B39: T3 | C39: DJ AL01010004 | D39: 0302387004 | E39: 3302865004 | F39: 0320308004 | I39: 0320308004 | J39: fim 173793 | K39: =COUNTIFS(Trechos!$L$2:$L$838,A39) -> 1 | L39: =SUMIFS(Trechos!$F$2:$F$838,Trechos!$L$2:$L$838,A39) -> 60.470929 | M39: — | N39: =Blocos!BT31 -> —
A40: 31 | B40: T3 | C40: DJ AL01010004 | D40: 0302387004 | E40: 3302865004 | F40: 0301840004 | I40: 0301840004 | J40: fim 31758476 | K40: =COUNTIFS(Trechos!$L$2:$L$838,A40) -> 1 | L40: =SUMIFS(Trechos!$F$2:$F$838,Trechos!$L$2:$L$838,A40) -> 347.96775 | M40: — | N40: =Blocos!BT32 -> —
A41: 32 | B41: T3 | C41: DJ AL01010004 | D41: 0302387004 | E41: 0303850004 | I41: 0303850004 | J41: 0320305004 / fim 553249 / fim 538115 / fim 539707 / fim 539737 | K41: =COUNTIFS(Trechos!$L$2:$L$838,A41) -> 12 | L41: =SUMIFS(Trechos!$F$2:$F$838,Trechos!$L$2:$L$838,A41) -> 559.31223 | M41: — | N41: =Blocos!BT33 -> 0320305004
A42: 33 | B42: T3 | C42: DJ AL01010004 | D42: 0302387004 | E42: 0303850004 | F42: 0320305004 | I42: 0320305004 | J42: fim 432617 / fim 173832 | K42: =COUNTIFS(Trechos!$L$2:$L$838,A42) -> 10 | L42: =SUMIFS(Trechos!$F$2:$F$838,Trechos!$L$2:$L$838,A42) -> 647.3029 | M42: — | N42: =Blocos!BT34 -> —
A43: 34 | B43: T3 | C43: DJ AL01010004 | D43: 0302387004 | E43: 0346260004 | I43: 0346260004 | J43: fim N341 / fim N340 | K43: =COUNTIFS(Trechos!$L$2:$L$838,A43) -> 3 | L43: =SUMIFS(Trechos!$F$2:$F$838,Trechos!$L$2:$L$838,A43) -> 23.527215 | M43: — | N43: =Blocos!BT35 -> —
A44: 35 | B44: T3 | C44: DJ AL01010004 | D44: 0346420004 | I44: 0346420004 | J44: fim N349 | K44: =COUNTIFS(Trechos!$L$2:$L$838,A44) -> 2 | L44: =SUMIFS(Trechos!$F$2:$F$838,Trechos!$L$2:$L$838,A44) -> 14.975521 | M44: — | N44: =Blocos!BT36 -> —
A45: 36 | B45: T3 | C45: DJ AL01010004 | D45: 0355088004 | I45: 0355088004 | J45: fim 28576683 | K45: =COUNTIFS(Trechos!$L$2:$L$838,A45) -> 1 | L45: =SUMIFS(Trechos!$F$2:$F$838,Trechos!$L$2:$L$838,A45) -> 13.618165 | M45: — | N45: =Blocos!BT37 -> —
A46: 37 | B46: T3 | C46: DJ AL01010004 | D46: 0340038004 | I46: 0340038004 | J46: fim 1107431 / fim 1394050 / fim N412 / fim 1394770 | K46: =COUNTIFS(Trechos!$L$2:$L$838,A46) -> 11 | L46: =SUMIFS(Trechos!$F$2:$F$838,Trechos!$L$2:$L$838,A46) -> 499.02867 | M46: — | N46: =Blocos!BT38 -> —
A47: 38 | B47: T3 | C47: DJ AL01010004 | D47: 0201389004 | I47: 0201389004 | J47: fim 212906 | K47: =COUNTIFS(Trechos!$L$2:$L$838,A47) -> 1 | L47: =SUMIFS(Trechos!$F$2:$F$838,Trechos!$L$2:$L$838,A47) -> 99.536474 | M47: — | N47: =Blocos!BT39 -> —
A48: 39 | B48: T3 | C48: DJ AL01010004 | D48: 0303849004 | I48: 0303849004 | J48: fim 537428 / fim 586089 | K48: =COUNTIFS(Trechos!$L$2:$L$838,A48) -> 7 | L48: =SUMIFS(Trechos!$F$2:$F$838,Trechos!$L$2:$L$838,A48) -> 438.92528 | M48: — | N48: =Blocos!BT40 -> —
A49: 40 | B49: T3 | C49: DJ AL01010004 | D49: 0310949004 | I49: 0310949004 | J49: 0210950004 | K49: =COUNTIFS(Trechos!$L$2:$L$838,A49) -> 6 | L49: =SUMIFS(Trechos!$F$2:$F$838,Trechos!$L$2:$L$838,A49) -> 411.99713 | M49: — | N49: =Blocos!BT41 -> 0210950004
A50: 41 | B50: T3 | C50: DJ AL01010004 | D50: 0310949004 | E50: 0210950004 | I50: 0210950004 | J50: fim N313 | K50: =COUNTIFS(Trechos!$L$2:$L$838,A50) -> 2 | L50: =SUMIFS(Trechos!$F$2:$F$838,Trechos!$L$2:$L$838,A50) -> 59.612172 | M50: — | N50: =Blocos!BT42 -> —
A51: 42 | B51: T3 | C51: DJ AL01010004 | D51: 0301838004 | I51: 0301838004 | J51: 0301839004 | K51: =COUNTIFS(Trechos!$L$2:$L$838,A51) -> 6 | L51: =SUMIFS(Trechos!$F$2:$F$838,Trechos!$L$2:$L$838,A51) -> 1387.1089 | M51: — | N51: =Blocos!BT43 -> 0301839004
A52: 43 | B52: T3 | C52: DJ AL01010004 | D52: 0301838004 | E52: 0301839004 | I52: 0301839004 | J52: fim 557681 | K52: =COUNTIFS(Trechos!$L$2:$L$838,A52) -> 1 | L52: =SUMIFS(Trechos!$F$2:$F$838,Trechos!$L$2:$L$838,A52) -> 281.30539 | M52: — | N52: =Blocos!BT44 -> —
A53: 44 | B53: T3 | C53: DJ AL01010004 | D53: 0245040004 | I53: 0245040004 | J53: fim N258 | K53: =COUNTIFS(Trechos!$L$2:$L$838,A53) -> 2 | L53: =SUMIFS(Trechos!$F$2:$F$838,Trechos!$L$2:$L$838,A53) -> 36.503601 | M53: — | N53: =Blocos!BT45 -> —
A54: 45 | B54: T3 | C54: DJ AL01010004 | D54: 0303718004 | I54: 0303718004 | J54: fim N171 | K54: =COUNTIFS(Trechos!$L$2:$L$838,A54) -> 2 | L54: =SUMIFS(Trechos!$F$2:$F$838,Trechos!$L$2:$L$838,A54) -> 5.2171431 | M54: — | N54: =Blocos!BT46 -> —
A55: 46 | B55: T3 | C55: DJ AL01010004 | D55: 0202970004 | I55: 0202970004 | J55: fim N235 | K55: =COUNTIFS(Trechos!$L$2:$L$838,A55) -> 2 | L55: =SUMIFS(Trechos!$F$2:$F$838,Trechos!$L$2:$L$838,A55) -> 21.997531 | M55: — | N55: =Blocos!BT47 -> —
A56: 47 | B56: T3 | C56: DJ AL01010004 | D56: 0354089004 | I56: 0354089004 | J56: fim N307 / 0354093004 | K56: =COUNTIFS(Trechos!$L$2:$L$838,A56) -> 17 | L56: =SUMIFS(Trechos!$F$2:$F$838,Trechos!$L$2:$L$838,A56) -> 934.4097 | M56: — | N56: =Blocos!BT48 -> 0354093004
A57: 48 | B57: T3 | C57: DJ AL01010004 | D57: 0354089004 | E57: 0354093004 | I57: 0354093004 | J57: fim 32462772 | K57: =COUNTIFS(Trechos!$L$2:$L$838,A57) -> 1 | L57: =SUMIFS(Trechos!$F$2:$F$838,Trechos!$L$2:$L$838,A57) -> 71.817186 | M57: — | N57: =Blocos!BT49 -> —
A58: 49 | B58: T3 | C58: DJ AL01010004 | D58: 0220315004 | I58: 0220315004 | J58: fim 182232 | K58: =COUNTIFS(Trechos!$L$2:$L$838,A58) -> 1 | L58: =SUMIFS(Trechos!$F$2:$F$838,Trechos!$L$2:$L$838,A58) -> 18.188375 | M58: — | N58: =Blocos!BT50 -> —
A59: 50 | B59: T3 | C59: DJ AL01010004 | D59: 0346072004 | I59: 0346072004 | J59: fim N301 | K59: =COUNTIFS(Trechos!$L$2:$L$838,A59) -> 2 | L59: =SUMIFS(Trechos!$F$2:$F$838,Trechos!$L$2:$L$838,A59) -> 13.739433 | M59: — | N59: =Blocos!BT51 -> —
A60: 51 | B60: T3 | C60: DJ AL01010004 | D60: 0345823004 | I60: 0345823004 | J60: fim 31715544 | K60: =COUNTIFS(Trechos!$L$2:$L$838,A60) -> 1 | L60: =SUMIFS(Trechos!$F$2:$F$838,Trechos!$L$2:$L$838,A60) -> 29.854667 | M60: — | N60: =Blocos!BT52 -> —
A61: 52 | B61: T3 | C61: DJ AL01010004 | D61: 0200043004 | I61: 0200043004 | J61: fim N222 / fim 539672 | K61: =COUNTIFS(Trechos!$L$2:$L$838,A61) -> 3 | L61: =SUMIFS(Trechos!$F$2:$F$838,Trechos!$L$2:$L$838,A61) -> 83.38768 | M61: — | N61: =Blocos!BT53 -> —
A62: RAMAL N95 — sai do tronco no poste N95
A63: 53 | B63: T1 | C63: DJ AL01010004 | I63: poste N95 | J63: fim 537658 / fim 536359 | K63: =COUNTIFS(Trechos!$L$2:$L$838,A63) -> 2 | L63: =SUMIFS(Trechos!$F$2:$F$838,Trechos!$L$2:$L$838,A63) -> 48.080714 | M63: — | N63: =Blocos!BT54 -> —
A64: RAMAL N106 — sai do tronco no poste N106
A65: 54 | B65: T1 | C65: DJ AL01010004 | I65: poste N106 | J65: fim N108 | K65: =COUNTIFS(Trechos!$L$2:$L$838,A65) -> 1 | L65: =SUMIFS(Trechos!$F$2:$F$838,Trechos!$L$2:$L$838,A65) -> 4.9276945 | M65: — | N65: =Blocos!BT55 -> —
A66: RAMAL N488 — sai do tronco no poste N488
A67: 55 | B67: T2 | C67: DJ AL01010004 | D67: 7900106004 | I67: poste N488 | J67: fim N489 | K67: =COUNTIFS(Trechos!$L$2:$L$838,A67) -> 1 | L67: =SUMIFS(Trechos!$F$2:$F$838,Trechos!$L$2:$L$838,A67) -> 4.8500085 | M67: — | N67: =Blocos!BT56 -> —
A68: RAMAL 1187549 — sai do tronco no poste 1187549
A69: 56 | B69: T2 | C69: DJ AL01010004 | D69: 7900106004 | I69: poste 1187549 | J69: 0204420004 | K69: =COUNTIFS(Trechos!$L$2:$L$838,A69) -> 1 | L69: =SUMIFS(Trechos!$F$2:$F$838,Trechos!$L$2:$L$838,A69) -> 0.39872618 | M69: — | N69: =Blocos!BT57 -> 0204420004
A70: 57 | B70: T3 | C70: DJ AL01010004 | D70: 7900106004 | E70: 0204420004 | I70: 0204420004 | J70: fim N815 | K70: =COUNTIFS(Trechos!$L$2:$L$838,A70) -> 4 | L70: =SUMIFS(Trechos!$F$2:$F$838,Trechos!$L$2:$L$838,A70) -> 203.96802 | M70: — | N70: =Blocos!BT58 -> —
A71: RAMAL 93670 — sai do tronco no poste 93670
A72: 58 | B72: T2 | C72: DJ AL01010004 | D72: 7900106004 | I72: poste 93670 | J72: 0200023004 | K72: =COUNTIFS(Trechos!$L$2:$L$838,A72) -> 1 | L72: =SUMIFS(Trechos!$F$2:$F$838,Trechos!$L$2:$L$838,A72) -> 3.6572993 | M72: — | N72: =Blocos!BT59 -> 0200023004
A73: 59 | B73: T3 | C73: DJ AL01010004 | D73: 7900106004 | E73: 0200023004 | I73: 0200023004 | J73: fim 93669 | K73: =COUNTIFS(Trechos!$L$2:$L$838,A73) -> 1 | L73: =SUMIFS(Trechos!$F$2:$F$838,Trechos!$L$2:$L$838,A73) -> 32.413961 | M73: — | N73: =Blocos!BT60 -> —
A74: RAMAL 29512739 — sai do tronco no poste 29512739
A75: 60 | B75: T2 | C75: DJ AL01010004 | D75: 7900106004 | I75: poste 29512739 | J75: 0355236004 | K75: =COUNTIFS(Trechos!$L$2:$L$838,A75) -> 2 | L75: =SUMIFS(Trechos!$F$2:$F$838,Trechos!$L$2:$L$838,A75) -> 17.044101 | M75: — | N75: =Blocos!BT61 -> 0355236004
A76: 61 | B76: T3 | C76: DJ AL01010004 | D76: 7900106004 | E76: 0355236004 | I76: 0355236004 | J76: fim 36383178 | K76: =COUNTIFS(Trechos!$L$2:$L$838,A76) -> 1 | L76: =SUMIFS(Trechos!$F$2:$F$838,Trechos!$L$2:$L$838,A76) -> 4.5396489 | M76: — | N76: =Blocos!BT62 -> —
A77: RAMAL 551694 — sai do tronco no poste 551694
A78: 62 | B78: T2 | C78: DJ AL01010004 | D78: 7900106004 | I78: poste 551694 | J78: 0349562004 | K78: =COUNTIFS(Trechos!$L$2:$L$838,A78) -> 3 | L78: =SUMIFS(Trechos!$F$2:$F$838,Trechos!$L$2:$L$838,A78) -> 44.022855 | M78: — | N78: =Blocos!BT63 -> 0349562004, 0349564004
A79: 63 | B79: T3 | C79: DJ AL01010004 | D79: 7900106004 | E79: 0349562004 | I79: 0349562004 | J79: fim 29315243 / 0349564004 | K79: =COUNTIFS(Trechos!$L$2:$L$838,A79) -> 5 | L79: =SUMIFS(Trechos!$F$2:$F$838,Trechos!$L$2:$L$838,A79) -> 224.08918 | M79: — | N79: =Blocos!BT64 -> 0349564004
A80: 64 | B80: T3 | C80: DJ AL01010004 | D80: 7900106004 | E80: 0349562004 | F80: 0349564004 | I80: 0349564004 | J80: fim 29143624 | K80: =COUNTIFS(Trechos!$L$2:$L$838,A80) -> 1 | L80: =SUMIFS(Trechos!$F$2:$F$838,Trechos!$L$2:$L$838,A80) -> 4.0196122 | M80: — | N80: =Blocos!BT65 -> —
A81: RAMAL 1347265 — sai do tronco no poste 1347265
A82: 65 | B82: T2 | C82: DJ AL01010004 | D82: 7900106004 | I82: poste 1347265 | J82: 0300024004 | K82: =COUNTIFS(Trechos!$L$2:$L$838,A82) -> 1 | L82: =SUMIFS(Trechos!$F$2:$F$838,Trechos!$L$2:$L$838,A82) -> 1.9290302 | M82: — | N82: =Blocos!BT66 -> 0300024004
A83: 66 | B83: T3 | C83: DJ AL01010004 | D83: 7900106004 | E83: 0300024004 | I83: 0300024004 | J83: fim N529 / fim 538318 / fim 550312 / fim 550313 / fim 31324767 | K83: =COUNTIFS(Trechos!$L$2:$L$838,A83) -> 11 | L83: =SUMIFS(Trechos!$F$2:$F$838,Trechos!$L$2:$L$838,A83) -> 379.69782 | M83: ETO299199C | N83: =Blocos!BT67 -> —
A84: RAMAL 202331 — sai do tronco no poste 202331
A85: 67 | B85: T2 | C85: DJ AL01010004 | D85: 7900106004 | I85: poste 202331 | J85: 0200028004 | K85: =COUNTIFS(Trechos!$L$2:$L$838,A85) -> 1 | L85: =SUMIFS(Trechos!$F$2:$F$838,Trechos!$L$2:$L$838,A85) -> 1.2923974 | M85: — | N85: =Blocos!BT68 -> 0200028004
A86: 68 | B86: T3 | C86: DJ AL01010004 | D86: 7900106004 | E86: 0200028004 | I86: 0200028004 | J86: fim N820 | K86: =COUNTIFS(Trechos!$L$2:$L$838,A86) -> 2 | L86: =SUMIFS(Trechos!$F$2:$F$838,Trechos!$L$2:$L$838,A86) -> 29.729091 | M86: — | N86: =Blocos!BT69 -> —
A87: RAMAL 1280552 — sai do tronco no poste 1280552
A88: 69 | B88: T2 | C88: DJ AL01010004 | D88: 7900106004 | I88: poste 1280552 | J88: fim 37961332 / fim N568 / fim 1298033 / 0300052004 / fim 39501503 / 0200050004 | K88: =COUNTIFS(Trechos!$L$2:$L$838,A88) -> 41 | L88: =SUMIFS(Trechos!$F$2:$F$838,Trechos!$L$2:$L$838,A88) -> 1991.4219 | M88: 8852868004 | N88: =Blocos!BT70 -> 0300052004, 0200050004
A89: 70 | B89: T3 | C89: DJ AL01010004 | D89: 7900106004 | E89: 0300052004 | I89: 0300052004 | J89: fim 539662 | K89: =COUNTIFS(Trechos!$L$2:$L$838,A89) -> 1 | L89: =SUMIFS(Trechos!$F$2:$F$838,Trechos!$L$2:$L$838,A89) -> 10.927018 | M89: — | N89: =Blocos!BT71 -> —
A90: 71 | B90: T3 | C90: DJ AL01010004 | D90: 7900106004 | E90: 0200050004 | I90: 0200050004 | J90: fim 93651 | K90: =COUNTIFS(Trechos!$L$2:$L$838,A90) -> 1 | L90: =SUMIFS(Trechos!$F$2:$F$838,Trechos!$L$2:$L$838,A90) -> 12.604112 | M90: — | N90: =Blocos!BT72 -> —
A91: RAMAL N538 — sai do tronco no poste N538
A92: 72 | B92: T2 | C92: DJ AL01010004 | D92: 7900106004 | I92: poste N538 | J92: fim N822 | K92: =COUNTIFS(Trechos!$L$2:$L$838,A92) -> 2 | L92: =SUMIFS(Trechos!$F$2:$F$838,Trechos!$L$2:$L$838,A92) -> 3.0291341 | M92: — | N92: =Blocos!BT73 -> —
A93: RAMAL N546 — sai do tronco no poste N546
A94: 73 | B94: T2 | C94: DJ AL01010004 | D94: 7900106004 | E94: 7927795004 | I94: poste N546 | J94: fim 557037 | K94: =COUNTIFS(Trechos!$L$2:$L$838,A94) -> 1 | L94: =SUMIFS(Trechos!$F$2:$F$838,Trechos!$L$2:$L$838,A94) -> 20.41779 | M94: — | N94: =Blocos!BT74 -> —
A95: RAMAL N573 — sai do tronco no poste N573
A96: 74 | B96: T2 | C96: DJ AL01010004 | D96: 7900106004 | E96: 7927795004 | I96: poste N573 | J96: fim 538757 | K96: =COUNTIFS(Trechos!$L$2:$L$838,A96) -> 1 | L96: =SUMIFS(Trechos!$F$2:$F$838,Trechos!$L$2:$L$838,A96) -> 7.7359467 | M96: — | N96: =Blocos!BT75 -> —
A97: RAMAL APÓS 0300031004 — sai do fim do tronco
A98: 75 | B98: T3 | C98: DJ AL01010004 | D98: 7900106004 | E98: 7927795004 | F98: 0300031004 | I98: 0300031004 | J98: fim 538538 / fim 93664 / fim 537181 / fim 1386474 / fim 537179 / fim 20332252 / 0345006004 / fim 20332175 / fim N615 / fim 21517529 / 0352810004 | K98: =COUNTIFS(Trechos!$L$2:$L$838,A98) -> 26 | L98: =SUMIFS(Trechos!$F$2:$F$838,Trechos!$L$2:$L$838,A98) -> 1411.6419 | M98: 8845005004 | N98: =Blocos!BT76 -> 0345006004, 0352810004
A99: 76 | B99: T3 | C99: DJ AL01010004 | D99: 7900106004 | E99: 7927795004 | F99: 0300031004 | G99: 0345006004 | I99: 0345006004 | J99: fim 30410139 | K99: =COUNTIFS(Trechos!$L$2:$L$838,A99) -> 1 | L99: =SUMIFS(Trechos!$F$2:$F$838,Trechos!$L$2:$L$838,A99) -> 6.3594339 | M99: — | N99: =Blocos!BT77 -> —
A100: 77 | B100: T3 | C100: DJ AL01010004 | D100: 7900106004 | E100: 7927795004 | F100: 0300031004 | G100: 0352810004 | I100: 0352810004 | J100: fim 37327909 | K100: =COUNTIFS(Trechos!$L$2:$L$838,A100) -> 1 | L100: =SUMIFS(Trechos!$F$2:$F$838,Trechos!$L$2:$L$838,A100) -> 8.9191248 | M100: — | N100: =Blocos!BT78 -> —
A101: RAMAL APÓS 0329025004 — sai do fim do tronco
...

Sheet Consulta
A1: Onde fica este poste?
A2: Digite o código do poste na célula amarela (o poste no fim do vão). A planilha mostra o vão e a sequência desde o DJ.
A4: Poste | B4: N801 | C4: ← exemplo
A6: Trecho (vão) | B6: =IFERROR(INDEX(Trechos!$B$2:$B$838,MATCH($B$4,Trechos!$E$2:$E$838,0)),"poste não encontrado") -> TR-837
A7: Poste início | B7: =IFERROR(INDEX(Trechos!$D$2:$D$838,MATCH($B$4,Trechos!$E$2:$E$838,0)),"poste não encontrado") -> 29470281
A8: Zona | B8: =IFERROR(INDEX(Trechos!$I$2:$I$838,MATCH($B$4,Trechos!$E$2:$E$838,0)),"poste não encontrado") -> T3
A9: Tronco/Ramal | B9: =IFERROR(INDEX(Trechos!$J$2:$J$838,MATCH($B$4,Trechos!$E$2:$E$838,0)),"poste não encontrado") -> Ramal
A10: Ramal | B10: =IFERROR(INDEX(Trechos!$K$2:$K$838,MATCH($B$4,Trechos!$E$2:$E$838,0)),"poste não encontrado") -> Ramal após 0344627004
A11: Bloco | B11: =IFERROR(INDEX(Trechos!$L$2:$L$838,MATCH($B$4,Trechos!$E$2:$E$838,0)),"poste não encontrado") -> 107
A12: Ativo de referência | B12: =IFERROR(INDEX(Trechos!$M$2:$M$838,MATCH($B$4,Trechos!$E$2:$E$838,0)),"poste não encontrado") -> 0344627004
A13: Distância do ativo de referência (m) | B13: =IFERROR(INDEX(Trechos!$H$2:$H$838,MATCH($B$4,Trechos!$E$2:$E$838,0)),"poste não encontrado") -> 4.5423246
A14: Distância do DJ (m) | B14: =IFERROR(INDEX(Trechos!$G$2:$G$838,MATCH($B$4,Trechos!$E$2:$E$838,0)),"poste não encontrado") -> 7348.9166
A15: Ativos posteriores englobados | B15: =IFERROR(INDEX(Trechos!$P$2:$P$838,MATCH($B$4,Trechos!$E$2:$E$838,0)),"poste não encontrado") -> —
A16: Outra chave no fim do vão (88…) | B16: =IFERROR(INDEX(Trechos!$R$2:$R$838,MATCH($B$4,Trechos!$E$2:$E$838,0)),"poste não encontrado") -> 0
A17: Caminho desde o DJ | B17: =IFERROR(INDEX(Trechos!$Y$2:$Y$838,MATCH($B$4,Trechos!$E$2:$E$838,0)),"poste não encontrado") -> DJ AL01010004 › 7900106004 › 7927795004 › 0344627004
A18: Latitude | B18: =IFERROR(INDEX(Trechos!$Z$2:$Z$838,MATCH($B$4,Trechos!$E$2:$E$838,0)),"poste não encontrado") -> -7.2158745
A19: Longitude | B19: =IFERROR(INDEX(Trechos!$AA$2:$AA$838,MATCH($B$4,Trechos!$E$2:$E$838,0)),"poste não encontrado") -> -48.217382

Sheet Blocos
A1: Bloco | B1: Zona | C1: Tronco/Ramal | D1: Ramal | E1: Ativo de referência | F1: De | G1: Próximo ativo 1 | H1: Próximo ativo 2 | I1: Próximo ativo 3 | J1: Próximo ativo 4 | K1: Próximo ativo 5 | L1: Próximo ativo 6 | M1: Próximo ativo 7 | N1: Próximo ativo 8 | O1: Próximo ativo 9 | P1: Próximo ativo 10 | Q1: Próximo ativo 11 | R1: Próximo ativo 12 | S1: Próximo ativo 13 | T1: Próximo ativo 14 | U1: Próximo ativo 15 | V1: Próximo ativo 16 | W1: Próximo ativo 17 | X1: Próximo ativo 18 | Y1: Próximo ativo 19 | Z1: Próximo ativo 20 | AA1: Próximo ativo 21 | AB1: Próximo ativo 22 | AC1: Próximo ativo 23 | AD1: Próximo ativo 24 | AE1: Próximo ativo 25 | AF1: Próximo ativo 26 | AG1: Próximo ativo 27 | AH1: Próximo ativo 28 | AI1: Próximo ativo 29 | AJ1: Próximo ativo 30 | AK1: Próximo ativo 31 | AL1: Próximo ativo 32 | AM1: Próximo ativo 33 | AN1: Próximo ativo 34 | AO1: Próximo ativo 35 | AP1: Próximo ativo 36 | AQ1: Próximo ativo 37 | AR1: Próximo ativo 38 | AS1: Próximo ativo 39 | AT1: Próximo ativo 40 | AU1: Próximo ativo 41 | AV1: Próximo ativo 42 | AW1: Próximo ativo 43 | AX1: Próximo ativo 44 | AY1: Próximo ativo 45 | AZ1: Próximo ativo 46 | BA1: Próximo ativo 47 | BB1: Próximo ativo 48 | BC1: Próximo ativo 49 | BD1: Próximo ativo 50 | BE1: Próximo ativo 51 | BF1: Próximo ativo 52 | BG1: Próximo ativo 53 | BH1: Próximo ativo 54 | BI1: Próximo ativo 55 | BJ1: Próximo ativo 56 | BK1: Nível 1 | BL1: Nível 2 | BM1: Nível 3 | BN1: Nível 4 | BO1: Nível 5 | BP1: Nível 6 | BQ1: Qtd. vãos | BR1: Extensão do bloco (m) | BS1: Qtd. ativos posteriores | BT1: Ativos posteriores (concatenado) | BU1: Outras chaves no bloco (88…) | BV1: Posterior 1 | BW1: Posterior 2 | BX1: Posterior 3 | BY1: Posterior 4 | BZ1: Posterior 5 | CA1: Posterior 6 | CB1: Posterior 7 | CC1: Posterior 8 | CD1: Posterior 9 | CE1: Posterior 10 | CF1: Posterior 11 | CG1: Posterior 12 | CH1: Posterior 13 | CI1: Posterior 14 | CJ1: Posterior 15 | CK1: Posterior 16 | CL1: Posterior 17 | CM1: Posterior 18 | CN1: Posterior 19 | CO1: Posterior 20 | CP1: Posterior 21 | CQ1: Posterior 22 | CR1: Posterior 23 | CS1: Posterior 24 | CT1: Posterior 25 | CU1: Posterior 26 | CV1: Posterior 27 | CW1: Posterior 28 | CX1: Posterior 29 | CY1: Posterior 30 | CZ1: Posterior 31 | DA1: Posterior 32 | DB1: Posterior 33 | DC1: Posterior 34 | DD1: Posterior 35 | DE1: Posterior 36 | DF1: Posterior 37 | DG1: Posterior 38 | DH1: Posterior 39 | DI1: Posterior 40 | DJ1: Posterior 41 | DK1: Posterior 42 | DL1: Posterior 43 | DM1: Posterior 44 | DN1: Posterior 45 | DO1: Posterior 46 | DP1: Posterior 47 | DQ1: Posterior 48 | DR1: Posterior 49 | DS1: Posterior 50 | DT1: Posterior 51 | DU1: Posterior 52 | DV1: Posterior 53 | DW1: Posterior 54 | DX1: Posterior 55 | DY1: Posterior 56 | DZ1: Posterior 57 | EA1: Posterior 58 | EB1: Posterior 59 | EC1: Posterior 60 | ED1: Posterior 61 | EE1: Posterior 62 | EF1: Posterior 63 | EG1: Posterior 64 | EH1: Posterior 65 | EI1: Posterior 66 | EJ1: Posterior 67 | EK1: Posterior 68 | EL1: Posterior 69 | EM1: Posterior 70 | EN1: Posterior 71 | EO1: Posterior 72 | EP1: Posterior 73 | EQ1: Posterior 74 | ER1: Posterior 75 | ES1: Posterior 76
A2: 1 | B2: T1 | C2: Tronco | D2: Tronco | E2: DJ AL01010004 | F2: DJ AL01010004 | G2: 7900106004 | BK2: DJ AL01010004 | BQ2: =COUNTIFS(Trechos!$L$2:$L$838,A2) -> 43 | BR2: =SUMIFS(Trechos!$F$2:$F$838,Trechos!$L$2:$L$838,A2) -> 1688.686 | BS2: =COUNTA(BV2:ES2) -> 76 | BT2: =IF(COUNTA(BV2:ES2)=0,"—",_xlfn.TEXTJOIN(", ",TRUE(),BV2:ES2)) -> 7900106004, 7927795004, 0300031004, 0345006004, 0352810004, 0300724004, 0342284004, 0200038004, 0328286004, 0314965004, 0344627004, 0334747004, 0347400004, 0358161004, 0342738004, 0203728004, 0328468004, 0329025004, 0203016004, 0300049004, 0203015004, 0300052004, 0200050004, 0200028004, 0300024004, 0349562004, 0349564004, 0355236004, 0200023004, 0204420004, 0302387004, 3302865004, 3300065004, 0320309004, 0310307004, 0303851004, 0310306004, 0303865004, 0342709004, 0303866004, 0303867004, 0302309004, 0300064004, 0320308004, 0301840004, 0303850004, 0320305004, 0346260004, 0346420004, 0355088004, 0340038004, 0201389004, 0303849004, 0310949004, 0210950004, 0301838004, 0301839004, 0245040004, 0303718004, 0202970004, 0354089004, 0354093004, 0220315004, 0346072004, 0345823004, 0200043004, 0200011004, 0357531004, 0303835004, 0356395004, 3300016004, 0301090004, 0303861004, 0304100004, 0201099004, 0301069004 | BU2: 8800002004, 8838716004, 8836357004, 8823701004 | BV2: 7900106004 | BW2: 7927795004 | BX2: 0300031004 | BY2: 0345006004 | BZ2: 0352810004 | CA2: 0300724004 | CB2: 0342284004 | CC2: 0200038004 | CD2: 0328286004 | CE2: 0314965004 | CF2: 0344627004 | CG2: 0334747004 | CH2: 0347400004 | CI2: 0358161004 | CJ2: 0342738004 | CK2: 0203728004 | CL2: 0328468004 | CM2: 0329025004 | CN2: 0203016004 | CO2: 0300049004 | CP2: 0203015004 | CQ2: 0300052004 | CR2: 0200050004 | CS2: 0200028004 | CT2: 0300024004 | CU2: 0349562004 | CV2: 0349564004 | CW2: 0355236004 | CX2: 0200023004 | CY2: 0204420004 | CZ2: 0302387004 | DA2: 3302865004 | DB2: 3300065004 | DC2: 0320309004 | DD2: 0310307004 | DE2: 0303851004 | DF2: 0310306004 | DG2: 0303865004 | DH2: 0342709004 | DI2: 0303866004 | DJ2: 0303867004 | DK2: 0302309004 | DL2: 0300064004 | DM2: 0320308004 | DN2: 0301840004 | DO2: 0303850004 | DP2: 0320305004 | DQ2: 0346260004 | DR2: 0346420004 | DS2: 0355088004 | DT2: 0340038004 | DU2: 0201389004 | DV2: 0303849004 | DW2: 0310949004 | DX2: 0210950004 | DY2: 0301838004 | DZ2: 0301839004 | EA2: 0245040004 | EB2: 0303718004 | EC2: 0202970004 | ED2: 0354089004 | EE2: 0354093004 | EF2: 0220315004 | EG2: 0346072004 | EH2: 0345823004 | EI2: 0200043004 | EJ2: 0200011004 | EK2: 0357531004 | EL2: 0303835004 | EM2: 0356395004 | EN2: 3300016004 | EO2: 0301090004 | EP2: 0303861004 | EQ2: 0304100004 | ER2: 0201099004 | ES2: 0301069004
A3: 2 | B3: T2 | C3: Tronco | D3: Tronco | E3: 7900106004 | F3: 7900106004 | G3: 7927795004 | BK3: DJ AL01010004 | BL3: 7900106004 | BQ3: =COUNTIFS(Trechos!$L$2:$L$838,A3) -> 29 | BR3: =SUMIFS(Trechos!$F$2:$F$838,Trechos!$L$2:$L$838,A3) -> 1397.3178 | BS3: =COUNTA(BV3:ES3) -> 29 | BT3: =IF(COUNTA(BV3:ES3)=0,"—",_xlfn.TEXTJOIN(", ",TRUE(),BV3:ES3)) -> 7927795004, 0300031004, 0345006004, 0352810004, 0300724004, 0342284004, 0200038004, 0328286004, 0314965004, 0344627004, 0334747004, 0347400004, 0358161004, 0342738004, 0203728004, 0328468004, 0329025004, 0203016004, 0300049004, 0203015004, 0300052004, 0200050004, 0200028004, 0300024004, 0349562004, 0349564004, 0355236004, 0200023004, 0204420004 | BU3: 8802390004, 0349277004, 8827796004, 8800029004 | BV3: 7927795004 | BW3: 0300031004 | BX3: 0345006004 | BY3: 0352810004 | BZ3: 0300724004 | CA3: 0342284004 | CB3: 0200038004 | CC3: 0328286004 | CD3: 0314965004 | CE3: 0344627004 | CF3: 0334747004 | CG3: 0347400004 | CH3: 0358161004 | CI3: 0342738004 | CJ3: 0203728004 | CK3: 0328468004 | CL3: 0329025004 | CM3: 0203016004 | CN3: 0300049004 | CO3: 0203015004 | CP3: 0300052004 | CQ3: 0200050004 | CR3: 0200028004 | CS3: 0300024004 | CT3: 0349562004 | CU3: 0349564004 | CV3: 0355236004 | CW3: 0200023004 | CX3: 0204420004
A4: 3 | B4: T2 | C4: Tronco | D4: Tronco | E4: 7927795004 | F4: 7927795004 | G4: 0300031004 | H4: 0300724004 | I4: 0328286004 | J4: 0314965004 | K4: 0344627004 | L4: 0334747004 | M4: 0203728004 | N4: 0328468004 | O4: 0329025004 | P4: 0203016004 | Q4: 0300049004 | R4: 0203015004 | BK4: DJ AL01010004 | BL4: 7900106004 | BM4: 7927795004 | BQ4: =COUNTIFS(Trechos!$L$2:$L$838,A4) -> 114 | BR4: =SUMIFS(Trechos!$F$2:$F$838,Trechos!$L$2:$L$838,A4) -> 5582.6239 | BS4: =COUNTA(BV4:ES4) -> 19 | BT4: =IF(COUNTA(BV4:ES4)=0,"—",_xlfn.TEXTJOIN(", ",TRUE(),BV4:ES4)) -> 0300031004, 0345006004, 0352810004, 0300724004, 0342284004, 0200038004, 0328286004, 0314965004, 0344627004, 0334747004, 0347400004, 0358161004, 0342738004, 0203728004, 0328468004, 0329025004, 0203016004, 0300049004, 0203015004 | BU4: 8841354004, 8800034004, 8803727004, 8828470004, 8814964004, 8855846004, 8855095004, 8855094004, 8858328004, 8804463004 | BV4: 0300031004 | BW4: 0345006004 | BX4: 0352810004 | BY4: 0300724004 | BZ4: 0342284004 | CA4: 0200038004 | CB4: 0328286004 | CC4: 0314965004 | CD4: 0344627004 | CE4: 0334747004 | CF4: 0347400004 | CG4: 0358161004 | CH4: 0342738004 | CI4: 0203728004 | CJ4: 0328468004 | CK4: 0329025004 | CL4: 0203016004 | CM4: 0300049004 | CN4: 0203015004
A5: 4 | B5: T1 | C5: Ramal | D5: Ramal do 0200011004 | E5: DJ AL01010004 | F5: poste N13 | G5: 0200011004 | H5: 0357531004 | I5: fim 59283022 | J5: 0303835004 | K5: fim 554197 | L5: 0356395004 | M5: 3300016004 | N5: 0201099004 | O5: fim 48647275 | P5: fim N107 | Q5: fim 93802 | R5: 0301069004 | S5: fim 555910 | T5: fim 539462 | U5: fim 555011 | V5: fim N29 | W5: fim 536530 | BK5: DJ AL01010004 | BQ5: =COUNTIFS(Trechos!$L$2:$L$838,A5) -> 73 | BR5: =SUMIFS(Trechos!$F$2:$F$838,Trechos!$L$2:$L$838,A5) -> 3978.3332 | BS5: =COUNTA(BV5:ES5) -> 10 | BT5: =IF(COUNTA(BV5:ES5)=0,"—",_xlfn.TEXTJOIN(", ",TRUE(),BV5:ES5)) -> 0200011004, 0357531004, 0303835004, 0356395004, 3300016004, 0301090004, 0303861004, 0304100004, 0201099004, 0301069004 | BU5: 8801100004, 8801130004, 8800010004, 8800009004, 8804031004, 8858190004, 8800015004 | BV5: 0200011004 | BW5: 0357531004 | BX5: 0303835004 | BY5: 0356395004 | BZ5: 3300016004 | CA5: 0301090004 | CB5: 0303861004 | CC5: 0304100004 | CD5: 0201099004 | CE5: 0301069004
A6: 5 | B6: T3 | C6: Ramal | D6: Ramal do 0200011004 | E6: 0200011004 | F6: 0200011004 | G6: fim N218 | BK6: DJ AL01010004 | BL6: 0200011004 | BQ6: =COUNTIFS(Trechos!$L$2:$L$838,A6) -> 2 | BR6: =SUMIFS(Trechos!$F$2:$F$838,Trechos!$L$2:$L$838,A6) -> 26.25525 | BS6: =COUNTA(BV6:ES6) -> 0 | BT6: =IF(COUNTA(BV6:ES6)=0,"—",_xlfn.TEXTJOIN(", ",TRUE(),BV6:ES6)) -> — | BU6: —
A7: 6 | B7: T3 | C7: Ramal | D7: Ramal do 0200011004 | E7: 0357531004 | F7: 0357531004 | G7: fim 41939697 | BK7: DJ AL01010004 | BL7: 0357531004 | BQ7: =COUNTIFS(Trechos!$L$2:$L$838,A7) -> 2 | BR7: =SUMIFS(Trechos!$F$2:$F$838,Trechos!$L$2:$L$838,A7) -> 86.236461 | BS7: =COUNTA(BV7:ES7) -> 0 | BT7: =IF(COUNTA(BV7:ES7)=0,"—",_xlfn.TEXTJOIN(", ",TRUE(),BV7:ES7)) -> — | BU7: —
A8: 7 | B8: T3 | C8: Ramal | D8: Ramal do 0200011004 | E8: 0303835004 | F8: 0303835004 | G8: fim 538289 | BK8: DJ AL01010004 | BL8: 0303835004 | BQ8: =COUNTIFS(Trechos!$L$2:$L$838,A8) -> 2 | BR8: =SUMIFS(Trechos!$F$2:$F$838,Trechos!$L$2:$L$838,A8) -> 164.5764 | BS8: =COUNTA(BV8:ES8) -> 0 | BT8: =IF(COUNTA(BV8:ES8)=0,"—",_xlfn.TEXTJOIN(", ",TRUE(),BV8:ES8)) -> — | BU8: —
A9: 8 | B9: T3 | C9: Ramal | D9: Ramal do 0200011004 | E9: 0356395004 | F9: 0356395004 | G9: fim 41939685 | BK9: DJ AL01010004 | BL9: 0356395004 | BQ9: =COUNTIFS(Trechos!$L$2:$L$838,A9) -> 4 | BR9: =SUMIFS(Trechos!$F$2:$F$838,Trechos!$L$2:$L$838,A9) -> 242.11235 | BS9: =COUNTA(BV9:ES9) -> 0 | BT9: =IF(COUNTA(BV9:ES9)=0,"—",_xlfn.TEXTJOIN(", ",TRUE(),BV9:ES9)) -> — | BU9: —
A10: 9 | B10: T3 | C10: Ramal | D10: Ramal do 0200011004 | E10: 3300016004 | F10: 3300016004 | G10: 0301090004 | BK10: DJ AL01010004 | BL10: 3300016004 | BQ10: =COUNTIFS(Trechos!$L$2:$L$838,A10) -> 6 | BR10: =SUMIFS(Trechos!$F$2:$F$838,Trechos!$L$2:$L$838,A10) -> 419.6145 | BS10: =COUNTA(BV10:ES10) -> 3 | BT10: =IF(COUNTA(BV10:ES10)=0,"—",_xlfn.TEXTJOIN(", ",TRUE(),BV10:ES10)) -> 0301090004, 0303861004, 0304100004 | BU10: — | BV10: 0301090004 | BW10: 0303861004 | BX10: 0304100004
A11: 10 | B11: T3 | C11: Ramal | D11: Ramal do 0200011004 | E11: 0301090004 | F11: 0301090004 | G11: 0303861004 | H11: 0304100004 | I11: fim 115640 | BK11: DJ AL01010004 | BL11: 3300016004 | BM11: 0301090004 | BQ11: =COUNTIFS(Trechos!$L$2:$L$838,A11) -> 7 | BR11: =SUMIFS(Trechos!$F$2:$F$838,Trechos!$L$2:$L$838,A11) -> 505.3772 | BS11: =COUNTA(BV11:ES11) -> 2 | BT11: =IF(COUNTA(BV11:ES11)=0,"—",_xlfn.TEXTJOIN(", ",TRUE(),BV11:ES11)) -> 0303861004, 0304100004 | BU11: — | BV11: 0303861004 | BW11: 0304100004
A12: 11 | B12: T3 | C12: Ramal | D12: Ramal do 0200011004 | E12: 0303861004 | F12: 0303861004 | G12: fim N161 | BK12: DJ AL01010004 | BL12: 3300016004 | BM12: 0301090004 | BN12: 0303861004 | BQ12: =COUNTIFS(Trechos!$L$2:$L$838,A12) -> 1 | BR12: =SUMIFS(Trechos!$F$2:$F$838,Trechos!$L$2:$L$838,A12) -> 122.54796 | BS12: =COUNTA(BV12:ES12) -> 0 | BT12: =IF(COUNTA(BV12:ES12)=0,"—",_xlfn.TEXTJOIN(", ",TRUE(),BV12:ES12)) -> — | BU12: —
A13: 12 | B13: T3 | C13: Ramal | D13: Ramal do 0200011004 | E13: 0304100004 | F13: 0304100004 | G13: fim 1097675 | BK13: DJ AL01010004 | BL13: 3300016004 | BM13: 0301090004 | BN13: 0304100004 | BQ13: =COUNTIFS(Trechos!$L$2:$L$838,A13) -> 1 | BR13: =SUMIFS(Trechos!$F$2:$F$838,Trechos!$L$2:$L$838,A13) -> 53.386472 | BS13: =COUNTA(BV13:ES13) -> 0 | BT13: =IF(COUNTA(BV13:ES13)=0,"—",_xlfn.TEXTJOIN(", ",TRUE(),BV13:ES13)) -> — | BU13: —
A14: 13 | B14: T3 | C14: Ramal | D14: Ramal do 0200011004 | E14: 0201099004 | F14: 0201099004 | G14: fim N215 | H14: fim 590202 | BK14: DJ AL01010004 | BL14: 0201099004 | BQ14: =COUNTIFS(Trechos!$L$2:$L$838,A14) -> 3 | BR14: =SUMIFS(Trechos!$F$2:$F$838,Trechos!$L$2:$L$838,A14) -> 17.631789 | BS14: =COUNTA(BV14:ES14) -> 0 | BT14: =IF(COUNTA(BV14:ES14)=0,"—",_xlfn.TEXTJOIN(", ",TRUE(),BV14:ES14)) -> — | BU14: —
A15: 14 | B15: T3 | C15: Ramal | D15: Ramal do 0200011004 | E15: 0301069004 | F15: 0301069004 | G15: fim 556216 | BK15: DJ AL01010004 | BL15: 0301069004 | BQ15: =COUNTIFS(Trechos!$L$2:$L$838,A15) -> 1 | BR15: =SUMIFS(Trechos!$F$2:$F$838,Trechos!$L$2:$L$838,A15) -> 5.1647457 | BS15: =COUNTA(BV15:ES15) -> 0 | BT15: =IF(COUNTA(BV15:ES15)=0,"—",_xlfn.TEXTJOIN(", ",TRUE(),BV15:ES15)) -> — | BU15: —
A16: 15 | B16: T1 | C16: Ramal | D16: Ramal 1471339 | E16: DJ AL01010004 | F16: poste 1471339 | G16: fim 1471341 | BK16: DJ AL01010004 | BQ16: =COUNTIFS(Trechos!$L$2:$L$838,A16) -> 1 | BR16: =SUMIFS(Trechos!$F$2:$F$838,Trechos!$L$2:$L$838,A16) -> 81.237519 | BS16: =COUNTA(BV16:ES16) -> 0 | BT16: =IF(COUNTA(BV16:ES16)=0,"—",_xlfn.TEXTJOIN(", ",TRUE(),BV16:ES16)) -> — | BU16: —
A17: 16 | B17: T1 | C17: Ramal | D17: Ramal do 0302387004 | E17: DJ AL01010004 | F17: poste N86 | G17: fim N91 | H17: fim 93656 | I17: fim 550067 | J17: 0302387004 | K17: fim 35013393 | L17: fim 35013388 | M17: 0346420004 | N17: fim 539706 | O17: fim 587027 | P17: fim 29689259 | Q17: fim 29689060 | R17: fim 29689128 | S17: 0355088004 | T17: 0340038004 | U17: 0201389004 | V17: fim 38388446 | W17: fim 38388428 | X17: fim 345020 | Y17: fim 586093 | Z17: 0303849004 | AA17: fim N204 | AB17: fim N318 | AC17: 0310949004 | AD17: fim N179 | AE17: 0301838004 | AF17: 0245040004 | AG17: fim N170 | AH17: 0303718004 | AI17: 0202970004 | AJ17: fim N158 | AK17: fim 557105 | AL17: fim N274 | AM17: 0354089004 | AN17: fim 556507 | AO17: 0220315004 | AP17: fim 554755 | AQ17: fim 557326 | AR17: fim 554754 | AS17: fim 557325 | AT17: fim 553761 | AU17: fim 553760 | AV17: fim 557877 | AW17: fim 557872 | AX17: fim 557871 | AY17: fim 557874 | AZ17: fim 554507 | BA17: fim 34566747 | BB17: 0346072004 | BC17: fim 31715517 | BD17: 0345823004 | BE17: fim 31715612 | BF17: fim 554240 | BG17: fim 554237 | BH17: fim 553817 | BI17: fim N141 | BJ17: 0200043004 | BK17: DJ AL01010004 | BQ17: =COUNTIFS(Trechos!$L$2:$L$838,A17) -> 173 | BR17: =SUMIFS(Trechos!$F$2:$F$838,Trechos!$L$2:$L$838,A17) -> 8992.9892 | BS17: =COUNTA(BV17:ES17) -> 36 | BT17: =IF(COUNTA(BV17:ES17)=0,"—",_xlfn.TEXTJOIN(", ",TRUE(),BV17:ES17)) -> 0302387004, 3302865004, 3300065004, 0320309004, 0310307004, 0303851004, 0310306004, 0303865004, 0342709004, 0303866004, 0303867004, 0302309004, 0300064004, 0320308004, 0301840004, 0303850004, 0320305004, 0346260004, 0346420004, 0355088004, 0340038004, 0201389004, 0303849004, 0310949004, 0210950004, 0301838004, 0301839004, 0245040004, 0303718004, 0202970004, 0354089004, 0354093004, 0220315004, 0346072004, 0345823004, 0200043004 | BU17: 8802389004, 8804077004, 8844641004, 8801105004, 8802780004, 8855073004, 8803581004, 8803577004, 8845830004 | BV17: 0302387004 | BW17: 3302865004 | BX17: 3300065004 | BY17: 0320309004 | BZ17: 0310307004 | CA17: 0303851004 | CB17: 0310306004 | CC17: 0303865004 | CD17: 0342709004 | CE17: 0303866004 | CF17: 0303867004 | CG17: 0302309004 | CH17: 0300064004 | CI17: 0320308004 | CJ17: 0301840004 | CK17: 0303850004 | CL17: 0320305004 | CM17: 0346260004 | CN17: 0346420004 | CO17: 0355088004 | CP17: 0340038004 | CQ17: 0201389004 | CR17: 0303849004 | CS17: 0310949004 | CT17: 0210950004 | CU17: 0301838004 | CV17: 0301839004 | CW17: 0245040004 | CX17: 0303718004 | CY17: 0202970004 | CZ17: 0354089004 | DA17: 0354093004 | DB17: 0220315004 | DC17: 0346072004 | DD17: 0345823004 | DE17: 0200043004
A18: 17 | B18: T3 | C18: Ramal | D18: Ramal do 0302387004 | E18: 0302387004 | F18: 0302387004 | G18: fim 587304 | H18: fim 538104 | I18: 3302865004 | J18: fim 538331 | K18: 0303850004 | L18: fim 553248 | M18: 0346260004 | BK18: DJ AL01010004 | BL18: 0302387004 | BQ18: =COUNTIFS(Trechos!$L$2:$L$838,A18) -> 13 | BR18: =SUMIFS(Trechos!$F$2:$F$838,Trechos!$L$2:$L$838,A18) -> 1089.0585 | BS18: =COUNTA(BV18:ES18) -> 17 | BT18: =IF(COUNTA(BV18:ES18)=0,"—",_xlfn.TEXTJOIN(", ",TRUE(),BV18:ES18)) -> 3302865004, 3300065004, 0320309004, 0310307004, 0303851004, 0310306004, 0303865004, 0342709004, 0303866004, 0303867004, 0302309004, 0300064004, 0320308004, 0301840004, 0303850004, 0320305004, 0346260004 | BU18: — | BV18: 3302865004 | BW18: 3300065004 | BX18: 0320309004 | BY18: 0310307004 | BZ18: 0303851004 | CA18: 0310306004 | CB18: 0303865004 | CC18: 0342709004 | CD18: 0303866004 | CE18: 0303867004 | CF18: 0302309004 | CG18: 0300064004 | CH18: 0320308004 | CI18: 0301840004 | CJ18: 0303850004 | CK18: 0320305004 | CL18: 0346260004
A19: 18 | B19: T3 | C19: Ramal | D19: Ramal do 0302387004 | E19: 3302865004 | F19: 3302865004 | G19: 3300065004 | H19: 0300064004 | I19: 0320308004 | J19: 0301840004 | BK19: DJ AL01010004 | BL19: 0302387004 | BM19: 3302865004 | BQ19: =COUNTIFS(Trechos!$L$2:$L$838,A19) -> 12 | BR19: =SUMIFS(Trechos!$F$2:$F$838,Trechos!$L$2:$L$838,A19) -> 1422.7885 | BS19: =COUNTA(BV19:ES19) -> 13 | BT19: =IF(COUNTA(BV19:ES19)=0,"—",_xlfn.TEXTJOIN(", ",TRUE(),BV19:ES19)) -> 3300065004, 0320309004, 0310307004, 0303851004, 0310306004, 0303865004, 0342709004, 0303866004, 0303867004, 0302309004, 0300064004, 0320308004, 0301840004 | BU19: — | BV19: 3300065004 | BW19: 0320309004 | BX19: 0310307004 | BY19: 0303851004 | BZ19: 0310306004 | CA19: 0303865004 | CB19: 0342709004 | CC19: 0303866004 | CD19: 0303867004 | CE19: 0302309004 | CF19: 0300064004 | CG19: 0320308004 | CH19: 0301840004
A20: 19 | B20: T3 | C20: Ramal | D20: Ramal do 0302387004 | E20: 3300065004 | F20: 3300065004 | G20: 0320309004 | H20: fim 173794 | BK20: DJ AL01010004 | BL20: 0302387004 | BM20: 3302865004 | BN20: 3300065004 | BQ20: =COUNTIFS(Trechos!$L$2:$L$838,A20) -> 5 | BR20: =SUMIFS(Trechos!$F$2:$F$838,Trechos!$L$2:$L$838,A20) -> 300.01825 | BS20: =COUNTA(BV20:ES20) -> 9 | BT20: =IF(COUNTA(BV20:ES20)=0,"—",_xlfn.TEXTJOIN(", ",TRUE(),BV20:ES20)) -> 0320309004, 0310307004, 0303851004, 0310306004, 0303865004, 0342709004, 0303866004, 0303867004, 0302309004 | BU20: — | BV20: 0320309004 | BW20: 0310307004 | BX20: 0303851004 | BY20: 0310306004 | BZ20: 0303865004 | CA20: 0342709004 | CB20: 0303866004 | CC20: 0303867004 | CD20: 0302309004
A21: 20 | B21: T3 | C21: Ramal | D21: Ramal do 0302387004 | E21: 0320309004 | F21: 0320309004 | G21: 0310307004 | H21: 0303851004 | I21: 0310306004 | J21: 0303865004 | K21: 0342709004 | L21: 0303866004 | M21: 0303867004 | N21: 0302309004 | BK21: DJ AL01010004 | BL21: 0302387004 | BM21: 3302865004 | BN21: 3300065004 | BO21: 0320309004 | BQ21: =COUNTIFS(Trechos!$L$2:$L$838,A21) -> 31 | BR21: =SUMIFS(Trechos!$F$2:$F$838,Trechos!$L$2:$L$838,A21) -> 3388.7675 | BS21: =COUNTA(BV21:ES21) -> 8 | BT21: =IF(COUNTA(BV21:ES21)=0,"—",_xlfn.TEXTJOIN(", ",TRUE(),BV21:ES21)) -> 0310307004, 0303851004, 0310306004, 0303865004, 0342709004, 0303866004, 0303867004, 0302309004 | BU21: — | BV21: 0310307004 | BW21: 0303851004 | BX21: 0310306004 | BY21: 0303865004 | BZ21: 0342709004 | CA21: 0303866004 | CB21: 0303867004 | CC21: 0302309004
A22: 21 | B22: T3 | C22: Ramal | D22: Ramal do 0302387004 | E22: 0310307004 | F22: 0310307004 | G22: fim 173836 | BK22: DJ AL01010004 | BL22: 0302387004 | BM22: 3302865004 | BN22: 3300065004 | BO22: 0320309004 | BP22: 0310307004 | BQ22: =COUNTIFS(Trechos!$L$2:$L$838,A22) -> 1 | BR22: =SUMIFS(Trechos!$F$2:$F$838,Trechos!$L$2:$L$838,A22) -> 35.92843 | BS22: =COUNTA(BV22:ES22) -> 0 | BT22: =IF(COUNTA(BV22:ES22)=0,"—",_xlfn.TEXTJOIN(", ",TRUE(),BV22:ES22)) -> — | BU22: —
A23: 22 | B23: T3 | C23: Ramal | D23: Ramal do 0302387004 | E23: 0303851004 | F23: 0303851004 | G23: fim 586318 | BK23: DJ AL01010004 | BL23: 0302387004 | BM23: 3302865004 | BN23: 3300065004 | BO23: 0320309004 | BP23: 0303851004 | BQ23: =COUNTIFS(Trechos!$L$2:$L$838,A23) -> 1 | BR23: =SUMIFS(Trechos!$F$2:$F$838,Trechos!$L$2:$L$838,A23) -> 466.71724 | BS23: =COUNTA(BV23:ES23) -> 0 | BT23: =IF(COUNTA(BV23:ES23)=0,"—",_xlfn.TEXTJOIN(", ",TRUE(),BV23:ES23)) -> — | BU23: —
A24: 23 | B24: T3 | C24: Ramal | D24: Ramal do 0302387004 | E24: 0310306004 | F24: 0310306004 | G24: fim 173833 | BK24: DJ AL01010004 | BL24: 0302387004 | BM24: 3302865004 | BN24: 3300065004 | BO24: 0320309004 | BP24: 0310306004 | BQ24: =COUNTIFS(Trechos!$L$2:$L$838,A24) -> 1 | BR24: =SUMIFS(Trechos!$F$2:$F$838,Trechos!$L$2:$L$838,A24) -> 261.89621 | BS24: =COUNTA(BV24:ES24) -> 0 | BT24: =IF(COUNTA(BV24:ES24)=0,"—",_xlfn.TEXTJOIN(", ",TRUE(),BV24:ES24)) -> — | BU24: —
A25: 24 | B25: T3 | C25: Ramal | D25: Ramal do 0302387004 | E25: 0303865004 | F25: 0303865004 | G25: fim 549515 | BK25: DJ AL01010004 | BL25: 0302387004 | BM25: 3302865004 | BN25: 3300065004 | BO25: 0320309004 | BP25: 0303865004 | BQ25: =COUNTIFS(Trechos!$L$2:$L$838,A25) -> 1 | BR25: =SUMIFS(Trechos!$F$2:$F$838,Trechos!$L$2:$L$838,A25) -> 114.5567 | BS25: =COUNTA(BV25:ES25) -> 0 | BT25: =IF(COUNTA(BV25:ES25)=0,"—",_xlfn.TEXTJOIN(", ",TRUE(),BV25:ES25)) -> — | BU25: —
A26: 25 | B26: T3 | C26: Ramal | D26: Ramal do 0302387004 | E26: 0342709004 | F26: 0342709004 | G26: fim 1461337 | BK26: DJ AL01010004 | BL26: 0302387004 | BM26: 3302865004 | BN26: 3300065004 | BO26: 0320309004 | BP26: 0342709004 | BQ26: =COUNTIFS(Trechos!$L$2:$L$838,A26) -> 3 | BR26: =SUMIFS(Trechos!$F$2:$F$838,Trechos!$L$2:$L$838,A26) -> 106.35573 | BS26: =COUNTA(BV26:ES26) -> 0 | BT26: =IF(COUNTA(BV26:ES26)=0,"—",_xlfn.TEXTJOIN(", ",TRUE(),BV26:ES26)) -> — | BU26: —
A27: 26 | B27: T3 | C27: Ramal | D27: Ramal do 0302387004 | E27: 0303866004 | F27: 0303866004 | G27: fim 590237 | BK27: DJ AL01010004 | BL27: 0302387004 | BM27: 3302865004 | BN27: 3300065004 | BO27: 0320309004 | BP27: 0303866004 | BQ27: =COUNTIFS(Trechos!$L$2:$L$838,A27) -> 1 | BR27: =SUMIFS(Trechos!$F$2:$F$838,Trechos!$L$2:$L$838,A27) -> 50.299251 | BS27: =COUNTA(BV27:ES27) -> 0 | BT27: =IF(COUNTA(BV27:ES27)=0,"—",_xlfn.TEXTJOIN(", ",TRUE(),BV27:ES27)) -> — | BU27: —
A28: 27 | B28: T3 | C28: Ramal | D28: Ramal do 0302387004 | E28: 0303867004 | F28: 0303867004 | G28: fim 589790 | BK28: DJ AL01010004 | BL28: 0302387004 | BM28: 3302865004 | BN28: 3300065004 | BO28: 0320309004 | BP28: 0303867004 | BQ28: =COUNTIFS(Trechos!$L$2:$L$838,A28) -> 1 | BR28: =SUMIFS(Trechos!$F$2:$F$838,Trechos!$L$2:$L$838,A28) -> 92.258631 | BS28: =COUNTA(BV28:ES28) -> 0 | BT28: =IF(COUNTA(BV28:ES28)=0,"—",_xlfn.TEXTJOIN(", ",TRUE(),BV28:ES28)) -> — | BU28: —
A29: 28 | B29: T3 | C29: Ramal | D29: Ramal do 0302387004 | E29: 0302309004 | F29: 0302309004 | G29: fim 311399 | BK29: DJ AL01010004 | BL29: 0302387004 | BM29: 3302865004 | BN29: 3300065004 | BO29: 0320309004 | BP29: 0302309004 | BQ29: =COUNTIFS(Trechos!$L$2:$L$838,A29) -> 1 | BR29: =SUMIFS(Trechos!$F$2:$F$838,Trechos!$L$2:$L$838,A29) -> 252.90918 | BS29: =COUNTA(BV29:ES29) -> 0 | BT29: =IF(COUNTA(BV29:ES29)=0,"—",_xlfn.TEXTJOIN(", ",TRUE(),BV29:ES29)) -> — | BU29: —
A30: 29 | B30: T3 | C30: Ramal | D30: Ramal do 0302387004 | E30: 0300064004 | F30: 0300064004 | G30: fim 93637 | BK30: DJ AL01010004 | BL30: 0302387004 | BM30: 3302865004 | BN30: 0300064004 | BQ30: =COUNTIFS(Trechos!$L$2:$L$838,A30) -> 1 | BR30: =SUMIFS(Trechos!$F$2:$F$838,Trechos!$L$2:$L$838,A30) -> 30.83559 | BS30: =COUNTA(BV30:ES30) -> 0 | BT30: =IF(COUNTA(BV30:ES30)=0,"—",_xlfn.TEXTJOIN(", ",TRUE(),BV30:ES30)) -> — | BU30: —
A31: 30 | B31: T3 | C31: Ramal | D31: Ramal do 0302387004 | E31: 0320308004 | F31: 0320308004 | G31: fim 173793 | BK31: DJ AL01010004 | BL31: 0302387004 | BM31: 3302865004 | BN31: 0320308004 | BQ31: =COUNTIFS(Trechos!$L$2:$L$838,A31) -> 1 | BR31: =SUMIFS(Trechos!$F$2:$F$838,Trechos!$L$2:$L$838,A31) -> 60.470929 | BS31: =COUNTA(BV31:ES31) -> 0 | BT31: =IF(COUNTA(BV31:ES31)=0,"—",_xlfn.TEXTJOIN(", ",TRUE(),BV31:ES31)) -> — | BU31: —
A32: 31 | B32: T3 | C32: Ramal | D32: Ramal do 0302387004 | E32: 0301840004 | F32: 0301840004 | G32: fim 31758476 | BK32: DJ AL01010004 | BL32: 0302387004 | BM32: 3302865004 | BN32: 0301840004 | BQ32: =COUNTIFS(Trechos!$L$2:$L$838,A32) -> 1 | BR32: =SUMIFS(Trechos!$F$2:$F$838,Trechos!$L$2:$L$838,A32) -> 347.96775 | BS32: =COUNTA(BV32:ES32) -> 0 | BT32: =IF(COUNTA(BV32:ES32)=0,"—",_xlfn.TEXTJOIN(", ",TRUE(),BV32:ES32)) -> — | BU32: —
A33: 32 | B33: T3 | C33: Ramal | D33: Ramal do 0302387004 | E33: 0303850004 | F33: 0303850004 | G33: 0320305004 | H33: fim 553249 | I33: fim 538115 | J33: fim 539707 | K33: fim 539737 | BK33: DJ AL01010004 | BL33: 0302387004 | BM33: 0303850004 | BQ33: =COUNTIFS(Trechos!$L$2:$L$838,A33) -> 12 | BR33: =SUMIFS(Trechos!$F$2:$F$838,Trechos!$L$2:$L$838,A33) -> 559.31223 | BS33: =COUNTA(BV33:ES33) -> 1 | BT33: =IF(COUNTA(BV33:ES33)=0,"—",_xlfn.TEXTJOIN(", ",TRUE(),BV33:ES33)) -> 0320305004 | BU33: — | BV33: 0320305004
A34: 33 | B34: T3 | C34: Ramal | D34: Ramal do 0302387004 | E34: 0320305004 | F34: 0320305004 | G34: fim 432617 | H34: fim 173832 | BK34: DJ AL01010004 | BL34: 0302387004 | BM34: 0303850004 | BN34: 0320305004 | BQ34: =COUNTIFS(Trechos!$L$2:$L$838,A34) -> 10 | BR34: =SUMIFS(Trechos!$F$2:$F$838,Trechos!$L$2:$L$838,A34) -> 647.3029 | BS34: =COUNTA(BV34:ES34) -> 0 | BT34: =IF(COUNTA(BV34:ES34)=0,"—",_xlfn.TEXTJOIN(", ",TRUE(),BV34:ES34)) -> — | BU34: —
A35: 34 | B35: T3 | C35: Ramal | D35: Ramal do 0302387004 | E35: 0346260004 | F35: 0346260004 | G35: fim N341 | H35: fim N340 | BK35: DJ AL01010004 | BL35: 0302387004 | BM35: 0346260004 | BQ35: =COUNTIFS(Trechos!$L$2:$L$838,A35) -> 3 | BR35: =SUMIFS(Trechos!$F$2:$F$838,Trechos!$L$2:$L$838,A35) -> 23.527215 | BS35: =COUNTA(BV35:ES35) -> 0 | BT35: =IF(COUNTA(BV35:ES35)=0,"—",_xlfn.TEXTJOIN(", ",TRUE(),BV35:ES35)) -> — | BU35: —
A36: 35 | B36: T3 | C36: Ramal | D36: Ramal do 0302387004 | E36: 0346420004 | F36: 0346420004 | G36: fim N349 | BK36: DJ AL01010004 | BL36: 0346420004 | BQ36: =COUNTIFS(Trechos!$L$2:$L$838,A36) -> 2 | BR36: =SUMIFS(Trechos!$F$2:$F$838,Trechos!$L$2:$L$838,A36) -> 14.975521 | BS36: =COUNTA(BV36:ES36) -> 0 | BT36: =IF(COUNTA(BV36:ES36)=0,"—",_xlfn.TEXTJOIN(", ",TRUE(),BV36:ES36)) -> — | BU36: —
A37: 36 | B37: T3 | C37: Ramal | D37: Ramal do 0302387004 | E37: 0355088004 | F37: 0355088004 | G37: fim 28576683 | BK37: DJ AL01010004 | BL37: 0355088004 | BQ37: =COUNTIFS(Trechos!$L$2:$L$838,A37) -> 1 | BR37: =SUMIFS(Trechos!$F$2:$F$838,Trechos!$L$2:$L$838,A37) -> 13.618165 | BS37: =COUNTA(BV37:ES37) -> 0 | BT37: =IF(COUNTA(BV37:ES37)=0,"—",_xlfn.TEXTJOIN(", ",TRUE(),BV37:ES37)) -> — | BU37: —
A38: 37 | B38: T3 | C38: Ramal | D38: Ramal do 0302387004 | E38: 0340038004 | F38: 0340038004 | G38: fim 1107431 | H38: fim 1394050 | I38: fim N412 | J38: fim 1394770 | BK38: DJ AL01010004 | BL38: 0340038004 | BQ38: =COUNTIFS(Trechos!$L$2:$L$838,A38) -> 11 | BR38: =SUMIFS(Trechos!$F$2:$F$838,Trechos!$L$2:$L$838,A38) -> 499.02867 | BS38: =COUNTA(BV38:ES38) -> 0 | BT38: =IF(COUNTA(BV38:ES38)=0,"—",_xlfn.TEXTJOIN(", ",TRUE(),BV38:ES38)) -> — | BU38: —
A39: 38 | B39: T3 | C39: Ramal | D39: Ramal do 0302387004 | E39: 0201389004 | F39: 0201389004 | G39: fim 212906 | BK39: DJ AL01010004 | BL39: 0201389004 | BQ39: =COUNTIFS(Trechos!$L$2:$L$838,A39) -> 1 | BR39: =SUMIFS(Trechos!$F$2:$F$838,Trechos!$L$2:$L$838,A39) -> 99.536474 | BS39: =COUNTA(BV39:ES39) -> 0 | BT39: =IF(COUNTA(BV39:ES39)=0,"—",_xlfn.TEXTJOIN(", ",TRUE(),BV39:ES39)) -> — | BU39: —
A40: 39 | B40: T3 | C40: Ramal | D40: Ramal do 0302387004 | E40: 0303849004 | F40: 0303849004 | G40: fim 537428 | H40: fim 586089 | BK40: DJ AL01010004 | BL40: 0303849004 | BQ40: =COUNTIFS(Trechos!$L$2:$L$838,A40) -> 7 | BR40: =SUMIFS(Trechos!$F$2:$F$838,Trechos!$L$2:$L$838,A40) -> 438.92528 | BS40: =COUNTA(BV40:ES40) -> 0 | BT40: =IF(COUNTA(BV40:ES40)=0,"—",_xlfn.TEXTJOIN(", ",TRUE(),BV40:ES40)) -> — | BU40: —
A41: 40 | B41: T3 | C41: Ramal | D41: Ramal do 0302387004 | E41: 0310949004 | F41: 0310949004 | G41: 0210950004 | BK41: DJ AL01010004 | BL41: 0310949004 | BQ41: =COUNTIFS(Trechos!$L$2:$L$838,A41) -> 6 | BR41: =SUMIFS(Trechos!$F$2:$F$838,Trechos!$L$2:$L$838,A41) -> 411.99713 | BS41: =COUNTA(BV41:ES41) -> 1 | BT41: =IF(COUNTA(BV41:ES41)=0,"—",_xlfn.TEXTJOIN(", ",TRUE(),BV41:ES41)) -> 0210950004 | BU41: — | BV41: 0210950004
A42: 41 | B42: T3 | C42: Ramal | D42: Ramal do 0302387004 | E42: 0210950004 | F42: 0210950004 | G42: fim N313 | BK42: DJ AL01010004 | BL42: 0310949004 | BM42: 0210950004 | BQ42: =COUNTIFS(Trechos!$L$2:$L$838,A42) -> 2 | BR42: =SUMIFS(Trechos!$F$2:$F$838,Trechos!$L$2:$L$838,A42) -> 59.612172 | BS42: =COUNTA(BV42:ES42) -> 0 | BT42: =IF(COUNTA(BV42:ES42)=0,"—",_xlfn.TEXTJOIN(", ",TRUE(),BV42:ES42)) -> — | BU42: —
A43: 42 | B43: T3 | C43: Ramal | D43: Ramal do 0302387004 | E43: 0301838004 | F43: 0301838004 | G43: 0301839004 | BK43: DJ AL01010004 | BL43: 0301838004 | BQ43: =COUNTIFS(Trechos!$L$2:$L$838,A43) -> 6 | BR43: =SUMIFS(Trechos!$F$2:$F$838,Trechos!$L$2:$L$838,A43) -> 1387.1089 | BS43: =COUNTA(BV43:ES43) -> 1 | BT43: =IF(COUNTA(BV43:ES43)=0,"—",_xlfn.TEXTJOIN(", ",TRUE(),BV43:ES43)) -> 0301839004 | BU43: — | BV43: 0301839004
A44: 43 | B44: T3 | C44: Ramal | D44: Ramal do 0302387004 | E44: 0301839004 | F44: 0301839004 | G44: fim 557681 | BK44: DJ AL01010004 | BL44: 0301838004 | BM44: 0301839004 | BQ44: =COUNTIFS(Trechos!$L$2:$L$838,A44) -> 1 | BR44: =SUMIFS(Trechos!$F$2:$F$838,Trechos!$L$2:$L$838,A44) -> 281.30539 | BS44: =COUNTA(BV44:ES44) -> 0 | BT44: =IF(COUNTA(BV44:ES44)=0,"—",_xlfn.TEXTJOIN(", ",TRUE(),BV44:ES44)) -> — | BU44: —
A45: 44 | B45: T3 | C45: Ramal | D45: Ramal do 0302387004 | E45: 0245040004 | F45: 0245040004 | G45: fim N258 | BK45: DJ AL01010004 | BL45: 0245040004 | BQ45: =COUNTIFS(Trechos!$L$2:$L$838,A45) -> 2 | BR45: =SUMIFS(Trechos!$F$2:$F$838,Trechos!$L$2:$L$838,A45) -> 36.503601 | BS45: =COUNTA(BV45:ES45) -> 0 | BT45: =IF(COUNTA(BV45:ES45)=0,"—",_xlfn.TEXTJOIN(", ",TRUE(),BV45:ES45)) -> — | BU45: —
A46: 45 | B46: T3 | C46: Ramal | D46: Ramal do 0302387004 | E46: 0303718004 | F46: 0303718004 | G46: fim N171 | BK46: DJ AL01010004 | BL46: 0303718004 | BQ46: =COUNTIFS(Trechos!$L$2:$L$838,A46) -> 2 | BR46: =SUMIFS(Trechos!$F$2:$F$838,Trechos!$L$2:$L$838,A46) -> 5.2171431 | BS46: =COUNTA(BV46:ES46) -> 0 | BT46: =IF(COUNTA(BV46:ES46)=0,"—",_xlfn.TEXTJOIN(", ",TRUE(),BV46:ES46)) -> — | BU46: —
A47: 46 | B47: T3 | C47: Ramal | D47: Ramal do 0302387004 | E47: 0202970004 | F47: 0202970004 | G47: fim N235 | BK47: DJ AL01010004 | BL47: 0202970004 | BQ47: =COUNTIFS(Trechos!$L$2:$L$838,A47) -> 2 | BR47: =SUMIFS(Trechos!$F$2:$F$838,Trechos!$L$2:$L$838,A47) -> 21.997531 | BS47: =COUNTA(BV47:ES47) -> 0 | BT47: =IF(COUNTA(BV47:ES47)=0,"—",_xlfn.TEXTJOIN(", ",TRUE(),BV47:ES47)) -> — | BU47: —
A48: 47 | B48: T3 | C48: Ramal | D48: Ramal do 0302387004 | E48: 0354089004 | F48: 0354089004 | G48: fim N307 | H48: 0354093004 | BK48: DJ AL01010004 | BL48: 0354089004 | BQ48: =COUNTIFS(Trechos!$L$2:$L$838,A48) -> 17 | BR48: =SUMIFS(Trechos!$F$2:$F$838,Trechos!$L$2:$L$838,A48) -> 934.4097 | BS48: =COUNTA(BV48:ES48) -> 1 | BT48: =IF(COUNTA(BV48:ES48)=0,"—",_xlfn.TEXTJOIN(", ",TRUE(),BV48:ES48)) -> 0354093004 | BU48: — | BV48: 0354093004
A49: 48 | B49: T3 | C49: Ramal | D49: Ramal do 0302387004 | E49: 0354093004 | F49: 0354093004 | G49: fim 32462772 | BK49: DJ AL01010004 | BL49: 0354089004 | BM49: 0354093004 | BQ49: =COUNTIFS(Trechos!$L$2:$L$838,A49) -> 1 | BR49: =SUMIFS(Trechos!$F$2:$F$838,Trechos!$L$2:$L$838,A49) -> 71.817186 | BS49: =COUNTA(BV49:ES49) -> 0 | BT49: =IF(COUNTA(BV49:ES49)=0,"—",_xlfn.TEXTJOIN(", ",TRUE(),BV49:ES49)) -> — | BU49: —
A50: 49 | B50: T3 | C50: Ramal | D50: Ramal do 0302387004 | E50: 0220315004 | F50: 0220315004 | G50: fim 182232 | BK50: DJ AL01010004 | BL50: 0220315004 | BQ50: =COUNTIFS(Trechos!$L$2:$L$838,A50) -> 1 | BR50: =SUMIFS(Trechos!$F$2:$F$838,Trechos!$L$2:$L$838,A50) -> 18.188375 | BS50: =COUNTA(BV50:ES50) -> 0 | BT50: =IF(COUNTA(BV50:ES50)=0,"—",_xlfn.TEXTJOIN(", ",TRUE(),BV50:ES50)) -> — | BU50: —
A51: 50 | B51: T3 | C51: Ramal | D51: Ramal do 0302387004 | E51: 0346072004 | F51: 0346072004 | G51: fim N301 | BK51: DJ AL01010004 | BL51: 0346072004 | BQ51: =COUNTIFS(Trechos!$L$2:$L$838,A51) -> 2 | BR51: =SUMIFS(Trechos!$F$2:$F$838,Trechos!$L$2:$L$838,A51) -> 13.739433 | BS51: =COUNTA(BV51:ES51) -> 0 | BT51: =IF(COUNTA(BV51:ES51)=0,"—",_xlfn.TEXTJOIN(", ",TRUE(),BV51:ES51)) -> — | BU51: —
A52: 51 | B52: T3 | C52: Ramal | D52: Ramal do 0302387004 | E52: 0345823004 | F52: 0345823004 | G52: fim 31715544 | BK52: DJ AL01010004 | BL52: 0345823004 | BQ52: =COUNTIFS(Trechos!$L$2:$L$838,A52) -> 1 | BR52: =SUMIFS(Trechos!$F$2:$F$838,Trechos!$L$2:$L$838,A52) -> 29.854667 | BS52: =COUNTA(BV52:ES52) -> 0 | BT52: =IF(COUNTA(BV52:ES52)=0,"—",_xlfn.TEXTJOIN(", ",TRUE(),BV52:ES52)) -> — | BU52: —
A53: 52 | B53: T3 | C53: Ramal | D53: Ramal do 0302387004 | E53: 0200043004 | F53: 0200043004 | G53: fim N222 | H53: fim 539672 | BK53: DJ AL01010004 | BL53: 0200043004 | BQ53: =COUNTIFS(Trechos!$L$2:$L$838,A53) -> 3 | BR53: =SUMIFS(Trechos!$F$2:$F$838,Trechos!$L$2:$L$838,A53) -> 83.38768 | BS53: =COUNTA(BV53:ES53) -> 0 | BT53: =IF(COUNTA(BV53:ES53)=0,"—",_xlfn.TEXTJOIN(", ",TRUE(),BV53:ES53)) -> — | BU53: —
A54: 53 | B54: T1 | C54: Ramal | D54: Ramal N95 | E54: DJ AL01010004 | F54: poste N95 | G54: fim 537658 | H54: fim 536359 | BK54: DJ AL01010004 | BQ54: =COUNTIFS(Trechos!$L$2:$L$838,A54) -> 2 | BR54: =SUMIFS(Trechos!$F$2:$F$838,Trechos!$L$2:$L$838,A54) -> 48.080714 | BS54: =COUNTA(BV54:ES54) -> 0 | BT54: =IF(COUNTA(BV54:ES54)=0,"—",_xlfn.TEXTJOIN(", ",TRUE(),BV54:ES54)) -> — | BU54: —
A55: 54 | B55: T1 | C55: Ramal | D55: Ramal N106 | E55: DJ AL01010004 | F55: poste N106 | G55: fim N108 | BK55: DJ AL01010004 | BQ55: =COUNTIFS(Trechos!$L$2:$L$838,A55) -> 1 | BR55: =SUMIFS(Trechos!$F$2:$F$838,Trechos!$L$2:$L$838,A55) -> 4.9276945 | BS55: =COUNTA(BV55:ES55) -> 0 | BT55: =IF(COUNTA(BV55:ES55)=0,"—",_xlfn.TEXTJOIN(", ",TRUE(),BV55:ES55)) -> — | BU55: —
A56: 55 | B56: T2 | C56: Ramal | D56: Ramal N488 | E56: 7900106004 | F56: poste N488 | G56: fim N489 | BK56: DJ AL01010004 | BL56: 7900106004 | BQ56: =COUNTIFS(Trechos!$L$2:$L$838,A56) -> 1 | BR56: =SUMIFS(Trechos!$F$2:$F$838,Trechos!$L$2:$L$838,A56) -> 4.8500085 | BS56: =COUNTA(BV56:ES56) -> 0 | BT56: =IF(COUNTA(BV56:ES56)=0,"—",_xlfn.TEXTJOIN(", ",TRUE(),BV56:ES56)) -> — | BU56: —
A57: 56 | B57: T2 | C57: Ramal | D57: Ramal 1187549 | E57: 7900106004 | F57: poste 1187549 | G57: 0204420004 | BK57: DJ AL01010004 | BL57: 7900106004 | BQ57: =COUNTIFS(Trechos!$L$2:$L$838,A57) -> 1 | BR57: =SUMIFS(Trechos!$F$2:$F$838,Trechos!$L$2:$L$838,A57) -> 0.39872618 | BS57: =COUNTA(BV57:ES57) -> 1 | BT57: =IF(COUNTA(BV57:ES57)=0,"—",_xlfn.TEXTJOIN(", ",TRUE(),BV57:ES57)) -> 0204420004 | BU57: — | BV57: 0204420004
A58: 57 | B58: T3 | C58: Ramal | D58: Ramal 1187549 | E58: 0204420004 | F58: 0204420004 | G58: fim N815 | BK58: DJ AL01010004 | BL58: 7900106004 | BM58: 0204420004 | BQ58: =COUNTIFS(Trechos!$L$2:$L$838,A58) -> 4 | BR58: =SUMIFS(Trechos!$F$2:$F$838,Trechos!$L$2:$L$838,A58) -> 203.96802 | BS58: =COUNTA(BV58:ES58) -> 0 | BT58: =IF(COUNTA(BV58:ES58)=0,"—",_xlfn.TEXTJOIN(", ",TRUE(),BV58:ES58)) -> — | BU58: —
A59: 58 | B59: T2 | C59: Ramal | D59: Ramal 93670 | E59: 7900106004 | F59: poste 93670 | G59: 0200023004 | BK59: DJ AL01010004 | BL59: 7900106004 | BQ59: =COUNTIFS(Trechos!$L$2:$L$838,A59) -> 1 | BR59: =SUMIFS(Trechos!$F$2:$F$838,Trechos!$L$2:$L$838,A59) -> 3.6572993 | BS59: =COUNTA(BV59:ES59) -> 1 | BT59: =IF(COUNTA(BV59:ES59)=0,"—",_xlfn.TEXTJOIN(", ",TRUE(),BV59:ES59)) -> 0200023004 | BU59: — | BV59: 0200023004
A60: 59 | B60: T3 | C60: Ramal | D60: Ramal 93670 | E60: 0200023004 | F60: 0200023004 | G60: fim 93669 | BK60: DJ AL01010004 | BL60: 7900106004 | BM60: 0200023004 | BQ60: =COUNTIFS(Trechos!$L$2:$L$838,A60) -> 1 | BR60: =SUMIFS(Trechos!$F$2:$F$838,Trechos!$L$2:$L$838,A60) -> 32.413961 | BS60: =COUNTA(BV60:ES60) -> 0 | BT60: =IF(COUNTA(BV60:ES60)=0,"—",_xlfn.TEXTJOIN(", ",TRUE(),BV60:ES60)) -> — | BU60: —
A61: 60 | B61: T2 | C61: Ramal | D61: Ramal 29512739 | E61: 7900106004 | F61: poste 29512739 | G61: 0355236004 | BK61: DJ AL01010004 | BL61: 7900106004 | BQ61: =COUNTIFS(Trechos!$L$2:$L$838,A61) -> 2 | BR61: =SUMIFS(Trechos!$F$2:$F$838,Trechos!$L$2:$L$838,A61) -> 17.044101 | BS61: =COUNTA(BV61:ES61) -> 1 | BT61: =IF(COUNTA(BV61:ES61)=0,"—",_xlfn.TEXTJOIN(", ",TRUE(),BV61:ES61)) -> 0355236004 | BU61: — | BV61: 0355236004
A62: 61 | B62: T3 | C62: Ramal | D62: Ramal 29512739 | E62: 0355236004 | F62: 0355236004 | G62: fim 36383178 | BK62: DJ AL01010004 | BL62: 7900106004 | BM62: 0355236004 | BQ62: =COUNTIFS(Trechos!$L$2:$L$838,A62) -> 1 | BR62: =SUMIFS(Trechos!$F$2:$F$838,Trechos!$L$2:$L$838,A62) -> 4.5396489 | BS62: =COUNTA(BV62:ES62) -> 0 | BT62: =IF(COUNTA(BV62:ES62)=0,"—",_xlfn.TEXTJOIN(", ",TRUE(),BV62:ES62)) -> — | BU62: —
A63: 62 | B63: T2 | C63: Ramal | D63: Ramal 551694 | E63: 7900106004 | F63: poste 551694 | G63: 0349562004 | BK63: DJ AL01010004 | BL63: 7900106004 | BQ63: =COUNTIFS(Trechos!$L$2:$L$838,A63) -> 3 | BR63: =SUMIFS(Trechos!$F$2:$F$838,Trechos!$L$2:$L$838,A63) -> 44.022855 | BS63: =COUNTA(BV63:ES63) -> 2 | BT63: =IF(COUNTA(BV63:ES63)=0,"—",_xlfn.TEXTJOIN(", ",TRUE(),BV63:ES63)) -> 0349562004, 0349564004 | BU63: — | BV63: 0349562004 | BW63: 0349564004
A64: 63 | B64: T3 | C64: Ramal | D64: Ramal 551694 | E64: 0349562004 | F64: 0349562004 | G64: fim 29315243 | H64: 0349564004 | BK64: DJ AL01010004 | BL64: 7900106004 | BM64: 0349562004 | BQ64: =COUNTIFS(Trechos!$L$2:$L$838,A64) -> 5 | BR64: =SUMIFS(Trechos!$F$2:$F$838,Trechos!$L$2:$L$838,A64) -> 224.08918 | BS64: =COUNTA(BV64:ES64) -> 1 | BT64: =IF(COUNTA(BV64:ES64)=0,"—",_xlfn.TEXTJOIN(", ",TRUE(),BV64:ES64)) -> 0349564004 | BU64: — | BV64: 0349564004
A65: 64 | B65: T3 | C65: Ramal | D65: Ramal 551694 | E65: 0349564004 | F65: 0349564004 | G65: fim 29143624 | BK65: DJ AL01010004 | BL65: 7900106004 | BM65: 0349562004 | BN65: 0349564004 | BQ65: =COUNTIFS(Trechos!$L$2:$L$838,A65) -> 1 | BR65: =SUMIFS(Trechos!$F$2:$F$838,Trechos!$L$2:$L$838,A65) -> 4.0196122 | BS65: =COUNTA(BV65:ES65) -> 0 | BT65: =IF(COUNTA(BV65:ES65)=0,"—",_xlfn.TEXTJOIN(", ",TRUE(),BV65:ES65)) -> — | BU65: —
A66: 65 | B66: T2 | C66: Ramal | D66: Ramal 1347265 | E66: 7900106004 | F66: poste 1347265 | G66: 0300024004 | BK66: DJ AL01010004 | BL66: 7900106004 | BQ66: =COUNTIFS(Trechos!$L$2:$L$838,A66) -> 1 | BR66: =SUMIFS(Trechos!$F$2:$F$838,Trechos!$L$2:$L$838,A66) -> 1.9290302 | BS66: =COUNTA(BV66:ES66) -> 1 | BT66: =IF(COUNTA(BV66:ES66)=0,"—",_xlfn.TEXTJOIN(", ",TRUE(),BV66:ES66)) -> 0300024004 | BU66: — | BV66: 0300024004
A67: 66 | B67: T3 | C67: Ramal | D67: Ramal 1347265 | E67: 0300024004 | F67: 0300024004 | G67: fim N529 | H67: fim 538318 | I67: fim 550312 | J67: fim 550313 | K67: fim 31324767 | BK67: DJ AL01010004 | BL67: 7900106004 | BM67: 0300024004 | BQ67: =COUNTIFS(Trechos!$L$2:$L$838,A67) -> 11 | BR67: =SUMIFS(Trechos!$F$2:$F$838,Trechos!$L$2:$L$838,A67) -> 379.69782 | BS67: =COUNTA(BV67:ES67) -> 0 | BT67: =IF(COUNTA(BV67:ES67)=0,"—",_xlfn.TEXTJOIN(", ",TRUE(),BV67:ES67)) -> — | BU67: ETO299199C
A68: 67 | B68: T2 | C68: Ramal | D68: Ramal 202331 | E68: 7900106004 | F68: poste 202331 | G68: 0200028004 | BK68: DJ AL01010004 | BL68: 7900106004 | BQ68: =COUNTIFS(Trechos!$L$2:$L$838,A68) -> 1 | BR68: =SUMIFS(Trechos!$F$2:$F$838,Trechos!$L$2:$L$838,A68) -> 1.2923974 | BS68: =COUNTA(BV68:ES68) -> 1 | BT68: =IF(COUNTA(BV68:ES68)=0,"—",_xlfn.TEXTJOIN(", ",TRUE(),BV68:ES68)) -> 0200028004 | BU68: — | BV68: 0200028004
A69: 68 | B69: T3 | C69: Ramal | D69: Ramal 202331 | E69: 0200028004 | F69: 0200028004 | G69: fim N820 | BK69: DJ AL01010004 | BL69: 7900106004 | BM69: 0200028004 | BQ69: =COUNTIFS(Trechos!$L$2:$L$838,A69) -> 2 | BR69: =SUMIFS(Trechos!$F$2:$F$838,Trechos!$L$2:$L$838,A69) -> 29.729091 | BS69: =COUNTA(BV69:ES69) -> 0 | BT69: =IF(COUNTA(BV69:ES69)=0,"—",_xlfn.TEXTJOIN(", ",TRUE(),BV69:ES69)) -> — | BU69: —
A70: 69 | B70: T2 | C70: Ramal | D70: Ramal 1280552 | E70: 7900106004 | F70: poste 1280552 | G70: fim 37961332 | H70: fim N568 | I70: fim 1298033 | J70: 0300052004 | K70: fim 39501503 | L70: 0200050004 | BK70: DJ AL01010004 | BL70: 7900106004 | BQ70: =COUNTIFS(Trechos!$L$2:$L$838,A70) -> 41 | BR70: =SUMIFS(Trechos!$F$2:$F$838,Trechos!$L$2:$L$838,A70) -> 1991.4219 | BS70: =COUNTA(BV70:ES70) -> 2 | BT70: =IF(COUNTA(BV70:ES70)=0,"—",_xlfn.TEXTJOIN(", ",TRUE(),BV70:ES70)) -> 0300052004, 0200050004 | BU70: 8852868004 | BV70: 0300052004 | BW70: 0200050004
A71: 70 | B71: T3 | C71: Ramal | D71: Ramal 1280552 | E71: 0300052004 | F71: 0300052004 | G71: fim 539662 | BK71: DJ AL01010004 | BL71: 7900106004 | BM71: 0300052004 | BQ71: =COUNTIFS(Trechos!$L$2:$L$838,A71) -> 1 | BR71: =SUMIFS(Trechos!$F$2:$F$838,Trechos!$L$2:$L$838,A71) -> 10.927018 | BS71: =COUNTA(BV71:ES71) -> 0 | BT71: =IF(COUNTA(BV71:ES71)=0,"—",_xlfn.TEXTJOIN(", ",TRUE(),BV71:ES71)) -> — | BU71: —
A72: 71 | B72: T3 | C72: Ramal | D72: Ramal 1280552 | E72: 0200050004 | F72: 0200050004 | G72: fim 93651 | BK72: DJ AL01010004 | BL72: 7900106004 | BM72: 0200050004 | BQ72: =COUNTIFS(Trechos!$L$2:$L$838,A72) -> 1 | BR72: =SUMIFS(Trechos!$F$2:$F$838,Trechos!$L$2:$L$838,A72) -> 12.604112 | BS72: =COUNTA(BV72:ES72) -> 0 | BT72: =IF(COUNTA(BV72:ES72)=0,"—",_xlfn.TEXTJOIN(", ",TRUE(),BV72:ES72)) -> — | BU72: —
A73: 72 | B73: T2 | C73: Ramal | D73: Ramal N538 | E73: 7900106004 | F73: poste N538 | G73: fim N822 | BK73: DJ AL01010004 | BL73: 7900106004 | BQ73: =COUNTIFS(Trechos!$L$2:$L$838,A73) -> 2 | BR73: =SUMIFS(Trechos!$F$2:$F$838,Trechos!$L$2:$L$838,A73) -> 3.0291341 | BS73: =COUNTA(BV73:ES73) -> 0 | BT73: =IF(COUNTA(BV73:ES73)=0,"—",_xlfn.TEXTJOIN(", ",TRUE(),BV73:ES73)) -> — | BU73: —
A74: 73 | B74: T2 | C74: Ramal | D74: Ramal N546 | E74: 7927795004 | F74: poste N546 | G74: fim 557037 | BK74: DJ AL01010004 | BL74: 7900106004 | BM74: 7927795004 | BQ74: =COUNTIFS(Trechos!$L$2:$L$838,A74) -> 1 | BR74: =SUMIFS(Trechos!$F$2:$F$838,Trechos!$L$2:$L$838,A74) -> 20.41779 | BS74: =COUNTA(BV74:ES74) -> 0 | BT74: =IF(COUNTA(BV74:ES74)=0,"—",_xlfn.TEXTJOIN(", ",TRUE(),BV74:ES74)) -> — | BU74: —
A75: 74 | B75: T2 | C75: Ramal | D75: Ramal N573 | E75: 7927795004 | F75: poste N573 | G75: fim 538757 | BK75: DJ AL01010004 | BL75: 7900106004 | BM75: 7927795004 | BQ75: =COUNTIFS(Trechos!$L$2:$L$838,A75) -> 1 | BR75: =SUMIFS(Trechos!$F$2:$F$838,Trechos!$L$2:$L$838,A75) -> 7.7359467 | BS75: =COUNTA(BV75:ES75) -> 0 | BT75: =IF(COUNTA(BV75:ES75)=0,"—",_xlfn.TEXTJOIN(", ",TRUE(),BV75:ES75)) -> — | BU75: —
A76: 75 | B76: T3 | C76: Ramal | D76: Ramal após 0300031004 | E76: 0300031004 | F76: 0300031004 | G76: fim 538538 | H76: fim 93664 | I76: fim 537181 | J76: fim 1386474 | K76: fim 537179 | L76: fim 20332252 | M76: 0345006004 | N76: fim 20332175 | O76: fim N615 | P76: fim 21517529 | Q76: 0352810004 | BK76: DJ AL01010004 | BL76: 7900106004 | BM76: 7927795004 | BN76: 0300031004 | BQ76: =COUNTIFS(Trechos!$L$2:$L$838,A76) -> 26 | BR76: =SUMIFS(Trechos!$F$2:$F$838,Trechos!$L$2:$L$838,A76) -> 1411.6419 | BS76: =COUNTA(BV76:ES76) -> 2 | BT76: =IF(COUNTA(BV76:ES76)=0,"—",_xlfn.TEXTJOIN(", ",TRUE(),BV76:ES76)) -> 0345006004, 0352810004 | BU76: 8845005004 | BV76: 0345006004 | BW76: 0352810004
A77: 76 | B77: T3 | C77: Ramal | D77: Ramal após 0300031004 | E77: 0345006004 | F77: 0345006004 | G77: fim 30410139 | BK77: DJ AL01010004 | BL77: 7900106004 | BM77: 7927795004 | BN77: 0300031004 | BO77: 0345006004 | BQ77: =COUNTIFS(Trechos!$L$2:$L$838,A77) -> 1 | BR77: =SUMIFS(Trechos!$F$2:$F$838,Trechos!$L$2:$L$838,A77) -> 6.3594339 | BS77: =COUNTA(BV77:ES77) -> 0 | BT77: =IF(COUNTA(BV77:ES77)=0,"—",_xlfn.TEXTJOIN(", ",TRUE(),BV77:ES77)) -> — | BU77: —
A78: 77 | B78: T3 | C78: Ramal | D78: Ramal após 0300031004 | E78: 0352810004 | F78: 0352810004 | G78: fim 37327909 | BK78: DJ AL01010004 | BL78: 7900106004 | BM78: 7927795004 | BN78: 0300031004 | BO78: 0352810004 | BQ78: =COUNTIFS(Trechos!$L$2:$L$838,A78) -> 1 | BR78: =SUMIFS(Trechos!$F$2:$F$838,Trechos!$L$2:$L$838,A78) -> 8.9191248 | BS78: =COUNTA(BV78:ES78) -> 0 | BT78: =IF(COUNTA(BV78:ES78)=0,"—",_xlfn.TEXTJOIN(", ",TRUE(),BV78:ES78)) -> — | BU78: —
A79: 78 | B79: T3 | C79: Ramal | D79: Ramal após 0329025004 | E79: 0329025004 | F79: 0329025004 | G79: fim 538286 | BK79: DJ AL01010004 | BL79: 7900106004 | BM79: 7927795004 | BN79: 0329025004 | BQ79: =COUNTIFS(Trechos!$L$2:$L$838,A79) -> 2 | BR79: =SUMIFS(Trechos!$F$2:$F$838,Trechos!$L$2:$L$838,A79) -> 497.37454 | BS79: =COUNTA(BV79:ES79) -> 0 | BT79: =IF(COUNTA(BV79:ES79)=0,"—",_xlfn.TEXTJOIN(", ",TRUE(),BV79:ES79)) -> — | BU79: —
A80: 79 | B80: T2 | C80: Ramal | D80: Ramal N588 | E80: 7927795004 | F80: poste N588 | G80: fim 539252 | BK80: DJ AL01010004 | BL80: 7900106004 | BM80: 7927795004 | BQ80: =COUNTIFS(Trechos!$L$2:$L$838,A80) -> 2 | BR80: =SUMIFS(Trechos!$F$2:$F$838,Trechos!$L$2:$L$838,A80) -> 65.191005 | BS80: =COUNTA(BV80:ES80) -> 0 | BT80: =IF(COUNTA(BV80:ES80)=0,"—",_xlfn.TEXTJOIN(", ",TRUE(),BV80:ES80)) -> — | BU80: —
A81: 80 | B81: T2 | C81: Ramal | D81: Ramal N594 | E81: 7927795004 | F81: poste N594 | G81: fim 550046 | H81: fim 537594 | BK81: DJ AL01010004 | BL81: 7900106004 | BM81: 7927795004 | BQ81: =COUNTIFS(Trechos!$L$2:$L$838,A81) -> 5 | BR81: =SUMIFS(Trechos!$F$2:$F$838,Trechos!$L$2:$L$838,A81) -> 237.44679 | BS81: =COUNTA(BV81:ES81) -> 0 | BT81: =IF(COUNTA(BV81:ES81)=0,"—",_xlfn.TEXTJOIN(", ",TRUE(),BV81:ES81)) -> — | BU81: —
A82: 81 | B82: T3 | C82: Ramal | D82: Ramal após 0203015004 | E82: 0203015004 | F82: 0203015004 | G82: fim 354886 | BK82: DJ AL01010004 | BL82: 7900106004 | BM82: 7927795004 | BN82: 0203015004 | BQ82: =COUNTIFS(Trechos!$L$2:$L$838,A82) -> 1 | BR82: =SUMIFS(Trechos!$F$2:$F$838,Trechos!$L$2:$L$838,A82) -> 4.6818976 | BS82: =COUNTA(BV82:ES82) -> 0 | BT82: =IF(COUNTA(BV82:ES82)=0,"—",_xlfn.TEXTJOIN(", ",TRUE(),BV82:ES82)) -> — | BU82: —
A83: 82 | B83: T2 | C83: Ramal | D83: Ramal N610 | E83: 7927795004 | F83: poste N610 | G83: fim 539661 | H83: fim N625 | BK83: DJ AL01010004 | BL83: 7900106004 | BM83: 7927795004 | BQ83: =COUNTIFS(Trechos!$L$2:$L$838,A83) -> 2 | BR83: =SUMIFS(Trechos!$F$2:$F$838,Trechos!$L$2:$L$838,A83) -> 107.01885 | BS83: =COUNTA(BV83:ES83) -> 0 | BT83: =IF(COUNTA(BV83:ES83)=0,"—",_xlfn.TEXTJOIN(", ",TRUE(),BV83:ES83)) -> — | BU83: —
A84: 83 | B84: T2 | C84: Ramal | D84: Ramal 246115 | E84: 7927795004 | F84: poste 246115 | G84: fim 538994 | BK84: DJ AL01010004 | BL84: 7900106004 | BM84: 7927795004 | BQ84: =COUNTIFS(Trechos!$L$2:$L$838,A84) -> 1 | BR84: =SUMIFS(Trechos!$F$2:$F$838,Trechos!$L$2:$L$838,A84) -> 38.974573 | BS84: =COUNTA(BV84:ES84) -> 0 | BT84: =IF(COUNTA(BV84:ES84)=0,"—",_xlfn.TEXTJOIN(", ",TRUE(),BV84:ES84)) -> — | BU84: —
A85: 84 | B85: T3 | C85: Ramal | D85: Ramal após 0203016004 | E85: 0203016004 | F85: 0203016004 | G85: fim N829 | BK85: DJ AL01010004 | BL85: 7900106004 | BM85: 7927795004 | BN85: 0203016004 | BQ85: =COUNTIFS(Trechos!$L$2:$L$838,A85) -> 2 | BR85: =SUMIFS(Trechos!$F$2:$F$838,Trechos!$L$2:$L$838,A85) -> 16.155481 | BS85: =COUNTA(BV85:ES85) -> 0 | BT85: =IF(COUNTA(BV85:ES85)=0,"—",_xlfn.TEXTJOIN(", ",TRUE(),BV85:ES85)) -> — | BU85: —
A86: 85 | B86: T3 | C86: Ramal | D86: Ramal após 0300049004 | E86: 0300049004 | F86: 0300049004 | G86: fim N623 | BK86: DJ AL01010004 | BL86: 7900106004 | BM86: 7927795004 | BN86: 0300049004 | BQ86: =COUNTIFS(Trechos!$L$2:$L$838,A86) -> 1 | BR86: =SUMIFS(Trechos!$F$2:$F$838,Trechos!$L$2:$L$838,A86) -> 1.7962486 | BS86: =COUNTA(BV86:ES86) -> 0 | BT86: =IF(COUNTA(BV86:ES86)=0,"—",_xlfn.TEXTJOIN(", ",TRUE(),BV86:ES86)) -> — | BU86: —
A87: 86 | B87: T2 | C87: Ramal | D87: Ramal N638 | E87: 7927795004 | F87: poste N638 | G87: fim 552758 | BK87: DJ AL01010004 | BL87: 7900106004 | BM87: 7927795004 | BQ87: =COUNTIFS(Trechos!$L$2:$L$838,A87) -> 4 | BR87: =SUMIFS(Trechos!$F$2:$F$838,Trechos!$L$2:$L$838,A87) -> 442.50741 | BS87: =COUNTA(BV87:ES87) -> 0 | BT87: =IF(COUNTA(BV87:ES87)=0,"—",_xlfn.TEXTJOIN(", ",TRUE(),BV87:ES87)) -> — | BU87: —
A88: 87 | B88: T3 | C88: Ramal | D88: Ramal após 0300724004 | E88: 0300724004 | F88: 0300724004 | G88: fim 1384946 | H88: 0342284004 | I88: 0200038004 | J88: fim N694 | K88: fim 537631 | BK88: DJ AL01010004 | BL88: 7900106004 | BM88: 7927795004 | BN88: 0300724004 | BQ88: =COUNTIFS(Trechos!$L$2:$L$838,A88) -> 13 | BR88: =SUMIFS(Trechos!$F$2:$F$838,Trechos!$L$2:$L$838,A88) -> 873.42336 | BS88: =COUNTA(BV88:ES88) -> 2 | BT88: =IF(COUNTA(BV88:ES88)=0,"—",_xlfn.TEXTJOIN(", ",TRUE(),BV88:ES88)) -> 0342284004, 0200038004 | BU88: — | BV88: 0342284004 | BW88: 0200038004
A89: 88 | B89: T3 | C89: Ramal | D89: Ramal após 0300724004 | E89: 0342284004 | F89: 0342284004 | G89: fim N688 | BK89: DJ AL01010004 | BL89: 7900106004 | BM89: 7927795004 | BN89: 0300724004 | BO89: 0342284004 | BQ89: =COUNTIFS(Trechos!$L$2:$L$838,A89) -> 2 | BR89: =SUMIFS(Trechos!$F$2:$F$838,Trechos!$L$2:$L$838,A89) -> 20.917891 | BS89: =COUNTA(BV89:ES89) -> 0 | BT89: =IF(COUNTA(BV89:ES89)=0,"—",_xlfn.TEXTJOIN(", ",TRUE(),BV89:ES89)) -> — | BU89: —
A90: 89 | B90: T3 | C90: Ramal | D90: Ramal após 0300724004 | E90: 0200038004 | F90: 0200038004 | G90: fim N832 | BK90: DJ AL01010004 | BL90: 7900106004 | BM90: 7927795004 | BN90: 0300724004 | BO90: 0200038004 | BQ90: =COUNTIFS(Trechos!$L$2:$L$838,A90) -> 2 | BR90: =SUMIFS(Trechos!$F$2:$F$838,Trechos!$L$2:$L$838,A90) -> 38.073967 | BS90: =COUNTA(BV90:ES90) -> 0 | BT90: =IF(COUNTA(BV90:ES90)=0,"—",_xlfn.TEXTJOIN(", ",TRUE(),BV90:ES90)) -> — | BU90: —
A91: 90 | B91: T2 | C91: Ramal | D91: Ramal N666 | E91: 7927795004 | F91: poste N666 | G91: fim 585610 | BK91: DJ AL01010004 | BL91: 7900106004 | BM91: 7927795004 | BQ91: =COUNTIFS(Trechos!$L$2:$L$838,A91) -> 1 | BR91: =SUMIFS(Trechos!$F$2:$F$838,Trechos!$L$2:$L$838,A91) -> 16.141662 | BS91: =COUNTA(BV91:ES91) -> 0 | BT91: =IF(COUNTA(BV91:ES91)=0,"—",_xlfn.TEXTJOIN(", ",TRUE(),BV91:ES91)) -> — | BU91: —
A92: 91 | B92: T3 | C92: Ramal | D92: Ramal após 0328468004 | E92: 0328468004 | F92: 0328468004 | G92: fim 536987 | H92: fim 93659 | I92: fim 536777 | BK92: DJ AL01010004 | BL92: 7900106004 | BM92: 7927795004 | BN92: 0328468004 | BQ92: =COUNTIFS(Trechos!$L$2:$L$838,A92) -> 7 | BR92: =SUMIFS(Trechos!$F$2:$F$838,Trechos!$L$2:$L$838,A92) -> 587.29336 | BS92: =COUNTA(BV92:ES92) -> 0 | BT92: =IF(COUNTA(BV92:ES92)=0,"—",_xlfn.TEXTJOIN(", ",TRUE(),BV92:ES92)) -> — | BU92: —
A93: 92 | B93: T3 | C93: Ramal | D93: Ramal após 0203728004 | E93: 0203728004 | F93: 0203728004 | G93: fim N835 | BK93: DJ AL01010004 | BL93: 7900106004 | BM93: 7927795004 | BN93: 0203728004 | BQ93: =COUNTIFS(Trechos!$L$2:$L$838,A93) -> 2 | BR93: =SUMIFS(Trechos!$F$2:$F$838,Trechos!$L$2:$L$838,A93) -> 23.627687 | BS93: =COUNTA(BV93:ES93) -> 0 | BT93: =IF(COUNTA(BV93:ES93)=0,"—",_xlfn.TEXTJOIN(", ",TRUE(),BV93:ES93)) -> — | BU93: —
A94: 93 | B94: T2 | C94: Ramal | D94: Ramal N700 | E94: 7927795004 | F94: poste N700 | G94: fim 1088224 | H94: fim 1088223 | BK94: DJ AL01010004 | BL94: 7900106004 | BM94: 7927795004 | BQ94: =COUNTIFS(Trechos!$L$2:$L$838,A94) -> 2 | BR94: =SUMIFS(Trechos!$F$2:$F$838,Trechos!$L$2:$L$838,A94) -> 17.800901 | BS94: =COUNTA(BV94:ES94) -> 0 | BT94: =IF(COUNTA(BV94:ES94)=0,"—",_xlfn.TEXTJOIN(", ",TRUE(),BV94:ES94)) -> — | BU94: —
A95: 94 | B95: T2 | C95: Ramal | D95: Ramal N703 | E95: 7927795004 | F95: poste N703 | G95: fim 1088226 | H95: fim N733 | BK95: DJ AL01010004 | BL95: 7900106004 | BM95: 7927795004 | BQ95: =COUNTIFS(Trechos!$L$2:$L$838,A95) -> 8 | BR95: =SUMIFS(Trechos!$F$2:$F$838,Trechos!$L$2:$L$838,A95) -> 826.68337 | BS95: =COUNTA(BV95:ES95) -> 0 | BT95: =IF(COUNTA(BV95:ES95)=0,"—",_xlfn.TEXTJOIN(", ",TRUE(),BV95:ES95)) -> — | BU95: —
A96: 95 | B96: T2 | C96: Ramal | D96: Ramal N717 | E96: 7927795004 | F96: poste N717 | G96: fim N722 | H96: fim N837 | I96: fim N720 | J96: fim N721 | BK96: DJ AL01010004 | BL96: 7900106004 | BM96: 7927795004 | BQ96: =COUNTIFS(Trechos!$L$2:$L$838,A96) -> 7 | BR96: =SUMIFS(Trechos!$F$2:$F$838,Trechos!$L$2:$L$838,A96) -> 74.031174 | BS96: =COUNTA(BV96:ES96) -> 0 | BT96: =IF(COUNTA(BV96:ES96)=0,"—",_xlfn.TEXTJOIN(", ",TRUE(),BV96:ES96)) -> — | BU96: —
A97: 96 | B97: T2 | C97: Ramal | D97: Ramal N738 | E97: 7927795004 | F97: poste N738 | G97: fim 52172834 | H97: fim 52172832 | BK97: DJ AL01010004 | BL97: 7900106004 | BM97: 7927795004 | BQ97: =COUNTIFS(Trechos!$L$2:$L$838,A97) -> 2 | BR97: =SUMIFS(Trechos!$F$2:$F$838,Trechos!$L$2:$L$838,A97) -> 47.53574 | BS97: =COUNTA(BV97:ES97) -> 0 | BT97: =IF(COUNTA(BV97:ES97)=0,"—",_xlfn.TEXTJOIN(", ",TRUE(),BV97:ES97)) -> — | BU97: —
A98: 97 | B98: T2 | C98: Ramal | D98: Ramal N743 | E98: 7927795004 | F98: poste N743 | G98: fim 48650830 | BK98: DJ AL01010004 | BL98: 7900106004 | BM98: 7927795004 | BQ98: =COUNTIFS(Trechos!$L$2:$L$838,A98) -> 1 | BR98: =SUMIFS(Trechos!$F$2:$F$838,Trechos!$L$2:$L$838,A98) -> 50.706807 | BS98: =COUNTA(BV98:ES98) -> 0 | BT98: =IF(COUNTA(BV98:ES98)=0,"—",_xlfn.TEXTJOIN(", ",TRUE(),BV98:ES98)) -> — | BU98: —
A99: 98 | B99: T2 | C99: Ramal | D99: Ramal 1215854 | E99: 7927795004 | F99: poste 1215854 | G99: fim 1215855 | BK99: DJ AL01010004 | BL99: 7900106004 | BM99: 7927795004 | BQ99: =COUNTIFS(Trechos!$L$2:$L$838,A99) -> 1 | BR99: =SUMIFS(Trechos!$F$2:$F$838,Trechos!$L$2:$L$838,A99) -> 25.686976 | BS99: =COUNTA(BV99:ES99) -> 0 | BT99: =IF(COUNTA(BV99:ES99)=0,"—",_xlfn.TEXTJOIN(", ",TRUE(),BV99:ES99)) -> — | BU99: —
A100: 99 | B100: T3 | C100: Ramal | D100: Ramal após 0314965004 | E100: 0314965004 | F100: 0314965004 | G100: fim 1215856 | BK100: DJ AL01010004 | BL100: 7900106004 | BM100: 7927795004 | BN100: 0314965004 | BQ100: =COUNTIFS(Trechos!$L$2:$L$838,A100) -> 1 | BR100: =SUMIFS(Trechos!$F$2:$F$838,Trechos!$L$2:$L$838,A100) -> 4.522888 | BS100: =COUNTA(BV100:ES100) -> 0 | BT100: =IF(COUNTA(BV100:ES100)=0,"—",_xlfn.TEXTJOIN(", ",TRUE(),BV100:ES100)) -> — | BU100: —
...

Sheet Por bloco
A1: Bloco | B1: Zona | C1: Tronco/Ramal | D1: Ramal | E1: Ativo de referência | F1: Trecho | G1: Poste início | H1: Poste fim | I1: Extensão (m) | J1: Distância do ativo de referência até o fim (m) | K1: Outra chave no fim do vão (88…) | L1: Próximos ativos | M1: Outras chaves no bloco (88…) | N1: Ativos posteriores
A2: 1 | B2: T1 | C2: Tronco | D2: Tronco | E2: DJ AL01010004 | F2: =COUNTIFS(Trechos!$L$2:$L$838,A2)&" vãos" -> 43 vãos | I2: =SUMIFS(Trechos!$F$2:$F$838,Trechos!$L$2:$L$838,A2) -> 1688.686 | L2: 7900106004 | M2: 8800002004, 8838716004, 8836357004, 8823701004 | N2: =Blocos!BT2 -> 7900106004, 7927795004, 0300031004, 0345006004, 0352810004, 0300724004, 0342284004, 0200038004, 0328286004, 0314965004, 0344627004, 0334747004, 0347400004, 0358161004, 0342738004, 0203728004, 0328468004, 0329025004, 0203016004, 0300049004, 0203015004, 0300052004, 0200050004, 0200028004, 0300024004, 0349562004, 0349564004, 0355236004, 0200023004, 0204420004, 0302387004, 3302865004, 3300065004, 0320309004, 0310307004, 0303851004, 0310306004, 0303865004, 0342709004, 0303866004, 0303867004, 0302309004, 0300064004, 0320308004, 0301840004, 0303850004, 0320305004, 0346260004, 0346420004, 0355088004, 0340038004, 0201389004, 0303849004, 0310949004, 0210950004, 0301838004, 0301839004, 0245040004, 0303718004, 0202970004, 0354089004, 0354093004, 0220315004, 0346072004, 0345823004, 0200043004, 0200011004, 0357531004, 0303835004, 0356395004, 3300016004, 0301090004, 0303861004, 0304100004, 0201099004, 0301069004
F3: TR-001 | G3: N0 | H3: N1 | I3: 41.038122 | J3: 41.038122
F4: TR-002 | G4: N1 | H4: 330494 | I4: 1.9997507 | J4: 43.037873 | K4: 8800002004
F5: TR-003 | G5: 330494 | H5: N3 | I5: 17.14693 | J5: 60.184803
F6: TR-004 | G6: N3 | H6: 535160 | I6: 2.9245512 | J6: 63.109355
F7: TR-005 | G7: 535160 | H7: 535157 | I7: 36.045809 | J7: 99.155164
F8: TR-006 | G8: 535157 | H8: N6 | I8: 3.4251 | J8: 102.58026
F9: TR-007 | G9: N6 | H9: N7 | I9: 20.084828 | J9: 122.66509
F10: TR-008 | G10: N7 | H10: N8 | I10: 3.0989279 | J10: 125.76402
F11: TR-009 | G11: N8 | H11: 531051 | I11: 50.705196 | J11: 176.46922
F12: TR-010 | G12: 531051 | H12: N10 | I12: 3.4488076 | J12: 179.91802
F13: TR-011 | G13: N10 | H13: N11 | I13: 16.092437 | J13: 196.01046
F14: TR-012 | G14: N11 | H14: 536161 | I14: 3.7237339 | J14: 199.73419
F15: TR-013 | G15: 536161 | H15: N13 | I15: 97.129334 | J15: 296.86353
F16: TR-014 | G16: N13 | H16: N14 | I16: 12.306964 | J16: 309.17049
F17: TR-015 | G17: N14 | H17: 1239378 | I17: 1.1379354 | J17: 310.30843 | K17: 8838716004
F18: TR-016 | G18: 1239378 | H18: 538537 | I18: 6.8687295 | J18: 317.17716
F19: TR-017 | G19: 538537 | H19: 1385568 | I19: 27.884363 | J19: 345.06152
F20: TR-018 | G20: 1385568 | H20: N20 | I20: 3.5961121 | J20: 348.65763
F21: TR-019 | G21: N20 | H21: N21 | I21: 12.949422 | J21: 361.60705
F22: TR-020 | G22: N21 | H22: N22 | I22: 3.7737511 | J22: 365.38081
F23: TR-021 | G23: N22 | H23: N23 | I23: 13.986461 | J23: 379.36727
F24: TR-022 | G24: N23 | H24: 1471339 | I24: 3.6114774 | J24: 382.97874
F25: TR-023 | G25: 1471339 | H25: 538784 | I25: 20.016609 | J25: 402.99535
F26: TR-024 | G26: 538784 | H26: N28 | I26: 3.5889262 | J26: 406.58428
F27: TR-025 | G27: N28 | H27: 537819 | I27: 44.833582 | J27: 451.41786
F28: TR-026 | G28: 537819 | H28: 26339935 | I28: 239.44687 | J28: 690.86473
F29: TR-027 | G29: 26339935 | H29: N37 | I29: 45.292437 | J29: 736.15716
F30: TR-028 | G30: N37 | H30: 537824 | I30: 3.4278801 | J30: 739.58504 | K30: 8836357004
F31: TR-029 | G31: 537824 | H31: 538290 | I31: 136.45502 | J31: 876.04007
F32: TR-030 | G32: 538290 | H32: N52 | I32: 138.40206 | J32: 1014.4421
F33: TR-031 | G33: N52 | H33: 539877 | I33: 3.7237237 | J33: 1018.1658
F34: TR-032 | G34: 539877 | H34: 23466725 | I34: 118.02834 | J34: 1136.1942
F35: TR-033 | G35: 23466725 | H35: 538761 | I35: 99.4 | J35: 1235.5942
F36: TR-034 | G36: 538761 | H36: N86 | I36: 294.72556 | J36: 1530.3197
F37: TR-035 | G37: N86 | H37: 538767 | I37: 27.808344 | J37: 1558.1281
F38: TR-036 | G38: 538767 | H38: N90 | I38: 5.1156951 | J38: 1563.2438 | K38: 8823701004
F39: TR-037 | G39: N90 | H39: N95 | I39: 45.628998 | J39: 1608.8728
F40: TR-038 | G40: N95 | H40: N96 | I40: 3.3272004 | J40: 1612.2
F41: TR-039 | G41: N96 | H41: 93797 | I41: 3.9812054 | J41: 1616.1812
F42: TR-040 | G42: 93797 | H42: N106 | I42: 69.219539 | J42: 1685.4007
F43: TR-041 | G43: N106 | H43: N208 | I43: 0.22238985 | J43: 1685.6231
F44: TR-042 | G44: N208 | H44: N209 | I44: 2.8146775 | J44: 1688.4378
F45: TR-043 | G45: N209 | H45: 1347277 | I45: 0.24824768 | J45: 1688.686
A46: 2 | B46: T2 | C46: Tronco | D46: Tronco | E46: 7900106004 | F46: =COUNTIFS(Trechos!$L$2:$L$838,A46)&" vãos" -> 29 vãos | I46: =SUMIFS(Trechos!$F$2:$F$838,Trechos!$L$2:$L$838,A46) -> 1397.3178 | L46: 7927795004 | M46: 8802390004, 0349277004, 8827796004, 8800029004 | N46: =Blocos!BT3 -> 7927795004, 0300031004, 0345006004, 0352810004, 0300724004, 0342284004, 0200038004, 0328286004, 0314965004, 0344627004, 0334747004, 0347400004, 0358161004, 0342738004, 0203728004, 0328468004, 0329025004, 0203016004, 0300049004, 0203015004, 0300052004, 0200050004, 0200028004, 0300024004, 0349562004, 0349564004, 0355236004, 0200023004, 0204420004
F47: TR-044 | G47: 1347277 | H47: N211 | I47: 1.7567617 | J47: 1.7567617
F48: TR-045 | G48: N211 | H48: N487 | I48: 0.39872825 | J48: 2.15549
F49: TR-046 | G49: N487 | H49: N488 | I49: 2.7177562 | J49: 4.8732462
F50: TR-047 | G50: N488 | H50: 37959724 | I50: 110.26531 | J50: 115.13856
F51: TR-048 | G51: 37959724 | H51: N491 | I51: 3.6760203 | J51: 118.81458
F52: TR-049 | G52: N491 | H52: N492 | I52: 76.564923 | J52: 195.3795
F53: TR-050 | G53: N492 | H53: 37959733 | I53: 3.3432378 | J53: 198.72274
F54: TR-051 | G54: 37959733 | H54: N494 | I54: 33.67386 | J54: 232.3966
F55: TR-052 | G55: N494 | H55: 37959738 | I55: 3.4460526 | J55: 235.84265
F56: TR-053 | G56: 37959738 | H56: 1187549 | I56: 187.16638 | J56: 423.00903
F57: TR-054 | G57: 1187549 | H57: N497 | I57: 24.832786 | J57: 447.84182
F58: TR-055 | G58: N497 | H58: 37959755 | I58: 0.80902976 | J58: 448.65085 | K58: 8802390004
F59: TR-056 | G59: 37959755 | H59: N499 | I59: 6.111336 | J59: 454.76219
F60: TR-057 | G60: N499 | H60: N500 | I60: 2.8307643 | J60: 457.59295 | K60: 0349277004
F61: TR-058 | G61: N500 | H61: 93670 | I61: 216.08969 | J61: 673.68264
F62: TR-059 | G62: 93670 | H62: N502 | I62: 35.310661 | J62: 708.9933
F63: TR-060 | G63: N502 | H63: 1347279 | I63: 3.7334601 | J63: 712.72676
F64: TR-061 | G64: 1347279 | H64: 551695 | I64: 54.619724 | J64: 767.34648
F65: TR-062 | G65: 551695 | H65: 29512739 | I65: 101.53203 | J65: 868.87851
F66: TR-063 | G66: 29512739 | H66: 551694 | I66: 32.781685 | J66: 901.6602
F67: TR-064 | G67: 551694 | H67: N510 | I67: 1.7944537 | J67: 903.45465
F68: TR-065 | G68: N510 | H68: 1347265 | I68: 240.94925 | J68: 1144.4039
F69: TR-066 | G69: 1347265 | H69: N525 | I69: 93.461883 | J69: 1237.8658
F70: TR-067 | G70: N525 | H70: 1347276 | I70: 4.0252688 | J70: 1241.8911 | K70: 8827796004
F71: TR-068 | G71: 1347276 | H71: 202331 | I71: 40.041021 | J71: 1281.9321
F72: TR-069 | G72: 202331 | H72: 1280552 | I72: 92.156839 | J72: 1374.0889
F73: TR-070 | G73: 1280552 | H73: N537 | I73: 2.2757875 | J73: 1376.3647 | K73: 8800029004
F74: TR-071 | G74: N537 | H74: N538 | I74: 19.568345 | J74: 1395.933
F75: TR-072 | G75: N538 | H75: 1272609 | I75: 1.3847642 | J75: 1397.3178
A76: 3 | B76: T2 | C76: Tronco | D76: Tronco | E76: 7927795004 | F76: =COUNTIFS(Trechos!$L$2:$L$838,A76)&" vãos" -> 114 vãos | I76: =SUMIFS(Trechos!$F$2:$F$838,Trechos!$L$2:$L$838,A76) -> 5582.6239 | L76: 0300031004 / 0300724004 / 0328286004 / 0314965004 / 0344627004 / 0334747004 / 0203728004 / 0328468004 / 0329025004 / 0203016004 / 0300049004 / 0203015004 | M76: 8841354004, 8800034004, 8803727004, 8828470004, 8814964004, 8855846004, 8855095004, 8855094004, 8858328004, 8804463004 | N76: =Blocos!BT4 -> 0300031004, 0345006004, 0352810004, 0300724004, 0342284004, 0200038004, 0328286004, 0314965004, 0344627004, 0334747004, 0347400004, 0358161004, 0342738004, 0203728004, 0328468004, 0329025004, 0203016004, 0300049004, 0203015004
F77: TR-073 | G77: 1272609 | H77: 586069 | I77: 13.588513 | J77: 13.588513
F78: TR-074 | G78: 586069 | H78: N546 | I78: 195.03613 | J78: 208.62464
F79: TR-075 | G79: N546 | H79: N552 | I79: 42.662542 | J79: 251.28719
F80: TR-076 | G80: N552 | H80: 586299 | I80: 3.7009684 | J80: 254.98815
F81: TR-077 | G81: 586299 | H81: 586301 | I81: 76.586732 | J81: 331.57489
F82: TR-078 | G82: 586301 | H82: 93666 | I82: 75.096077 | J82: 406.67096
F83: TR-079 | G83: 93666 | H83: N561 | I83: 3.7474507 | J83: 410.41841
F84: TR-080 | G84: N561 | H84: N573 | I84: 124.62861 | J84: 535.04702
F85: TR-081 | G85: N573 | H85: N575 | I85: 26.07123 | J85: 561.11825
F86: TR-082 | G86: N575 | H86: 122557 | I86: 3.5582189 | J86: 564.67647
F87: TR-083 | G87: N573 | H87: 557586 | I87: 47.7922 | J87: 582.83922
F88: TR-084 | G88: 557586 | H88: 537584 | I88: 20.429902 | J88: 603.26912
F89: TR-085 | G89: 537584 | H89: N592 | I89: 118.24977 | J89: 721.5189
F90: TR-086 | G90: N592 | H90: 537587 | I90: 3.5631429 | J90: 725.08204 | K90: 8841354004
F91: TR-087 | G91: 537587 | H91: N638 | I91: 261.83063 | J91: 986.91267
F92: TR-088 | G92: N638 | H92: 122556 | I92: 20.544343 | J92: 1007.457
F93: TR-089 | G93: 122556 | H93: N643 | I93: 3.6691524 | J93: 1011.1262
F94: TR-090 | G94: N638 | H94: 93663 | I94: 5.0326452 | J94: 991.94532
F95: TR-091 | G95: 93663 | H95: N640 | I95: 4.1860517 | J95: 996.13137 | K95: 8800034004
F96: TR-092 | G96: N640 | H96: 29748986 | I96: 112.47324 | J96: 1108.6046
F97: TR-093 | G97: 29748986 | H97: 93660 | I97: 158.29345 | J97: 1266.8981
F98: TR-094 | G98: 93660 | H98: N666 | I98: 98.120551 | J98: 1365.0186
F99: TR-095 | G99: N666 | H99: 587758 | I99: 25.459558 | J99: 1390.4782
F100: TR-096 | G100: 587758 | H100: N671 | I100: 4.26091 | J100: 1394.7391 | K100: 8803727004
...

Sheet Trechos
A1: Seq | B1: Trecho | C1: Trecho no Daimon | D1: Poste início | E1: Poste fim | F1: Extensão (m) | G1: Distância do DJ até o fim (m) | H1: Distância do ativo de referência até o fim (m) | I1: Zona | J1: Tronco/Ramal | K1: Ramal | L1: Bloco | M1: Ativo de referência | N1: Tipo do ativo de referência | O1: Próximo(s) ativo(s) | P1: Ativos posteriores englobados | Q1: Qtd. ativos posteriores | R1: Outra chave no fim do vão (88…) | S1: Nível 1 | T1: Nível 2 | U1: Nível 3 | V1: Nível 4 | W1: Nível 5 | X1: Nível 6 | Y1: Caminho desde o DJ | Z1: Latitude (meio do vão) | AA1: Longitude (meio do vão) | AB1: Mapa | AC1: Chave do caminho (uso das fórmulas)
A2: 1 | B2: TR-001 | C2: 2517480 | D2: N0 | E2: N1 | F2: 41.038122 | G2: 41.038122 | H2: 41.038122 | I2: T1 | J2: Tronco | K2: Tronco | L2: 1 | M2: DJ AL01010004 | N2: Disjuntor (DJ) | O2: 7900106004 | P2: 7900106004, 7927795004, 0300031004, 0345006004, 0352810004, 0300724004, 0342284004, 0200038004, 0328286004, 0314965004, 0344627004, 0334747004, 0347400004, 0358161004, 0342738004, 0203728004, 0328468004, 0329025004, 0203016004, 0300049004, 0203015004, 0300052004, 0200050004, 0200028004, 0300024004, 0349562004, 0349564004, 0355236004, 0200023004, 0204420004, 0302387004, 3302865004, 3300065004, 0320309004, 0310307004, 0303851004, 0310306004, 0303865004, 0342709004, 0303866004, 0303867004, 0302309004, 0300064004, 0320308004, 0301840004, 0303850004, 0320305004, 0346260004, 0346420004, 0355088004, 0340038004, 0201389004, 0303849004, 0310949004, 0210950004, 0301838004, 0301839004, 0245040004, 0303718004, 0202970004, 0354089004, 0354093004, 0220315004, 0346072004, 0345823004, 0200043004, 0200011004, 0357531004, 0303835004, 0356395004, 3300016004, 0301090004, 0303861004, 0304100004, 0201099004, 0301069004 | Q2: 76 | S2: DJ AL01010004 | Y2: DJ AL01010004 | Z2: -7.19538 | AA2: -48.23811 | AB2: abrir | AC2: |DJ AL01010004|
A3: 2 | B3: TR-002 | C3: Suporte Chave 8800002004 | D3: N1 | E3: 330494 | F3: 1.9997507 | G3: 43.037873 | H3: 43.037873 | I3: T1 | J3: Tronco | K3: Tronco | L3: 1 | M3: DJ AL01010004 | N3: Disjuntor (DJ) | O3: 7900106004 | P3: 7900106004, 7927795004, 0300031004, 0345006004, 0352810004, 0300724004, 0342284004, 0200038004, 0328286004, 0314965004, 0344627004, 0334747004, 0347400004, 0358161004, 0342738004, 0203728004, 0328468004, 0329025004, 0203016004, 0300049004, 0203015004, 0300052004, 0200050004, 0200028004, 0300024004, 0349562004, 0349564004, 0355236004, 0200023004, 0204420004, 0302387004, 3302865004, 3300065004, 0320309004, 0310307004, 0303851004, 0310306004, 0303865004, 0342709004, 0303866004, 0303867004, 0302309004, 0300064004, 0320308004, 0301840004, 0303850004, 0320305004, 0346260004, 0346420004, 0355088004, 0340038004, 0201389004, 0303849004, 0310949004, 0210950004, 0301838004, 0301839004, 0245040004, 0303718004, 0202970004, 0354089004, 0354093004, 0220315004, 0346072004, 0345823004, 0200043004, 0200011004, 0357531004, 0303835004, 0356395004, 3300016004, 0301090004, 0303861004, 0304100004, 0201099004, 0301069004 | Q3: 76 | R3: 8800002004 | S3: DJ AL01010004 | Y3: DJ AL01010004 | Z3: -7.1955055 | AA3: -48.238258 | AB3: abrir | AC3: |DJ AL01010004|
A4: 3 | B4: TR-003 | C4: 2520098 | D4: 330494 | E4: N3 | F4: 17.14693 | G4: 60.184803 | H4: 60.184803 | I4: T1 | J4: Tronco | K4: Tronco | L4: 1 | M4: DJ AL01010004 | N4: Disjuntor (DJ) | O4: 7900106004 | P4: 7900106004, 7927795004, 0300031004, 0345006004, 0352810004, 0300724004, 0342284004, 0200038004, 0328286004, 0314965004, 0344627004, 0334747004, 0347400004, 0358161004, 0342738004, 0203728004, 0328468004, 0329025004, 0203016004, 0300049004, 0203015004, 0300052004, 0200050004, 0200028004, 0300024004, 0349562004, 0349564004, 0355236004, 0200023004, 0204420004, 0302387004, 3302865004, 3300065004, 0320309004, 0310307004, 0303851004, 0310306004, 0303865004, 0342709004, 0303866004, 0303867004, 0302309004, 0300064004, 0320308004, 0301840004, 0303850004, 0320305004, 0346260004, 0346420004, 0355088004, 0340038004, 0201389004, 0303849004, 0310949004, 0210950004, 0301838004, 0301839004, 0245040004, 0303718004, 0202970004, 0354089004, 0354093004, 0220315004, 0346072004, 0345823004, 0200043004, 0200011004, 0357531004, 0303835004, 0356395004, 3300016004, 0301090004, 0303861004, 0304100004, 0201099004, 0301069004 | Q4: 76 | S4: DJ AL01010004 | Y4: DJ AL01010004 | Z4: -7.1955785 | AA4: -48.238304 | AB4: abrir | AC4: |DJ AL01010004|
A5: 4 | B5: TR-004 | C5: 12072724 | D5: N3 | E5: 535160 | F5: 2.9245512 | G5: 63.109355 | H5: 63.109355 | I5: T1 | J5: Tronco | K5: Tronco | L5: 1 | M5: DJ AL01010004 | N5: Disjuntor (DJ) | O5: 7900106004 | P5: 7900106004, 7927795004, 0300031004, 0345006004, 0352810004, 0300724004, 0342284004, 0200038004, 0328286004, 0314965004, 0344627004, 0334747004, 0347400004, 0358161004, 0342738004, 0203728004, 0328468004, 0329025004, 0203016004, 0300049004, 0203015004, 0300052004, 0200050004, 0200028004, 0300024004, 0349562004, 0349564004, 0355236004, 0200023004, 0204420004, 0302387004, 3302865004, 3300065004, 0320309004, 0310307004, 0303851004, 0310306004, 0303865004, 0342709004, 0303866004, 0303867004, 0302309004, 0300064004, 0320308004, 0301840004, 0303850004, 0320305004, 0346260004, 0346420004, 0355088004, 0340038004, 0201389004, 0303849004, 0310949004, 0210950004, 0301838004, 0301839004, 0245040004, 0303718004, 0202970004, 0354089004, 0354093004, 0220315004, 0346072004, 0345823004, 0200043004, 0200011004, 0357531004, 0303835004, 0356395004, 3300016004, 0301090004, 0303861004, 0304100004, 0201099004, 0301069004 | Q5: 76 | S5: DJ AL01010004 | Y5: DJ AL01010004 | Z5: -7.195657 | AA5: -48.238343 | AB5: abrir | AC5: |DJ AL01010004|
A6: 5 | B6: TR-005 | C6: 2796761 | D6: 535160 | E6: 535157 | F6: 36.045809 | G6: 99.155164 | H6: 99.155164 | I6: T1 | J6: Tronco | K6: Tronco | L6: 1 | M6: DJ AL01010004 | N6: Disjuntor (DJ) | O6: 7900106004 | P6: 7900106004, 7927795004, 0300031004, 0345006004, 0352810004, 0300724004, 0342284004, 0200038004, 0328286004, 0314965004, 0344627004, 0334747004, 0347400004, 0358161004, 0342738004, 0203728004, 0328468004, 0329025004, 0203016004, 0300049004, 0203015004, 0300052004, 0200050004, 0200028004, 0300024004, 0349562004, 0349564004, 0355236004, 0200023004, 0204420004, 0302387004, 3302865004, 3300065004, 0320309004, 0310307004, 0303851004, 0310306004, 0303865004, 0342709004, 0303866004, 0303867004, 0302309004, 0300064004, 0320308004, 0301840004, 0303850004, 0320305004, 0346260004, 0346420004, 0355088004, 0340038004, 0201389004, 0303849004, 0310949004, 0210950004, 0301838004, 0301839004, 0245040004, 0303718004, 0202970004, 0354089004, 0354093004, 0220315004, 0346072004, 0345823004, 0200043004, 0200011004, 0357531004, 0303835004, 0356395004, 3300016004, 0301090004, 0303861004, 0304100004, 0201099004, 0301069004 | Q6: 76 | S6: DJ AL01010004 | Y6: DJ AL01010004 | Z6: -7.195788 | AA6: -48.238229 | AB6: abrir | AC6: |DJ AL01010004|
A7: 6 | B7: TR-006 | C7: 12074471 | D7: 535157 | E7: N6 | F7: 3.4251 | G7: 102.58026 | H7: 102.58026 | I7: T1 | J7: Tronco | K7: Tronco | L7: 1 | M7: DJ AL01010004 | N7: Disjuntor (DJ) | O7: 7900106004 | P7: 7900106004, 7927795004, 0300031004, 0345006004, 0352810004, 0300724004, 0342284004, 0200038004, 0328286004, 0314965004, 0344627004, 0334747004, 0347400004, 0358161004, 0342738004, 0203728004, 0328468004, 0329025004, 0203016004, 0300049004, 0203015004, 0300052004, 0200050004, 0200028004, 0300024004, 0349562004, 0349564004, 0355236004, 0200023004, 0204420004, 0302387004, 3302865004, 3300065004, 0320309004, 0310307004, 0303851004, 0310306004, 0303865004, 0342709004, 0303866004, 0303867004, 0302309004, 0300064004, 0320308004, 0301840004, 0303850004, 0320305004, 0346260004, 0346420004, 0355088004, 0340038004, 0201389004, 0303849004, 0310949004, 0210950004, 0301838004, 0301839004, 0245040004, 0303718004, 0202970004, 0354089004, 0354093004, 0220315004, 0346072004, 0345823004, 0200043004, 0200011004, 0357531004, 0303835004, 0356395004, 3300016004, 0301090004, 0303861004, 0304100004, 0201099004, 0301069004 | Q7: 76 | S7: DJ AL01010004 | Y7: DJ AL01010004 | Z7: -7.1959115 | AA7: -48.238102 | AB7: abrir | AC7: |DJ AL01010004|
A8: 7 | B8: TR-007 | C8: 2518760 | D8: N6 | E8: N7 | F8: 20.084828 | G8: 122.66509 | H8: 122.66509 | I8: T1 | J8: Tronco | K8: Tronco | L8: 1 | M8: DJ AL01010004 | N8: Disjuntor (DJ) | O8: 7900106004 | P8: 7900106004, 7927795004, 0300031004, 0345006004, 0352810004, 0300724004, 0342284004, 0200038004, 0328286004, 0314965004, 0344627004, 0334747004, 0347400004, 0358161004, 0342738004, 0203728004, 0328468004, 0329025004, 0203016004, 0300049004, 0203015004, 0300052004, 0200050004, 0200028004, 0300024004, 0349562004, 0349564004, 0355236004, 0200023004, 0204420004, 0302387004, 3302865004, 3300065004, 0320309004, 0310307004, 0303851004, 0310306004, 0303865004, 0342709004, 0303866004, 0303867004, 0302309004, 0300064004, 0320308004, 0301840004, 0303850004, 0320305004, 0346260004, 0346420004, 0355088004, 0340038004, 0201389004, 0303849004, 0310949004, 0210950004, 0301838004, 0301839004, 0245040004, 0303718004, 0202970004, 0354089004, 0354093004, 0220315004, 0346072004, 0345823004, 0200043004, 0200011004, 0357531004, 0303835004, 0356395004, 3300016004, 0301090004, 0303861004, 0304100004, 0201099004, 0301069004 | Q8: 76 | S8: DJ AL01010004 | Y8: DJ AL01010004 | Z8: -7.195948 | AA8: -48.238003 | AB8: abrir | AC8: |DJ AL01010004|
A9: 8 | B9: TR-008 | C9: 12072739 | D9: N7 | E9: N8 | F9: 3.0989279 | G9: 125.76402 | H9: 125.76402 | I9: T1 | J9: Tronco | K9: Tronco | L9: 1 | M9: DJ AL01010004 | N9: Disjuntor (DJ) | O9: 7900106004 | P9: 7900106004, 7927795004, 0300031004, 0345006004, 0352810004, 0300724004, 0342284004, 0200038004, 0328286004, 0314965004, 0344627004, 0334747004, 0347400004, 0358161004, 0342738004, 0203728004, 0328468004, 0329025004, 0203016004, 0300049004, 0203015004, 0300052004, 0200050004, 0200028004, 0300024004, 0349562004, 0349564004, 0355236004, 0200023004, 0204420004, 0302387004, 3302865004, 3300065004, 0320309004, 0310307004, 0303851004, 0310306004, 0303865004, 0342709004, 0303866004, 0303867004, 0302309004, 0300064004, 0320308004, 0301840004, 0303850004, 0320305004, 0346260004, 0346420004, 0355088004, 0340038004, 0201389004, 0303849004, 0310949004, 0210950004, 0301838004, 0301839004, 0245040004, 0303718004, 0202970004, 0354089004, 0354093004, 0220315004, 0346072004, 0345823004, 0200043004, 0200011004, 0357531004, 0303835004, 0356395004, 3300016004, 0301090004, 0303861004, 0304100004, 0201099004, 0301069004 | Q9: 76 | S9: DJ AL01010004 | Y9: DJ AL01010004 | Z9: -7.195987 | AA9: -48.237905 | AB9: abrir | AC9: |DJ AL01010004|
A10: 9 | B10: TR-009 | C10: 2518013 | D10: N8 | E10: 531051 | F10: 50.705196 | G10: 176.46922 | H10: 176.46922 | I10: T1 | J10: Tronco | K10: Tronco | L10: 1 | M10: DJ AL01010004 | N10: Disjuntor (DJ) | O10: 7900106004 | P10: 7900106004, 7927795004, 0300031004, 0345006004, 0352810004, 0300724004, 0342284004, 0200038004, 0328286004, 0314965004, 0344627004, 0334747004, 0347400004, 0358161004, 0342738004, 0203728004, 0328468004, 0329025004, 0203016004, 0300049004, 0203015004, 0300052004, 0200050004, 0200028004, 0300024004, 0349562004, 0349564004, 0355236004, 0200023004, 0204420004, 0302387004, 3302865004, 3300065004, 0320309004, 0310307004, 0303851004, 0310306004, 0303865004, 0342709004, 0303866004, 0303867004, 0302309004, 0300064004, 0320308004, 0301840004, 0303850004, 0320305004, 0346260004, 0346420004, 0355088004, 0340038004, 0201389004, 0303849004, 0310949004, 0210950004, 0301838004, 0301839004, 0245040004, 0303718004, 0202970004, 0354089004, 0354093004, 0220315004, 0346072004, 0345823004, 0200043004, 0200011004, 0357531004, 0303835004, 0356395004, 3300016004, 0301090004, 0303861004, 0304100004, 0201099004, 0301069004 | Q10: 76 | S10: DJ AL01010004 | Y10: DJ AL01010004 | Z10: -7.196093 | AA10: -48.237687 | AB10: abrir | AC10: |DJ AL01010004|
A11: 10 | B11: TR-010 | C11: 12074779 | D11: 531051 | E11: N10 | F11: 3.4488076 | G11: 179.91802 | H11: 179.91802 | I11: T1 | J11: Tronco | K11: Tronco | L11: 1 | M11: DJ AL01010004 | N11: Disjuntor (DJ) | O11: 7900106004 | P11: 7900106004, 7927795004, 0300031004, 0345006004, 0352810004, 0300724004, 0342284004, 0200038004, 0328286004, 0314965004, 0344627004, 0334747004, 0347400004, 0358161004, 0342738004, 0203728004, 0328468004, 0329025004, 0203016004, 0300049004, 0203015004, 0300052004, 0200050004, 0200028004, 0300024004, 0349562004, 0349564004, 0355236004, 0200023004, 0204420004, 0302387004, 3302865004, 3300065004, 0320309004, 0310307004, 0303851004, 0310306004, 0303865004, 0342709004, 0303866004, 0303867004, 0302309004, 0300064004, 0320308004, 0301840004, 0303850004, 0320305004, 0346260004, 0346420004, 0355088004, 0340038004, 0201389004, 0303849004, 0310949004, 0210950004, 0301838004, 0301839004, 0245040004, 0303718004, 0202970004, 0354089004, 0354093004, 0220315004, 0346072004, 0345823004, 0200043004, 0200011004, 0357531004, 0303835004, 0356395004, 3300016004, 0301090004, 0303861004, 0304100004, 0201099004, 0301069004 | Q11: 76 | S11: DJ AL01010004 | Y11: DJ AL01010004 | Z11: -7.1962065 | AA11: -48.237479 | AB11: abrir | AC11: |DJ AL01010004|
A12: 11 | B12: TR-011 | C12: 2518454 | D12: N10 | E12: N11 | F12: 16.092437 | G12: 196.01046 | H12: 196.01046 | I12: T1 | J12: Tronco | K12: Tronco | L12: 1 | M12: DJ AL01010004 | N12: Disjuntor (DJ) | O12: 7900106004 | P12: 7900106004, 7927795004, 0300031004, 0345006004, 0352810004, 0300724004, 0342284004, 0200038004, 0328286004, 0314965004, 0344627004, 0334747004, 0347400004, 0358161004, 0342738004, 0203728004, 0328468004, 0329025004, 0203016004, 0300049004, 0203015004, 0300052004, 0200050004, 0200028004, 0300024004, 0349562004, 0349564004, 0355236004, 0200023004, 0204420004, 0302387004, 3302865004, 3300065004, 0320309004, 0310307004, 0303851004, 0310306004, 0303865004, 0342709004, 0303866004, 0303867004, 0302309004, 0300064004, 0320308004, 0301840004, 0303850004, 0320305004, 0346260004, 0346420004, 0355088004, 0340038004, 0201389004, 0303849004, 0310949004, 0210950004, 0301838004, 0301839004, 0245040004, 0303718004, 0202970004, 0354089004, 0354093004, 0220315004, 0346072004, 0345823004, 0200043004, 0200011004, 0357531004, 0303835004, 0356395004, 3300016004, 0301090004, 0303861004, 0304100004, 0201099004, 0301069004 | Q12: 76 | S12: DJ AL01010004 | Y12: DJ AL01010004 | Z12: -7.1962875 | AA12: -48.237509 | AB12: abrir | AC12: |DJ AL01010004|
A13: 12 | B13: TR-012 | C13: 12072726 | D13: N11 | E13: 536161 | F13: 3.7237339 | G13: 199.73419 | H13: 199.73419 | I13: T1 | J13: Tronco | K13: Tronco | L13: 1 | M13: DJ AL01010004 | N13: Disjuntor (DJ) | O13: 7900106004 | P13: 7900106004, 7927795004, 0300031004, 0345006004, 0352810004, 0300724004, 0342284004, 0200038004, 0328286004, 0314965004, 0344627004, 0334747004, 0347400004, 0358161004, 0342738004, 0203728004, 0328468004, 0329025004, 0203016004, 0300049004, 0203015004, 0300052004, 0200050004, 0200028004, 0300024004, 0349562004, 0349564004, 0355236004, 0200023004, 0204420004, 0302387004, 3302865004, 3300065004, 0320309004, 0310307004, 0303851004, 0310306004, 0303865004, 0342709004, 0303866004, 0303867004, 0302309004, 0300064004, 0320308004, 0301840004, 0303850004, 0320305004, 0346260004, 0346420004, 0355088004, 0340038004, 0201389004, 0303849004, 0310949004, 0210950004, 0301838004, 0301839004, 0245040004, 0303718004, 0202970004, 0354089004, 0354093004, 0220315004, 0346072004, 0345823004, 0200043004, 0200011004, 0357531004, 0303835004, 0356395004, 3300016004, 0301090004, 0303861004, 0304100004, 0201099004, 0301069004 | Q13: 76 | S13: DJ AL01010004 | Y13: DJ AL01010004 | Z13: -7.196368 | AA13: -48.237547 | AB13: abrir | AC13: |DJ AL01010004|
A14: 13 | B14: TR-013 | C14: 2516814 | D14: 536161 | E14: N13 | F14: 97.129334 | G14: 296.86353 | H14: 296.86353 | I14: T1 | J14: Tronco | K14: Tronco | L14: 1 | M14: DJ AL01010004 | N14: Disjuntor (DJ) | O14: 7900106004 | P14: 7900106004, 7927795004, 0300031004, 0345006004, 0352810004, 0300724004, 0342284004, 0200038004, 0328286004, 0314965004, 0344627004, 0334747004, 0347400004, 0358161004, 0342738004, 0203728004, 0328468004, 0329025004, 0203016004, 0300049004, 0203015004, 0300052004, 0200050004, 0200028004, 0300024004, 0349562004, 0349564004, 0355236004, 0200023004, 0204420004, 0302387004, 3302865004, 3300065004, 0320309004, 0310307004, 0303851004, 0310306004, 0303865004, 0342709004, 0303866004, 0303867004, 0302309004, 0300064004, 0320308004, 0301840004, 0303850004, 0320305004, 0346260004, 0346420004, 0355088004, 0340038004, 0201389004, 0303849004, 0310949004, 0210950004, 0301838004, 0301839004, 0245040004, 0303718004, 0202970004, 0354089004, 0354093004, 0220315004, 0346072004, 0345823004, 0200043004, 0200011004, 0357531004, 0303835004, 0356395004, 3300016004, 0301090004, 0303861004, 0304100004, 0201099004, 0301069004 | Q14: 76 | S14: DJ AL01010004 | Y14: DJ AL01010004 | Z14: -7.19678 | AA14: -48.237738 | AB14: abrir | AC14: |DJ AL01010004|
A15: 14 | B15: TR-014 | C15: 48650427 | D15: N13 | E15: N14 | F15: 12.306964 | G15: 309.17049 | H15: 309.17049 | I15: T1 | J15: Tronco | K15: Tronco | L15: 1 | M15: DJ AL01010004 | N15: Disjuntor (DJ) | O15: 7900106004 | P15: 7900106004, 7927795004, 0300031004, 0345006004, 0352810004, 0300724004, 0342284004, 0200038004, 0328286004, 0314965004, 0344627004, 0334747004, 0347400004, 0358161004, 0342738004, 0203728004, 0328468004, 0329025004, 0203016004, 0300049004, 0203015004, 0300052004, 0200050004, 0200028004, 0300024004, 0349562004, 0349564004, 0355236004, 0200023004, 0204420004, 0302387004, 3302865004, 3300065004, 0320309004, 0310307004, 0303851004, 0310306004, 0303865004, 0342709004, 0303866004, 0303867004, 0302309004, 0300064004, 0320308004, 0301840004, 0303850004, 0320305004, 0346260004, 0346420004, 0355088004, 0340038004, 0201389004, 0303849004, 0310949004, 0210950004, 0301838004, 0301839004, 0245040004, 0303718004, 0202970004, 0354089004, 0354093004, 0220315004, 0346072004, 0345823004, 0200043004 | Q15: 66 | S15: DJ AL01010004 | Y15: DJ AL01010004 | Z15: -7.1972005 | AA15: -48.237871 | AB15: abrir | AC15: |DJ AL01010004|
A16: 15 | B16: TR-015 | C16: Suporte Chave 8838716004 | D16: N14 | E16: 1239378 | F16: 1.1379354 | G16: 310.30843 | H16: 310.30843 | I16: T1 | J16: Tronco | K16: Tronco | L16: 1 | M16: DJ AL01010004 | N16: Disjuntor (DJ) | O16: 7900106004 | P16: 7900106004, 7927795004, 0300031004, 0345006004, 0352810004, 0300724004, 0342284004, 0200038004, 0328286004, 0314965004, 0344627004, 0334747004, 0347400004, 0358161004, 0342738004, 0203728004, 0328468004, 0329025004, 0203016004, 0300049004, 0203015004, 0300052004, 0200050004, 0200028004, 0300024004, 0349562004, 0349564004, 0355236004, 0200023004, 0204420004, 0302387004, 3302865004, 3300065004, 0320309004, 0310307004, 0303851004, 0310306004, 0303865004, 0342709004, 0303866004, 0303867004, 0302309004, 0300064004, 0320308004, 0301840004, 0303850004, 0320305004, 0346260004, 0346420004, 0355088004, 0340038004, 0201389004, 0303849004, 0310949004, 0210950004, 0301838004, 0301839004, 0245040004, 0303718004, 0202970004, 0354089004, 0354093004, 0220315004, 0346072004, 0345823004, 0200043004 | Q16: 66 | R16: 8838716004 | S16: DJ AL01010004 | Y16: DJ AL01010004 | Z16: -7.1972215 | AA16: -48.237825 | AB16: abrir | AC16: |DJ AL01010004|
A17: 16 | B17: TR-016 | C17: 3616817 | D17: 1239378 | E17: 538537 | F17: 6.8687295 | G17: 317.17716 | H17: 317.17716 | I17: T1 | J17: Tronco | K17: Tronco | L17: 1 | M17: DJ AL01010004 | N17: Disjuntor (DJ) | O17: 7900106004 | P17: 7900106004, 7927795004, 0300031004, 0345006004, 0352810004, 0300724004, 0342284004, 0200038004, 0328286004, 0314965004, 0344627004, 0334747004, 0347400004, 0358161004, 0342738004, 0203728004, 0328468004, 0329025004, 0203016004, 0300049004, 0203015004, 0300052004, 0200050004, 0200028004, 0300024004, 0349562004, 0349564004, 0355236004, 0200023004, 0204420004, 0302387004, 3302865004, 3300065004, 0320309004, 0310307004, 0303851004, 0310306004, 0303865004, 0342709004, 0303866004, 0303867004, 0302309004, 0300064004, 0320308004, 0301840004, 0303850004, 0320305004, 0346260004, 0346420004, 0355088004, 0340038004, 0201389004, 0303849004, 0310949004, 0210950004, 0301838004, 0301839004, 0245040004, 0303718004, 0202970004, 0354089004, 0354093004, 0220315004, 0346072004, 0345823004, 0200043004 | Q17: 66 | S17: DJ AL01010004 | Y17: DJ AL01010004 | Z17: -7.1972325 | AA17: -48.237802 | AB17: abrir | AC17: |DJ AL01010004|
A18: 17 | B18: TR-017 | C18: 3619035 | D18: 538537 | E18: 1385568 | F18: 27.884363 | G18: 345.06152 | H18: 345.06152 | I18: T1 | J18: Tronco | K18: Tronco | L18: 1 | M18: DJ AL01010004 | N18: Disjuntor (DJ) | O18: 7900106004 | P18: 7900106004, 7927795004, 0300031004, 0345006004, 0352810004, 0300724004, 0342284004, 0200038004, 0328286004, 0314965004, 0344627004, 0334747004, 0347400004, 0358161004, 0342738004, 0203728004, 0328468004, 0329025004, 0203016004, 0300049004, 0203015004, 0300052004, 0200050004, 0200028004, 0300024004, 0349562004, 0349564004, 0355236004, 0200023004, 0204420004, 0302387004, 3302865004, 3300065004, 0320309004, 0310307004, 0303851004, 0310306004, 0303865004, 0342709004, 0303866004, 0303867004, 0302309004, 0300064004, 0320308004, 0301840004, 0303850004, 0320305004, 0346260004, 0346420004, 0355088004, 0340038004, 0201389004, 0303849004, 0310949004, 0210950004, 0301838004, 0301839004, 0245040004, 0303718004, 0202970004, 0354089004, 0354093004, 0220315004, 0346072004, 0345823004, 0200043004 | Q18: 66 | S18: DJ AL01010004 | Y18: DJ AL01010004 | Z18: -7.197298 | AA18: -48.237659 | AB18: abrir | AC18: |DJ AL01010004|
A19: 18 | B19: TR-018 | C19: 12084034 | D19: 1385568 | E19: N20 | F19: 3.5961121 | G19: 348.65763 | H19: 348.65763 | I19: T1 | J19: Tronco | K19: Tronco | L19: 1 | M19: DJ AL01010004 | N19: Disjuntor (DJ) | O19: 7900106004 | P19: 7900106004, 7927795004, 0300031004, 0345006004, 0352810004, 0300724004, 0342284004, 0200038004, 0328286004, 0314965004, 0344627004, 0334747004, 0347400004, 0358161004, 0342738004, 0203728004, 0328468004, 0329025004, 0203016004, 0300049004, 0203015004, 0300052004, 0200050004, 0200028004, 0300024004, 0349562004, 0349564004, 0355236004, 0200023004, 0204420004, 0302387004, 3302865004, 3300065004, 0320309004, 0310307004, 0303851004, 0310306004, 0303865004, 0342709004, 0303866004, 0303867004, 0302309004, 0300064004, 0320308004, 0301840004, 0303850004, 0320305004, 0346260004, 0346420004, 0355088004, 0340038004, 0201389004, 0303849004, 0310949004, 0210950004, 0301838004, 0301839004, 0245040004, 0303718004, 0202970004, 0354089004, 0354093004, 0220315004, 0346072004, 0345823004, 0200043004 | Q19: 66 | S19: DJ AL01010004 | Y19: DJ AL01010004 | Z19: -7.197355 | AA19: -48.237529 | AB19: abrir | AC19: |DJ AL01010004|
A20: 19 | B20: TR-019 | C20: 3619031 | D20: N20 | E20: N21 | F20: 12.949422 | G20: 361.60705 | H20: 361.60705 | I20: T1 | J20: Tronco | K20: Tronco | L20: 1 | M20: DJ AL01010004 | N20: Disjuntor (DJ) | O20: 7900106004 | P20: 7900106004, 7927795004, 0300031004, 0345006004, 0352810004, 0300724004, 0342284004, 0200038004, 0328286004, 0314965004, 0344627004, 0334747004, 0347400004, 0358161004, 0342738004, 0203728004, 0328468004, 0329025004, 0203016004, 0300049004, 0203015004, 0300052004, 0200050004, 0200028004, 0300024004, 0349562004, 0349564004, 0355236004, 0200023004, 0204420004, 0302387004, 3302865004, 3300065004, 0320309004, 0310307004, 0303851004, 0310306004, 0303865004, 0342709004, 0303866004, 0303867004, 0302309004, 0300064004, 0320308004, 0301840004, 0303850004, 0320305004, 0346260004, 0346420004, 0355088004, 0340038004, 0201389004, 0303849004, 0310949004, 0210950004, 0301838004, 0301839004, 0245040004, 0303718004, 0202970004, 0354089004, 0354093004, 0220315004, 0346072004, 0345823004, 0200043004 | Q20: 66 | S20: DJ AL01010004 | Y20: DJ AL01010004 | Z20: -7.197387 | AA20: -48.237461 | AB20: abrir | AC20: |DJ AL01010004|
A21: 20 | B21: TR-020 | C21: 12083801 | D21: N21 | E21: N22 | F21: 3.7737511 | G21: 365.38081 | H21: 365.38081 | I21: T1 | J21: Tronco | K21: Tronco | L21: 1 | M21: DJ AL01010004 | N21: Disjuntor (DJ) | O21: 7900106004 | P21: 7900106004, 7927795004, 0300031004, 0345006004, 0352810004, 0300724004, 0342284004, 0200038004, 0328286004, 0314965004, 0344627004, 0334747004, 0347400004, 0358161004, 0342738004, 0203728004, 0328468004, 0329025004, 0203016004, 0300049004, 0203015004, 0300052004, 0200050004, 0200028004, 0300024004, 0349562004, 0349564004, 0355236004, 0200023004, 0204420004, 0302387004, 3302865004, 3300065004, 0320309004, 0310307004, 0303851004, 0310306004, 0303865004, 0342709004, 0303866004, 0303867004, 0302309004, 0300064004, 0320308004, 0301840004, 0303850004, 0320305004, 0346260004, 0346420004, 0355088004, 0340038004, 0201389004, 0303849004, 0310949004, 0210950004, 0301838004, 0301839004, 0245040004, 0303718004, 0202970004, 0354089004, 0354093004, 0220315004, 0346072004, 0345823004, 0200043004 | Q21: 66 | S21: DJ AL01010004 | Y21: DJ AL01010004 | Z21: -7.197423 | AA21: -48.237395 | AB21: abrir | AC21: |DJ AL01010004|
A22: 21 | B22: TR-021 | C22: 3615827 | D22: N22 | E22: N23 | F22: 13.986461 | G22: 379.36727 | H22: 379.36727 | I22: T1 | J22: Tronco | K22: Tronco | L22: 1 | M22: DJ AL01010004 | N22: Disjuntor (DJ) | O22: 7900106004 | P22: 7900106004, 7927795004, 0300031004, 0345006004, 0352810004, 0300724004, 0342284004, 0200038004, 0328286004, 0314965004, 0344627004, 0334747004, 0347400004, 0358161004, 0342738004, 0203728004, 0328468004, 0329025004, 0203016004, 0300049004, 0203015004, 0300052004, 0200050004, 0200028004, 0300024004, 0349562004, 0349564004, 0355236004, 0200023004, 0204420004, 0302387004, 3302865004, 3300065004, 0320309004, 0310307004, 0303851004, 0310306004, 0303865004, 0342709004, 0303866004, 0303867004, 0302309004, 0300064004, 0320308004, 0301840004, 0303850004, 0320305004, 0346260004, 0346420004, 0355088004, 0340038004, 0201389004, 0303849004, 0310949004, 0210950004, 0301838004, 0301839004, 0245040004, 0303718004, 0202970004, 0354089004, 0354093004, 0220315004, 0346072004, 0345823004, 0200043004 | Q22: 66 | S22: DJ AL01010004 | Y22: DJ AL01010004 | Z22: -7.197455 | AA22: -48.237321 | AB22: abrir | AC22: |DJ AL01010004|
A23: 22 | B23: TR-022 | C23: 12084028 | D23: N23 | E23: 1471339 | F23: 3.6114774 | G23: 382.97874 | H23: 382.97874 | I23: T1 | J23: Tronco | K23: Tronco | L23: 1 | M23: DJ AL01010004 | N23: Disjuntor (DJ) | O23: 7900106004 | P23: 7900106004, 7927795004, 0300031004, 0345006004, 0352810004, 0300724004, 0342284004, 0200038004, 0328286004, 0314965004, 0344627004, 0334747004, 0347400004, 0358161004, 0342738004, 0203728004, 0328468004, 0329025004, 0203016004, 0300049004, 0203015004, 0300052004, 0200050004, 0200028004, 0300024004, 0349562004, 0349564004, 0355236004, 0200023004, 0204420004, 0302387004, 3302865004, 3300065004, 0320309004, 0310307004, 0303851004, 0310306004, 0303865004, 0342709004, 0303866004, 0303867004, 0302309004, 0300064004, 0320308004, 0301840004, 0303850004, 0320305004, 0346260004, 0346420004, 0355088004, 0340038004, 0201389004, 0303849004, 0310949004, 0210950004, 0301838004, 0301839004, 0245040004, 0303718004, 0202970004, 0354089004, 0354093004, 0220315004, 0346072004, 0345823004, 0200043004 | Q23: 66 | S23: DJ AL01010004 | Y23: DJ AL01010004 | Z23: -7.1974845 | AA23: -48.237247 | AB23: abrir | AC23: |DJ AL01010004|
A24: 23 | B24: TR-023 | C24: 3615556 | D24: 1471339 | E24: 538784 | F24: 20.016609 | G24: 402.99535 | H24: 402.99535 | I24: T1 | J24: Tronco | K24: Tronco | L24: 1 | M24: DJ AL01010004 | N24: Disjuntor (DJ) | O24: 7900106004 | P24: 7900106004, 7927795004, 0300031004, 0345006004, 0352810004, 0300724004, 0342284004, 0200038004, 0328286004, 0314965004, 0344627004, 0334747004, 0347400004, 0358161004, 0342738004, 0203728004, 0328468004, 0329025004, 0203016004, 0300049004, 0203015004, 0300052004, 0200050004, 0200028004, 0300024004, 0349562004, 0349564004, 0355236004, 0200023004, 0204420004, 0302387004, 3302865004, 3300065004, 0320309004, 0310307004, 0303851004, 0310306004, 0303865004, 0342709004, 0303866004, 0303867004, 0302309004, 0300064004, 0320308004, 0301840004, 0303850004, 0320305004, 0346260004, 0346420004, 0355088004, 0340038004, 0201389004, 0303849004, 0310949004, 0210950004, 0301838004, 0301839004, 0245040004, 0303718004, 0202970004, 0354089004, 0354093004, 0220315004, 0346072004, 0345823004, 0200043004 | Q24: 66 | S24: DJ AL01010004 | Y24: DJ AL01010004 | Z24: -7.1975725 | AA24: -48.237271 | AB24: abrir | AC24: |DJ AL01010004|
A25: 24 | B25: TR-024 | C25: 12071828 | D25: 538784 | E25: N28 | F25: 3.5889262 | G25: 406.58428 | H25: 406.58428 | I25: T1 | J25: Tronco | K25: Tronco | L25: 1 | M25: DJ AL01010004 | N25: Disjuntor (DJ) | O25: 7900106004 | P25: 7900106004, 7927795004, 0300031004, 0345006004, 0352810004, 0300724004, 0342284004, 0200038004, 0328286004, 0314965004, 0344627004, 0334747004, 0347400004, 0358161004, 0342738004, 0203728004, 0328468004, 0329025004, 0203016004, 0300049004, 0203015004, 0300052004, 0200050004, 0200028004, 0300024004, 0349562004, 0349564004, 0355236004, 0200023004, 0204420004, 0302387004, 3302865004, 3300065004, 0320309004, 0310307004, 0303851004, 0310306004, 0303865004, 0342709004, 0303866004, 0303867004, 0302309004, 0300064004, 0320308004, 0301840004, 0303850004, 0320305004, 0346260004, 0346420004, 0355088004, 0340038004, 0201389004, 0303849004, 0310949004, 0210950004, 0301838004, 0301839004, 0245040004, 0303718004, 0202970004, 0354089004, 0354093004, 0220315004, 0346072004, 0345823004, 0200043004 | Q25: 66 | S25: DJ AL01010004 | Y25: DJ AL01010004 | Z25: -7.197669 | AA25: -48.237315 | AB25: abrir | AC25: |DJ AL01010004|
A26: 25 | B26: TR-025 | C26: 2660792 | D26: N28 | E26: 537819 | F26: 44.833582 | G26: 451.41786 | H26: 451.41786 | I26: T1 | J26: Tronco | K26: Tronco | L26: 1 | M26: DJ AL01010004 | N26: Disjuntor (DJ) | O26: 7900106004 | P26: 7900106004, 7927795004, 0300031004, 0345006004, 0352810004, 0300724004, 0342284004, 0200038004, 0328286004, 0314965004, 0344627004, 0334747004, 0347400004, 0358161004, 0342738004, 0203728004, 0328468004, 0329025004, 0203016004, 0300049004, 0203015004, 0300052004, 0200050004, 0200028004, 0300024004, 0349562004, 0349564004, 0355236004, 0200023004, 0204420004, 0302387004, 3302865004, 3300065004, 0320309004, 0310307004, 0303851004, 0310306004, 0303865004, 0342709004, 0303866004, 0303867004, 0302309004, 0300064004, 0320308004, 0301840004, 0303850004, 0320305004, 0346260004, 0346420004, 0355088004, 0340038004, 0201389004, 0303849004, 0310949004, 0210950004, 0301838004, 0301839004, 0245040004, 0303718004, 0202970004, 0354089004, 0354093004, 0220315004, 0346072004, 0345823004, 0200043004 | Q26: 66 | S26: DJ AL01010004 | Y26: DJ AL01010004 | Z26: -7.1978635 | AA26: -48.237414 | AB26: abrir | AC26: |DJ AL01010004|
A27: 26 | B27: TR-026 | C27: 26339928 | D27: 537819 | E27: 26339935 | F27: 239.44687 | G27: 690.86473 | H27: 690.86473 | I27: T1 | J27: Tronco | K27: Tronco | L27: 1 | M27: DJ AL01010004 | N27: Disjuntor (DJ) | O27: 7900106004 | P27: 7900106004, 7927795004, 0300031004, 0345006004, 0352810004, 0300724004, 0342284004, 0200038004, 0328286004, 0314965004, 0344627004, 0334747004, 0347400004, 0358161004, 0342738004, 0203728004, 0328468004, 0329025004, 0203016004, 0300049004, 0203015004, 0300052004, 0200050004, 0200028004, 0300024004, 0349562004, 0349564004, 0355236004, 0200023004, 0204420004, 0302387004, 3302865004, 3300065004, 0320309004, 0310307004, 0303851004, 0310306004, 0303865004, 0342709004, 0303866004, 0303867004, 0302309004, 0300064004, 0320308004, 0301840004, 0303850004, 0320305004, 0346260004, 0346420004, 0355088004, 0340038004, 0201389004, 0303849004, 0310949004, 0210950004, 0301838004, 0301839004, 0245040004, 0303718004, 0202970004, 0354089004, 0354093004, 0220315004, 0346072004, 0345823004, 0200043004 | Q27: 66 | S27: DJ AL01010004 | Y27: DJ AL01010004 | Z27: -7.1990205 | AA27: -48.237961 | AB27: abrir | AC27: |DJ AL01010004|
A28: 27 | B28: TR-027 | C28: 2768765 | D28: 26339935 | E28: N37 | F28: 45.292437 | G28: 736.15716 | H28: 736.15716 | I28: T1 | J28: Tronco | K28: Tronco | L28: 1 | M28: DJ AL01010004 | N28: Disjuntor (DJ) | O28: 7900106004 | P28: 7900106004, 7927795004, 0300031004, 0345006004, 0352810004, 0300724004, 0342284004, 0200038004, 0328286004, 0314965004, 0344627004, 0334747004, 0347400004, 0358161004, 0342738004, 0203728004, 0328468004, 0329025004, 0203016004, 0300049004, 0203015004, 0300052004, 0200050004, 0200028004, 0300024004, 0349562004, 0349564004, 0355236004, 0200023004, 0204420004, 0302387004, 3302865004, 3300065004, 0320309004, 0310307004, 0303851004, 0310306004, 0303865004, 0342709004, 0303866004, 0303867004, 0302309004, 0300064004, 0320308004, 0301840004, 0303850004, 0320305004, 0346260004, 0346420004, 0355088004, 0340038004, 0201389004, 0303849004, 0310949004, 0210950004, 0301838004, 0301839004, 0245040004, 0303718004, 0202970004, 0354089004, 0354093004, 0220315004, 0346072004, 0345823004, 0200043004 | Q28: 66 | S28: DJ AL01010004 | Y28: DJ AL01010004 | Z28: -7.200182 | AA28: -48.238504 | AB28: abrir | AC28: |DJ AL01010004|
A29: 28 | B29: TR-028 | C29: Suporte Chave 8836357004 | D29: N37 | E29: 537824 | F29: 3.4278801 | G29: 739.58504 | H29: 739.58504 | I29: T1 | J29: Tronco | K29: Tronco | L29: 1 | M29: DJ AL01010004 | N29: Disjuntor (DJ) | O29: 7900106004 | P29: 7900106004, 7927795004, 0300031004, 0345006004, 0352810004, 0300724004, 0342284004, 0200038004, 0328286004, 0314965004, 0344627004, 0334747004, 0347400004, 0358161004, 0342738004, 0203728004, 0328468004, 0329025004, 0203016004, 0300049004, 0203015004, 0300052004, 0200050004, 0200028004, 0300024004, 0349562004, 0349564004, 0355236004, 0200023004, 0204420004, 0302387004, 3302865004, 3300065004, 0320309004, 0310307004, 0303851004, 0310306004, 0303865004, 0342709004, 0303866004, 0303867004, 0302309004, 0300064004, 0320308004, 0301840004, 0303850004, 0320305004, 0346260004, 0346420004, 0355088004, 0340038004, 0201389004, 0303849004, 0310949004, 0210950004, 0301838004, 0301839004, 0245040004, 0303718004, 0202970004, 0354089004, 0354093004, 0220315004, 0346072004, 0345823004, 0200043004 | Q29: 66 | R29: 8836357004 | S29: DJ AL01010004 | Y29: DJ AL01010004 | Z29: -7.20038 | AA29: -48.238599 | AB29: abrir | AC29: |DJ AL01010004|
A30: 29 | B30: TR-029 | C30: 3154316 | D30: 537824 | E30: 538290 | F30: 136.45502 | G30: 876.04007 | H30: 876.04007 | I30: T1 | J30: Tronco | K30: Tronco | L30: 1 | M30: DJ AL01010004 | N30: Disjuntor (DJ) | O30: 7900106004 | P30: 7900106004, 7927795004, 0300031004, 0345006004, 0352810004, 0300724004, 0342284004, 0200038004, 0328286004, 0314965004, 0344627004, 0334747004, 0347400004, 0358161004, 0342738004, 0203728004, 0328468004, 0329025004, 0203016004, 0300049004, 0203015004, 0300052004, 0200050004, 0200028004, 0300024004, 0349562004, 0349564004, 0355236004, 0200023004, 0204420004, 0302387004, 3302865004, 3300065004, 0320309004, 0310307004, 0303851004, 0310306004, 0303865004, 0342709004, 0303866004, 0303867004, 0302309004, 0300064004, 0320308004, 0301840004, 0303850004, 0320305004, 0346260004, 0346420004, 0355088004, 0340038004, 0201389004, 0303849004, 0310949004, 0210950004, 0301838004, 0301839004, 0245040004, 0303718004, 0202970004, 0354089004, 0354093004, 0220315004, 0346072004, 0345823004, 0200043004 | Q30: 66 | S30: DJ AL01010004 | Y30: DJ AL01010004 | Z30: -7.2009505 | AA30: -48.238866 | AB30: abrir | AC30: |DJ AL01010004|
A31: 30 | B31: TR-030 | C31: 3154318 | D31: 538290 | E31: N52 | F31: 138.40206 | G31: 1014.4421 | H31: 1014.4421 | I31: T1 | J31: Tronco | K31: Tronco | L31: 1 | M31: DJ AL01010004 | N31: Disjuntor (DJ) | O31: 7900106004 | P31: 7900106004, 7927795004, 0300031004, 0345006004, 0352810004, 0300724004, 0342284004, 0200038004, 0328286004, 0314965004, 0344627004, 0334747004, 0347400004, 0358161004, 0342738004, 0203728004, 0328468004, 0329025004, 0203016004, 0300049004, 0203015004, 0300052004, 0200050004, 0200028004, 0300024004, 0349562004, 0349564004, 0355236004, 0200023004, 0204420004, 0302387004, 3302865004, 3300065004, 0320309004, 0310307004, 0303851004, 0310306004, 0303865004, 0342709004, 0303866004, 0303867004, 0302309004, 0300064004, 0320308004, 0301840004, 0303850004, 0320305004, 0346260004, 0346420004, 0355088004, 0340038004, 0201389004, 0303849004, 0310949004, 0210950004, 0301838004, 0301839004, 0245040004, 0303718004, 0202970004, 0354089004, 0354093004, 0220315004, 0346072004, 0345823004, 0200043004 | Q31: 66 | S31: DJ AL01010004 | Y31: DJ AL01010004 | Z31: -7.202072 | AA31: -48.239389 | AB31: abrir | AC31: |DJ AL01010004|
A32: 31 | B32: TR-031 | C32: 12077422 | D32: N52 | E32: 539877 | F32: 3.7237237 | G32: 1018.1658 | H32: 1018.1658 | I32: T1 | J32: Tronco | K32: Tronco | L32: 1 | M32: DJ AL01010004 | N32: Disjuntor (DJ) | O32: 7900106004 | P32: 7900106004, 7927795004, 0300031004, 0345006004, 0352810004, 0300724004, 0342284004, 0200038004, 0328286004, 0314965004, 0344627004, 0334747004, 0347400004, 0358161004, 0342738004, 0203728004, 0328468004, 0329025004, 0203016004, 0300049004, 0203015004, 0300052004, 0200050004, 0200028004, 0300024004, 0349562004, 0349564004, 0355236004, 0200023004, 0204420004, 0302387004, 3302865004, 3300065004, 0320309004, 0310307004, 0303851004, 0310306004, 0303865004, 0342709004, 0303866004, 0303867004, 0302309004, 0300064004, 0320308004, 0301840004, 0303850004, 0320305004, 0346260004, 0346420004, 0355088004, 0340038004, 0201389004, 0303849004, 0310949004, 0210950004, 0301838004, 0301839004, 0245040004, 0303718004, 0202970004, 0354089004, 0354093004, 0220315004, 0346072004, 0345823004, 0200043004 | Q32: 66 | S32: DJ AL01010004 | Y32: DJ AL01010004 | Z32: -7.202652 | AA32: -48.23966 | AB32: abrir | AC32: |DJ AL01010004|
A33: 32 | B33: TR-032 | C33: 3223270 | D33: 539877 | E33: 23466725 | F33: 118.02834 | G33: 1136.1942 | H33: 1136.1942 | I33: T1 | J33: Tronco | K33: Tronco | L33: 1 | M33: DJ AL01010004 | N33: Disjuntor (DJ) | O33: 7900106004 | P33: 7900106004, 7927795004, 0300031004, 0345006004, 0352810004, 0300724004, 0342284004, 0200038004, 0328286004, 0314965004, 0344627004, 0334747004, 0347400004, 0358161004, 0342738004, 0203728004, 0328468004, 0329025004, 0203016004, 0300049004, 0203015004, 0300052004, 0200050004, 0200028004, 0300024004, 0349562004, 0349564004, 0355236004, 0200023004, 0204420004, 0302387004, 3302865004, 3300065004, 0320309004, 0310307004, 0303851004, 0310306004, 0303865004, 0342709004, 0303866004, 0303867004, 0302309004, 0300064004, 0320308004, 0301840004, 0303850004, 0320305004, 0346260004, 0346420004, 0355088004, 0340038004, 0201389004, 0303849004, 0310949004, 0210950004, 0301838004, 0301839004, 0245040004, 0303718004, 0202970004, 0354089004, 0354093004, 0220315004, 0346072004, 0345823004, 0200043004 | Q33: 66 | S33: DJ AL01010004 | Y33: DJ AL01010004 | Z33: -7.2031485 | AA33: -48.239892 | AB33: abrir | AC33: |DJ AL01010004|
A34: 33 | B34: TR-033 | C34: 3504220 | D34: 23466725 | E34: 538761 | F34: 99.4 | G34: 1235.5942 | H34: 1235.5942 | I34: T1 | J34: Tronco | K34: Tronco | L34: 1 | M34: DJ AL01010004 | N34: Disjuntor (DJ) | O34: 7900106004 | P34: 7900106004, 7927795004, 0300031004, 0345006004, 0352810004, 0300724004, 0342284004, 0200038004, 0328286004, 0314965004, 0344627004, 0334747004, 0347400004, 0358161004, 0342738004, 0203728004, 0328468004, 0329025004, 0203016004, 0300049004, 0203015004, 0300052004, 0200050004, 0200028004, 0300024004, 0349562004, 0349564004, 0355236004, 0200023004, 0204420004, 0302387004, 3302865004, 3300065004, 0320309004, 0310307004, 0303851004, 0310306004, 0303865004, 0342709004, 0303866004, 0303867004, 0302309004, 0300064004, 0320308004, 0301840004, 0303850004, 0320305004, 0346260004, 0346420004, 0355088004, 0340038004, 0201389004, 0303849004, 0310949004, 0210950004, 0301838004, 0301839004, 0245040004, 0303718004, 0202970004, 0354089004, 0354093004, 0220315004, 0346072004, 0345823004, 0200043004 | Q34: 66 | S34: DJ AL01010004 | Y34: DJ AL01010004 | Z34: -7.2040355 | AA34: -48.240307 | AB34: abrir | AC34: |DJ AL01010004|
A35: 34 | B35: TR-034 | C35: 3504218 | D35: 538761 | E35: N86 | F35: 294.72556 | G35: 1530.3197 | H35: 1530.3197 | I35: T1 | J35: Tronco | K35: Tronco | L35: 1 | M35: DJ AL01010004 | N35: Disjuntor (DJ) | O35: 7900106004 | P35: 7900106004, 7927795004, 0300031004, 0345006004, 0352810004, 0300724004, 0342284004, 0200038004, 0328286004, 0314965004, 0344627004, 0334747004, 0347400004, 0358161004, 0342738004, 0203728004, 0328468004, 0329025004, 0203016004, 0300049004, 0203015004, 0300052004, 0200050004, 0200028004, 0300024004, 0349562004, 0349564004, 0355236004, 0200023004, 0204420004, 0302387004, 3302865004, 3300065004, 0320309004, 0310307004, 0303851004, 0310306004, 0303865004, 0342709004, 0303866004, 0303867004, 0302309004, 0300064004, 0320308004, 0301840004, 0303850004, 0320305004, 0346260004, 0346420004, 0355088004, 0340038004, 0201389004, 0303849004, 0310949004, 0210950004, 0301838004, 0301839004, 0245040004, 0303718004, 0202970004, 0354089004, 0354093004, 0220315004, 0346072004, 0345823004, 0200043004 | Q35: 66 | S35: DJ AL01010004 | Y35: DJ AL01010004 | Z35: -7.2056435 | AA35: -48.241057 | AB35: abrir | AC35: |DJ AL01010004|
A36: 35 | B36: TR-035 | C36: 2921822 | D36: N86 | E36: 538767 | F36: 27.808344 | G36: 1558.1281 | H36: 1558.1281 | I36: T1 | J36: Tronco | K36: Tronco | L36: 1 | M36: DJ AL01010004 | N36: Disjuntor (DJ) | O36: 7900106004 | P36: 7900106004, 7927795004, 0300031004, 0345006004, 0352810004, 0300724004, 0342284004, 0200038004, 0328286004, 0314965004, 0344627004, 0334747004, 0347400004, 0358161004, 0342738004, 0203728004, 0328468004, 0329025004, 0203016004, 0300049004, 0203015004, 0300052004, 0200050004, 0200028004, 0300024004, 0349562004, 0349564004, 0355236004, 0200023004, 0204420004 | Q36: 30 | S36: DJ AL01010004 | Y36: DJ AL01010004 | Z36: -7.2068925 | AA36: -48.241502 | AB36: abrir | AC36: |DJ AL01010004|
A37: 36 | B37: TR-036 | C37: Suporte Chave 8823701004 | D37: 538767 | E37: N90 | F37: 5.1156951 | G37: 1563.2438 | H37: 1563.2438 | I37: T1 | J37: Tronco | K37: Tronco | L37: 1 | M37: DJ AL01010004 | N37: Disjuntor (DJ) | O37: 7900106004 | P37: 7900106004, 7927795004, 0300031004, 0345006004, 0352810004, 0300724004, 0342284004, 0200038004, 0328286004, 0314965004, 0344627004, 0334747004, 0347400004, 0358161004, 0342738004, 0203728004, 0328468004, 0329025004, 0203016004, 0300049004, 0203015004, 0300052004, 0200050004, 0200028004, 0300024004, 0349562004, 0349564004, 0355236004, 0200023004, 0204420004 | Q37: 30 | R37: 8823701004 | S37: DJ AL01010004 | Y37: DJ AL01010004 | Z37: -7.2069535 | AA37: -48.241367 | AB37: abrir | AC37: |DJ AL01010004|
A38: 37 | B38: TR-037 | C38: 2532343 | D38: N90 | E38: N95 | F38: 45.628998 | G38: 1608.8728 | H38: 1608.8728 | I38: T1 | J38: Tronco | K38: Tronco | L38: 1 | M38: DJ AL01010004 | N38: Disjuntor (DJ) | O38: 7900106004 | P38: 7900106004, 7927795004, 0300031004, 0345006004, 0352810004, 0300724004, 0342284004, 0200038004, 0328286004, 0314965004, 0344627004, 0334747004, 0347400004, 0358161004, 0342738004, 0203728004, 0328468004, 0329025004, 0203016004, 0300049004, 0203015004, 0300052004, 0200050004, 0200028004, 0300024004, 0349562004, 0349564004, 0355236004, 0200023004, 0204420004 | Q38: 30 | S38: DJ AL01010004 | Y38: DJ AL01010004 | Z38: -7.207098 | AA38: -48.241189 | AB38: abrir | AC38: |DJ AL01010004|
A39: 38 | B39: TR-038 | C39: 3026227 | D39: N95 | E39: N96 | F39: 3.3272004 | G39: 1612.2 | H39: 1612.2 | I39: T1 | J39: Tronco | K39: Tronco | L39: 1 | M39: DJ AL01010004 | N39: Disjuntor (DJ) | O39: 7900106004 | P39: 7900106004, 7927795004, 0300031004, 0345006004, 0352810004, 0300724004, 0342284004, 0200038004, 0328286004, 0314965004, 0344627004, 0334747004, 0347400004, 0358161004, 0342738004, 0203728004, 0328468004, 0329025004, 0203016004, 0300049004, 0203015004, 0300052004, 0200050004, 0200028004, 0300024004, 0349562004, 0349564004, 0355236004, 0200023004, 0204420004 | Q39: 30 | S39: DJ AL01010004 | Y39: DJ AL01010004 | Z39: -7.2072415 | AA39: -48.241036 | AB39: abrir | AC39: |DJ AL01010004|
A40: 39 | B40: TR-039 | C40: 12085055 | D40: N96 | E40: 93797 | F40: 3.9812054 | G40: 1616.1812 | H40: 1616.1812 | I40: T1 | J40: Tronco | K40: Tronco | L40: 1 | M40: DJ AL01010004 | N40: Disjuntor (DJ) | O40: 7900106004 | P40: 7900106004, 7927795004, 0300031004, 0345006004, 0352810004, 0300724004, 0342284004, 0200038004, 0328286004, 0314965004, 0344627004, 0334747004, 0347400004, 0358161004, 0342738004, 0203728004, 0328468004, 0329025004, 0203016004, 0300049004, 0203015004, 0300052004, 0200050004, 0200028004, 0300024004, 0349562004, 0349564004, 0355236004, 0200023004, 0204420004 | Q40: 30 | S40: DJ AL01010004 | Y40: DJ AL01010004 | Z40: -7.2072715 | AA40: -48.241049 | AB40: abrir | AC40: |DJ AL01010004|
A41: 40 | B41: TR-040 | C41: 2653548 | D41: 93797 | E41: N106 | F41: 69.219539 | G41: 1685.4007 | H41: 1685.4007 | I41: T1 | J41: Tronco | K41: Tronco | L41: 1 | M41: DJ AL01010004 | N41: Disjuntor (DJ) | O41: 7900106004 | P41: 7900106004, 7927795004, 0300031004, 0345006004, 0352810004, 0300724004, 0342284004, 0200038004, 0328286004, 0314965004, 0344627004, 0334747004, 0347400004, 0358161004, 0342738004, 0203728004, 0328468004, 0329025004, 0203016004, 0300049004, 0203015004, 0300052004, 0200050004, 0200028004, 0300024004, 0349562004, 0349564004, 0355236004, 0200023004, 0204420004 | Q41: 30 | S41: DJ AL01010004 | Y41: DJ AL01010004 | Z41: -7.2075715 | AA41: -48.241186 | AB41: abrir | AC41: |DJ AL01010004|
A42: 41 | B42: TR-041 | C42: Suporte Chave 9000106004 | D42: N106 | E42: N208 | F42: 0.22238985 | G42: 1685.6231 | H42: 1685.6231 | I42: T1 | J42: Tronco | K42: Tronco | L42: 1 | M42: DJ AL01010004 | N42: Disjuntor (DJ) | O42: 7900106004 | P42: 7900106004, 7927795004, 0300031004, 0345006004, 0352810004, 0300724004, 0342284004, 0200038004, 0328286004, 0314965004, 0344627004, 0334747004, 0347400004, 0358161004, 0342738004, 0203728004, 0328468004, 0329025004, 0203016004, 0300049004, 0203015004, 0300052004, 0200050004, 0200028004, 0300024004, 0349562004, 0349564004, 0355236004, 0200023004, 0204420004 | Q42: 30 | S42: DJ AL01010004 | Y42: DJ AL01010004 | Z42: -7.207856 | AA42: -48.241315 | AB42: abrir | AC42: |DJ AL01010004|
A43: 42 | B43: TR-042 | C43: 3660575 | D43: N208 | E43: N209 | F43: 2.8146775 | G43: 1688.4378 | H43: 1688.4378 | I43: T1 | J43: Tronco | K43: Tronco | L43: 1 | M43: DJ AL01010004 | N43: Disjuntor (DJ) | O43: 7900106004 | P43: 7900106004, 7927795004, 0300031004, 0345006004, 0352810004, 0300724004, 0342284004, 0200038004, 0328286004, 0314965004, 0344627004, 0334747004, 0347400004, 0358161004, 0342738004, 0203728004, 0328468004, 0329025004, 0203016004, 0300049004, 0203015004, 0300052004, 0200050004, 0200028004, 0300024004, 0349562004, 0349564004, 0355236004, 0200023004, 0204420004 | Q43: 30 | S43: DJ AL01010004 | Y43: DJ AL01010004 | Z43: -7.2078695 | AA43: -48.241313 | AB43: abrir | AC43: |DJ AL01010004|
A44: 43 | B44: TR-043 | C44: Suporte Chave 7900106004 | D44: N209 | E44: 1347277 | F44: 0.24824768 | G44: 1688.686 | H44: 1688.686 | I44: T1 | J44: Tronco | K44: Tronco | L44: 1 | M44: DJ AL01010004 | N44: Disjuntor (DJ) | O44: 7900106004 | P44: 7900106004, 7927795004, 0300031004, 0345006004, 0352810004, 0300724004, 0342284004, 0200038004, 0328286004, 0314965004, 0344627004, 0334747004, 0347400004, 0358161004, 0342738004, 0203728004, 0328468004, 0329025004, 0203016004, 0300049004, 0203015004, 0300052004, 0200050004, 0200028004, 0300024004, 0349562004, 0349564004, 0355236004, 0200023004, 0204420004 | Q44: 30 | S44: DJ AL01010004 | Y44: DJ AL01010004 | Z44: -7.207883 | AA44: -48.241312 | AB44: abrir | AC44: |DJ AL01010004|
A45: 44 | B45: TR-044 | C45: 3660574 | D45: 1347277 | E45: N211 | F45: 1.7567617 | G45: 1690.4428 | H45: 1.7567617 | I45: T2 | J45: Tronco | K45: Tronco | L45: 2 | M45: 7900106004 | N45: Religador (79) | O45: 7927795004 | P45: 7927795004, 0300031004, 0345006004, 0352810004, 0300724004, 0342284004, 0200038004, 0328286004, 0314965004, 0344627004, 0334747004, 0347400004, 0358161004, 0342738004, 0203728004, 0328468004, 0329025004, 0203016004, 0300049004, 0203015004, 0300052004, 0200050004, 0200028004, 0300024004, 0349562004, 0349564004, 0355236004, 0200023004, 0204420004 | Q45: 29 | S45: DJ AL01010004 | T45: 7900106004 | Y45: DJ AL01010004 › 7900106004 | Z45: -7.2078915 | AA45: -48.241315 | AB45: abrir | AC45: |DJ AL01010004|7900106004|
A46: 45 | B46: TR-045 | C46: Suporte Chave 9000323004 | D46: N211 | E46: N487 | F46: 0.39872825 | G46: 1690.8415 | H46: 2.15549 | I46: T2 | J46: Tronco | K46: Tronco | L46: 2 | M46: 7900106004 | N46: Religador (79) | O46: 7927795004 | P46: 7927795004, 0300031004, 0345006004, 0352810004, 0300724004, 0342284004, 0200038004, 0328286004, 0314965004, 0344627004, 0334747004, 0347400004, 0358161004, 0342738004, 0203728004, 0328468004, 0329025004, 0203016004, 0300049004, 0203015004, 0300052004, 0200050004, 0200028004, 0300024004, 0349562004, 0349564004, 0355236004, 0200023004, 0204420004 | Q46: 29 | S46: DJ AL01010004 | T46: 7900106004 | Y46: DJ AL01010004 › 7900106004 | Z46: -7.2079 | AA46: -48.241318 | AB46: abrir | AC46: |DJ AL01010004|7900106004|
A47: 46 | B47: TR-046 | C47: 3656965 | D47: N487 | E47: N488 | F47: 2.7177562 | G47: 1693.5593 | H47: 4.8732462 | I47: T2 | J47: Tronco | K47: Tronco | L47: 2 | M47: 7900106004 | N47: Religador (79) | O47: 7927795004 | P47: 7927795004, 0300031004, 0345006004, 0352810004, 0300724004, 0342284004, 0200038004, 0328286004, 0314965004, 0344627004, 0334747004, 0347400004, 0358161004, 0342738004, 0203728004, 0328468004, 0329025004, 0203016004, 0300049004, 0203015004, 0300052004, 0200050004, 0200028004, 0300024004, 0349562004, 0349564004, 0355236004, 0200023004, 0204420004 | Q47: 29 | S47: DJ AL01010004 | T47: 7900106004 | Y47: DJ AL01010004 › 7900106004 | Z47: -7.2079065 | AA47: -48.241331 | AB47: abrir | AC47: |DJ AL01010004|7900106004|
A48: 47 | B48: TR-047 | C48: 3594125 | D48: N488 | E48: 37959724 | F48: 110.26531 | G48: 1803.8246 | H48: 115.13856 | I48: T2 | J48: Tronco | K48: Tronco | L48: 2 | M48: 7900106004 | N48: Religador (79) | O48: 7927795004 | P48: 7927795004, 0300031004, 0345006004, 0352810004, 0300724004, 0342284004, 0200038004, 0328286004, 0314965004, 0344627004, 0334747004, 0347400004, 0358161004, 0342738004, 0203728004, 0328468004, 0329025004, 0203016004, 0300049004, 0203015004, 0300052004, 0200050004, 0200028004, 0300024004, 0349562004, 0349564004, 0355236004, 0200023004, 0204420004 | Q48: 29 | S48: DJ AL01010004 | T48: 7900106004 | Y48: DJ AL01010004 › 7900106004 | Z48: -7.208361 | AA48: -48.241554 | AB48: abrir | AC48: |DJ AL01010004|7900106004|
A49: 48 | B49: TR-048 | C49: 12085113 | D49: 37959724 | E49: N491 | F49: 3.6760203 | G49: 1807.5006 | H49: 118.81458 | I49: T2 | J49: Tronco | K49: Tronco | L49: 2 | M49: 7900106004 | N49: Religador (79) | O49: 7927795004 | P49: 7927795004, 0300031004, 0345006004, 0352810004, 0300724004, 0342284004, 0200038004, 0328286004, 0314965004, 0344627004, 0334747004, 0347400004, 0358161004, 0342738004, 0203728004, 0328468004, 0329025004, 0203016004, 0300049004, 0203015004, 0300052004, 0200050004, 0200028004, 0300024004, 0349562004, 0349564004, 0355236004, 0200023004, 0204420004 | Q49: 29 | S49: DJ AL01010004 | T49: 7900106004 | Y49: DJ AL01010004 › 7900106004 | Z49: -7.208825 | AA49: -48.241773 | AB49: abrir | AC49: |DJ AL01010004|7900106004|
A50: 49 | B50: TR-049 | C50: 3601347 | D50: N491 | E50: N492 | F50: 76.564923 | G50: 1884.0655 | H50: 195.3795 | I50: T2 | J50: Tronco | K50: Tronco | L50: 2 | M50: 7900106004 | N50: Religador (79) | O50: 7927795004 | P50: 7927795004, 0300031004, 0345006004, 0352810004, 0300724004, 0342284004, 0200038004, 0328286004, 0314965004, 0344627004, 0334747004, 0347400004, 0358161004, 0342738004, 0203728004, 0328468004, 0329025004, 0203016004, 0300049004, 0203015004, 0300052004, 0200050004, 0200028004, 0300024004, 0349562004, 0349564004, 0355236004, 0200023004, 0204420004 | Q50: 29 | S50: DJ AL01010004 | T50: 7900106004 | Y50: DJ AL01010004 › 7900106004 | Z50: -7.2091495 | AA50: -48.241932 | AB50: abrir | AC50: |DJ AL01010004|7900106004|
A51: 50 | B51: TR-050 | C51: 12085112 | D51: N492 | E51: 37959733 | F51: 3.3432378 | G51: 1887.4088 | H51: 198.72274 | I51: T2 | J51: Tronco | K51: Tronco | L51: 2 | M51: 7900106004 | N51: Religador (79) | O51: 7927795004 | P51: 7927795004, 0300031004, 0345006004, 0352810004, 0300724004, 0342284004, 0200038004, 0328286004, 0314965004, 0344627004, 0334747004, 0347400004, 0358161004, 0342738004, 0203728004, 0328468004, 0329025004, 0203016004, 0300049004, 0203015004, 0300052004, 0200050004, 0200028004, 0300024004, 0349562004, 0349564004, 0355236004, 0200023004, 0204420004 | Q51: 29 | S51: DJ AL01010004 | T51: 7900106004 | Y51: DJ AL01010004 › 7900106004 | Z51: -7.2094735 | AA51: -48.242088 | AB51: abrir | AC51: |DJ AL01010004|7900106004|
A52: 51 | B52: TR-051 | C52: 3601067 | D52: 37959733 | E52: N494 | F52: 33.67386 | G52: 1921.0826 | H52: 232.3966 | I52: T2 | J52: Tronco | K52: Tronco | L52: 2 | M52: 7900106004 | N52: Religador (79) | O52: 7927795004 | P52: 7927795004, 0300031004, 0345006004, 0352810004, 0300724004, 0342284004, 0200038004, 0328286004, 0314965004, 0344627004, 0334747004, 0347400004, 0358161004, 0342738004, 0203728004, 0328468004, 0329025004, 0203016004, 0300049004, 0203015004, 0300052004, 0200050004, 0200028004, 0300024004, 0349562004, 0349564004, 0355236004, 0200023004, 0204420004 | Q52: 29 | S52: DJ AL01010004 | T52: 7900106004 | Y52: DJ AL01010004 › 7900106004 | Z52: -7.209625 | AA52: -48.242157 | AB52: abrir | AC52: |DJ AL01010004|7900106004|
A53: 52 | B53: TR-052 | C53: 37960245 | D53: N494 | E53: 37959738 | F53: 3.4460526 | G53: 1924.5287 | H53: 235.84265 | I53: T2 | J53: Tronco | K53: Tronco | L53: 2 | M53: 7900106004 | N53: Religador (79) | O53: 7927795004 | P53: 7927795004, 0300031004, 0345006004, 0352810004, 0300724004, 0342284004, 0200038004, 0328286004, 0314965004, 0344627004, 0334747004, 0347400004, 0358161004, 0342738004, 0203728004, 0328468004, 0329025004, 0203016004, 0300049004, 0203015004, 0300052004, 0200050004, 0200028004, 0300024004, 0349562004, 0349564004, 0355236004, 0200023004, 0204420004 | Q53: 29 | S53: DJ AL01010004 | T53: 7900106004 | Y53: DJ AL01010004 › 7900106004 | Z53: -7.209775 | AA53: -48.24223 | AB53: abrir | AC53: |DJ AL01010004|7900106004|
A54: 53 | B54: TR-053 | C54: 3601058 | D54: 37959738 | E54: 1187549 | F54: 187.16638 | G54: 2111.6951 | H54: 423.00903 | I54: T2 | J54: Tronco | K54: Tronco | L54: 2 | M54: 7900106004 | N54: Religador (79) | O54: 7927795004 | P54: 7927795004, 0300031004, 0345006004, 0352810004, 0300724004, 0342284004, 0200038004, 0328286004, 0314965004, 0344627004, 0334747004, 0347400004, 0358161004, 0342738004, 0203728004, 0328468004, 0329025004, 0203016004, 0300049004, 0203015004, 0300052004, 0200050004, 0200028004, 0300024004, 0349562004, 0349564004, 0355236004, 0200023004, 0204420004 | Q54: 29 | S54: DJ AL01010004 | T54: 7900106004 | Y54: DJ AL01010004 › 7900106004 | Z54: -7.210551 | AA54: -48.242597 | AB54: abrir | AC54: |DJ AL01010004|7900106004|
A55: 54 | B55: TR-054 | C55: 2958759 | D55: 1187549 | E55: N497 | F55: 24.832786 | G55: 2136.5279 | H55: 447.84182 | I55: T2 | J55: Tronco | K55: Tronco | L55: 2 | M55: 7900106004 | N55: Religador (79) | O55: 7927795004 | P55: 7927795004, 0300031004, 0345006004, 0352810004, 0300724004, 0342284004, 0200038004, 0328286004, 0314965004, 0344627004, 0334747004, 0347400004, 0358161004, 0342738004, 0203728004, 0328468004, 0329025004, 0203016004, 0300049004, 0203015004, 0300052004, 0200050004, 0200028004, 0300024004, 0349562004, 0349564004, 0355236004, 0200023004 | Q55: 28 | S55: DJ AL01010004 | T55: 7900106004 | Y55: DJ AL01010004 › 7900106004 | Z55: -7.211415 | AA55: -48.243003 | AB55: abrir | AC55: |DJ AL01010004|7900106004|
A56: 55 | B56: TR-055 | C56: Suporte Chave 8802390004 | D56: N497 | E56: 37959755 | F56: 0.80902976 | G56: 2137.3369 | H56: 448.65085 | I56: T2 | J56: Tronco | K56: Tronco | L56: 2 | M56: 7900106004 | N56: Religador (79) | O56: 7927795004 | P56: 7927795004, 0300031004, 0345006004, 0352810004, 0300724004, 0342284004, 0200038004, 0328286004, 0314965004, 0344627004, 0334747004, 0347400004, 0358161004, 0342738004, 0203728004, 0328468004, 0329025004, 0203016004, 0300049004, 0203015004, 0300052004, 0200050004, 0200028004, 0300024004, 0349562004, 0349564004, 0355236004, 0200023004 | Q56: 28 | R56: 8802390004 | S56: DJ AL01010004 | T56: 7900106004 | Y56: DJ AL01010004 › 7900106004 | Z56: -7.2115195 | AA56: -48.243052 | AB56: abrir | AC56: |DJ AL01010004|7900106004|
A57: 56 | B57: TR-056 | C57: 56603555 | D57: 37959755 | E57: N499 | F57: 6.111336 | G57: 2143.4482 | H57: 454.76219 | I57: T2 | J57: Tronco | K57: Tronco | L57: 2 | M57: 7900106004 | N57: Religador (79) | O57: 7927795004 | P57: 7927795004, 0300031004, 0345006004, 0352810004, 0300724004, 0342284004, 0200038004, 0328286004, 0314965004, 0344627004, 0334747004, 0347400004, 0358161004, 0342738004, 0203728004, 0328468004, 0329025004, 0203016004, 0300049004, 0203015004, 0300052004, 0200050004, 0200028004, 0300024004, 0349562004, 0349564004, 0355236004, 0200023004 | Q57: 28 | S57: DJ AL01010004 | T57: 7900106004 | Y57: DJ AL01010004 › 7900106004 | Z57: -7.211548 | AA57: -48.243065 | AB57: abrir | AC57: |DJ AL01010004|7900106004|
A58: 57 | B58: TR-057 | C58: Suporte Chave 0349277004 | D58: N499 | E58: N500 | F58: 2.8307643 | G58: 2146.279 | H58: 457.59295 | I58: T2 | J58: Tronco | K58: Tronco | L58: 2 | M58: 7900106004 | N58: Religador (79) | O58: 7927795004 | P58: 7927795004, 0300031004, 0345006004, 0352810004, 0300724004, 0342284004, 0200038004, 0328286004, 0314965004, 0344627004, 0334747004, 0347400004, 0358161004, 0342738004, 0203728004, 0328468004, 0329025004, 0203016004, 0300049004, 0203015004, 0300052004, 0200050004, 0200028004, 0300024004, 0349562004, 0349564004, 0355236004, 0200023004 | Q58: 28 | R58: 0349277004 | S58: DJ AL01010004 | T58: 7900106004 | Y58: DJ AL01010004 › 7900106004 | Z58: -7.2115845 | AA58: -48.243082 | AB58: abrir | AC58: |DJ AL01010004|7900106004|
A59: 58 | B59: TR-058 | C59: 3601078 | D59: N500 | E59: 93670 | F59: 216.08969 | G59: 2362.3687 | H59: 673.68264 | I59: T2 | J59: Tronco | K59: Tronco | L59: 2 | M59: 7900106004 | N59: Religador (79) | O59: 7927795004 | P59: 7927795004, 0300031004, 0345006004, 0352810004, 0300724004, 0342284004, 0200038004, 0328286004, 0314965004, 0344627004, 0334747004, 0347400004, 0358161004, 0342738004, 0203728004, 0328468004, 0329025004, 0203016004, 0300049004, 0203015004, 0300052004, 0200050004, 0200028004, 0300024004, 0349562004, 0349564004, 0355236004, 0200023004 | Q59: 28 | S59: DJ AL01010004 | T59: 7900106004 | Y59: DJ AL01010004 › 7900106004 | Z59: -7.2124745 | AA59: -48.243505 | AB59: abrir | AC59: |DJ AL01010004|7900106004|
A60: 59 | B60: TR-059 | C60: 3554923 | D60: 93670 | E60: N502 | F60: 35.310661 | G60: 2397.6793 | H60: 708.9933 | I60: T2 | J60: Tronco | K60: Tronco | L60: 2 | M60: 7900106004 | N60: Religador (79) | O60: 7927795004 | P60: 7927795004, 0300031004, 0345006004, 0352810004, 0300724004, 0342284004, 0200038004, 0328286004, 0314965004, 0344627004, 0334747004, 0347400004, 0358161004, 0342738004, 0203728004, 0328468004, 0329025004, 0203016004, 0300049004, 0203015004, 0300052004, 0200050004, 0200028004, 0300024004, 0349562004, 0349564004, 0355236004 | Q60: 27 | S60: DJ AL01010004 | T60: 7900106004 | Y60: DJ AL01010004 › 7900106004 | Z60: -7.2134965 | AA60: -48.243992 | AB60: abrir | AC60: |DJ AL01010004|7900106004|
A61: 60 | B61: TR-060 | C61: 12078764 | D61: N502 | E61: 1347279 | F61: 3.7334601 | G61: 2401.4128 | H61: 712.72676 | I61: T2 | J61: Tronco | K61: Tronco | L61: 2 | M61: 7900106004 | N61: Religador (79) | O61: 7927795004 | P61: 7927795004, 0300031004, 0345006004, 0352810004, 0300724004, 0342284004, 0200038004, 0328286004, 0314965004, 0344627004, 0334747004, 0347400004, 0358161004, 0342738004, 0203728004, 0328468004, 0329025004, 0203016004, 0300049004, 0203015004, 0300052004, 0200050004, 0200028004, 0300024004, 0349562004, 0349564004, 0355236004 | Q61: 27 | S61: DJ AL01010004 | T61: 7900106004 | Y61: DJ AL01010004 › 7900106004 | Z61: -7.2136555 | AA61: -48.244067 | AB61: abrir | AC61: |DJ AL01010004|7900106004|
A62: 61 | B62: TR-061 | C62: 3595978 | D62: 1347279 | E62: 551695 | F62: 54.619724 | G62: 2456.0325 | H62: 767.34648 | I62: T2 | J62: Tronco | K62: Tronco | L62: 2 | M62: 7900106004 | N62: Religador (79) | O62: 7927795004 | P62: 7927795004, 0300031004, 0345006004, 0352810004, 0300724004, 0342284004, 0200038004, 0328286004, 0314965004, 0344627004, 0334747004, 0347400004, 0358161004, 0342738004, 0203728004, 0328468004, 0329025004, 0203016004, 0300049004, 0203015004, 0300052004, 0200050004, 0200028004, 0300024004, 0349562004, 0349564004, 0355236004 | Q62: 27 | S62: DJ AL01010004 | T62: 7900106004 | Y62: DJ AL01010004 › 7900106004 | Z62: -7.213892 | AA62: -48.244182 | AB62: abrir | AC62: |DJ AL01010004|7900106004|
A63: 62 | B63: TR-062 | C63: 3595979 | D63: 551695 | E63: 29512739 | F63: 101.53203 | G63: 2557.5646 | H63: 868.87851 | I63: T2 | J63: Tronco | K63: Tronco | L63: 2 | M63: 7900106004 | N63: Religador (79) | O63: 7927795004 | P63: 7927795004, 0300031004, 0345006004, 0352810004, 0300724004, 0342284004, 0200038004, 0328286004, 0314965004, 0344627004, 0334747004, 0347400004, 0358161004, 0342738004, 0203728004, 0328468004, 0329025004, 0203016004, 0300049004, 0203015004, 0300052004, 0200050004, 0200028004, 0300024004, 0349562004, 0349564004, 0355236004 | Q63: 27 | S63: DJ AL01010004 | T63: 7900106004 | Y63: DJ AL01010004 › 7900106004 | Z63: -7.214514 | AA63: -48.24451 | AB63: abrir | AC63: |DJ AL01010004|7900106004|
A64: 63 | B64: TR-063 | C64: 3601350 | D64: 29512739 | E64: 551694 | F64: 32.781685 | G64: 2590.3462 | H64: 901.6602 | I64: T2 | J64: Tronco | K64: Tronco | L64: 2 | M64: 7900106004 | N64: Religador (79) | O64: 7927795004 | P64: 7927795004, 0300031004, 0345006004, 0352810004, 0300724004, 0342284004, 0200038004, 0328286004, 0314965004, 0344627004, 0334747004, 0347400004, 0358161004, 0342738004, 0203728004, 0328468004, 0329025004, 0203016004, 0300049004, 0203015004, 0300052004, 0200050004, 0200028004, 0300024004, 0349562004, 0349564004 | Q64: 26 | S64: DJ AL01010004 | T64: 7900106004 | Y64: DJ AL01010004 › 7900106004 | Z64: -7.2150485 | AA64: -48.244793 | AB64: abrir | AC64: |DJ AL01010004|7900106004|
A65: 64 | B65: TR-064 | C65: 12072840 | D65: 551694 | E65: N510 | F65: 1.7944537 | G65: 2592.1407 | H65: 903.45465 | I65: T2 | J65: Tronco | K65: Tronco | L65: 2 | M65: 7900106004 | N65: Religador (79) | O65: 7927795004 | P65: 7927795004, 0300031004, 0345006004, 0352810004, 0300724004, 0342284004, 0200038004, 0328286004, 0314965004, 0344627004, 0334747004, 0347400004, 0358161004, 0342738004, 0203728004, 0328468004, 0329025004, 0203016004, 0300049004, 0203015004, 0300052004, 0200050004, 0200028004, 0300024004 | Q65: 24 | S65: DJ AL01010004 | T65: 7900106004 | Y65: DJ AL01010004 › 7900106004 | Z65: -7.2151895 | AA65: -48.244859 | AB65: abrir | AC65: |DJ AL01010004|7900106004|
A66: 65 | B66: TR-065 | C66: 3601070 | D66: N510 | E66: 1347265 | F66: 240.94925 | G66: 2833.0899 | H66: 1144.4039 | I66: T2 | J66: Tronco | K66: Tronco | L66: 2 | M66: 7900106004 | N66: Religador (79) | O66: 7927795004 | P66: 7927795004, 0300031004, 0345006004, 0352810004, 0300724004, 0342284004, 0200038004, 0328286004, 0314965004, 0344627004, 0334747004, 0347400004, 0358161004, 0342738004, 0203728004, 0328468004, 0329025004, 0203016004, 0300049004, 0203015004, 0300052004, 0200050004, 0200028004, 0300024004 | Q66: 24 | S66: DJ AL01010004 | T66: 7900106004 | Y66: DJ AL01010004 › 7900106004 | Z66: -7.2161785 | AA66: -48.245325 | AB66: abrir | AC66: |DJ AL01010004|7900106004|
A67: 66 | B67: TR-066 | C67: 3601061 | D67: 1347265 | E67: N525 | F67: 93.461883 | G67: 2926.5518 | H67: 1237.8658 | I67: T2 | J67: Tronco | K67: Tronco | L67: 2 | M67: 7900106004 | N67: Religador (79) | O67: 7927795004 | P67: 7927795004, 0300031004, 0345006004, 0352810004, 0300724004, 0342284004, 0200038004, 0328286004, 0314965004, 0344627004, 0334747004, 0347400004, 0358161004, 0342738004, 0203728004, 0328468004, 0329025004, 0203016004, 0300049004, 0203015004, 0300052004, 0200050004, 0200028004 | Q67: 23 | S67: DJ AL01010004 | T67: 7900106004 | Y67: DJ AL01010004 › 7900106004 | Z67: -7.2175445 | AA67: -48.245958 | AB67: abrir | AC67: |DJ AL01010004|7900106004|
A68: 67 | B68: TR-067 | C68: Suporte Chave 8827796004 | D68: N525 | E68: 1347276 | F68: 4.0252688 | G68: 2930.5771 | H68: 1241.8911 | I68: T2 | J68: Tronco | K68: Tronco | L68: 2 | M68: 7900106004 | N68: Religador (79) | O68: 7927795004 | P68: 7927795004, 0300031004, 0345006004, 0352810004, 0300724004, 0342284004, 0200038004, 0328286004, 0314965004, 0344627004, 0334747004, 0347400004, 0358161004, 0342738004, 0203728004, 0328468004, 0329025004, 0203016004, 0300049004, 0203015004, 0300052004, 0200050004, 0200028004 | Q68: 23 | R68: 8827796004 | S68: DJ AL01010004 | T68: 7900106004 | Y68: DJ AL01010004 › 7900106004 | Z68: -7.2179125 | AA68: -48.246122 | AB68: abrir | AC68: |DJ AL01010004|7900106004|
A69: 68 | B69: TR-068 | C69: 3554922 | D69: 1347276 | E69: 202331 | F69: 40.041021 | G69: 2970.6181 | H69: 1281.9321 | I69: T2 | J69: Tronco | K69: Tronco | L69: 2 | M69: 7900106004 | N69: Religador (79) | O69: 7927795004 | P69: 7927795004, 0300031004, 0345006004, 0352810004, 0300724004, 0342284004, 0200038004, 0328286004, 0314965004, 0344627004, 0334747004, 0347400004, 0358161004, 0342738004, 0203728004, 0328468004, 0329025004, 0203016004, 0300049004, 0203015004, 0300052004, 0200050004, 0200028004 | Q69: 23 | S69: DJ AL01010004 | T69: 7900106004 | Y69: DJ AL01010004 › 7900106004 | Z69: -7.2180685 | AA69: -48.246166 | AB69: abrir | AC69: |DJ AL01010004|7900106004|
A70: 69 | B70: TR-069 | C70: 3601076 | D70: 202331 | E70: 1280552 | F70: 92.156839 | G70: 3062.775 | H70: 1374.0889 | I70: T2 | J70: Tronco | K70: Tronco | L70: 2 | M70: 7900106004 | N70: Religador (79) | O70: 7927795004 | P70: 7927795004, 0300031004, 0345006004, 0352810004, 0300724004, 0342284004, 0200038004, 0328286004, 0314965004, 0344627004, 0334747004, 0347400004, 0358161004, 0342738004, 0203728004, 0328468004, 0329025004, 0203016004, 0300049004, 0203015004, 0300052004, 0200050004 | Q70: 22 | S70: DJ AL01010004 | T70: 7900106004 | Y70: DJ AL01010004 › 7900106004 | Z70: -7.2186175 | AA70: -48.246392 | AB70: abrir | AC70: |DJ AL01010004|7900106004|
A71: 70 | B71: TR-070 | C71: Suporte Chave 8800029004 | D71: 1280552 | E71: N537 | F71: 2.2757875 | G71: 3065.0507 | H71: 1376.3647 | I71: T2 | J71: Tronco | K71: Tronco | L71: 2 | M71: 7900106004 | N71: Religador (79) | O71: 7927795004 | P71: 7927795004, 0300031004, 0345006004, 0352810004, 0300724004, 0342284004, 0200038004, 0328286004, 0314965004, 0344627004, 0334747004, 0347400004, 0358161004, 0342738004, 0203728004, 0328468004, 0329025004, 0203016004, 0300049004, 0203015004 | Q71: 20 | R71: 8800029004 | S71: DJ AL01010004 | T71: 7900106004 | Y71: DJ AL01010004 › 7900106004 | Z71: -7.218999 | AA71: -48.246558 | AB71: abrir | AC71: |DJ AL01010004|7900106004|
A72: 71 | B72: TR-071 | C72: 3554924 | D72: N537 | E72: N538 | F72: 19.568345 | G72: 3084.6191 | H72: 1395.933 | I72: T2 | J72: Tronco | K72: Tronco | L72: 2 | M72: 7900106004 | N72: Religador (79) | O72: 7927795004 | P72: 7927795004, 0300031004, 0345006004, 0352810004, 0300724004, 0342284004, 0200038004, 0328286004, 0314965004, 0344627004, 0334747004, 0347400004, 0358161004, 0342738004, 0203728004, 0328468004, 0329025004, 0203016004, 0300049004, 0203015004 | Q72: 20 | S72: DJ AL01010004 | T72: 7900106004 | Y72: DJ AL01010004 › 7900106004 | Z72: -7.219044 | AA72: -48.24647 | AB72: abrir | AC72: |DJ AL01010004|7900106004|
A73: 72 | B73: TR-072 | C73: Suporte Chave 7927795004 | D73: N538 | E73: 1272609 | F73: 1.3847642 | G73: 3086.0039 | H73: 1397.3178 | I73: T2 | J73: Tronco | K73: Tronco | L73: 2 | M73: 7900106004 | N73: Religador (79) | O73: 7927795004 | P73: 7927795004, 0300031004, 0345006004, 0352810004, 0300724004, 0342284004, 0200038004, 0328286004, 0314965004, 0344627004, 0334747004, 0347400004, 0358161004, 0342738004, 0203728004, 0328468004, 0329025004, 0203016004, 0300049004, 0203015004 | Q73: 20 | S73: DJ AL01010004 | T73: 7900106004 | Y73: DJ AL01010004 › 7900106004 | Z73: -7.219087 | AA73: -48.246386 | AB73: abrir | AC73: |DJ AL01010004|7900106004|
A74: 73 | B74: TR-073 | C74: 3564563 | D74: 1272609 | E74: 586069 | F74: 13.588513 | G74: 3099.5924 | H74: 13.588513 | I74: T2 | J74: Tronco | K74: Tronco | L74: 3 | M74: 7927795004 | N74: Religador (79) | O74: 0300031004 / 0300724004 / 0328286004 / 0314965004 / 0344627004 / 0334747004 / 0203728004 / 0328468004 / 0329025004 / 0203016004 / 0300049004 / 0203015004 | P74: 0300031004, 0345006004, 0352810004, 0300724004, 0342284004, 0200038004, 0328286004, 0314965004, 0344627004, 0334747004, 0347400004, 0358161004, 0342738004, 0203728004, 0328468004, 0329025004, 0203016004, 0300049004, 0203015004 | Q74: 19 | S74: DJ AL01010004 | T74: 7900106004 | U74: 7927795004 | Y74: DJ AL01010004 › 7900106004 › 7927795004 | Z74: -7.2191175 | AA74: -48.246325 | AB74: abrir | AC74: |DJ AL01010004|7900106004|7927795004|
A75: 74 | B75: TR-074 | C75: 2682403 | D75: 586069 | E75: N546 | F75: 195.03613 | G75: 3294.6285 | H75: 208.62464 | I75: T2 | J75: Tronco | K75: Tronco | L75: 3 | M75: 7927795004 | N75: Religador (79) | O75: 0300031004 / 0300724004 / 0328286004 / 0314965004 / 0344627004 / 0334747004 / 0203728004 / 0328468004 / 0329025004 / 0203016004 / 0300049004 / 0203015004 | P75: 0300031004, 0345006004, 0352810004, 0300724004, 0342284004, 0200038004, 0328286004, 0314965004, 0344627004, 0334747004, 0347400004, 0358161004, 0342738004, 0203728004, 0328468004, 0329025004, 0203016004, 0300049004, 0203015004 | Q75: 19 | S75: DJ AL01010004 | T75: 7900106004 | U75: 7927795004 | Y75: DJ AL01010004 › 7900106004 › 7927795004 | Z75: -7.2195085 | AA75: -48.245466 | AB75: abrir | AC75: |DJ AL01010004|7900106004|7927795004|
A76: 75 | B76: TR-075 | C76: 2682404 | D76: N546 | E76: N552 | F76: 42.662542 | G76: 3337.291 | H76: 251.28719 | I76: T2 | J76: Tronco | K76: Tronco | L76: 3 | M76: 7927795004 | N76: Religador (79) | O76: 0300031004 / 0300724004 / 0328286004 / 0314965004 / 0344627004 / 0334747004 / 0203728004 / 0328468004 / 0329025004 / 0203016004 / 0300049004 / 0203015004 | P76: 0300031004, 0345006004, 0352810004, 0300724004, 0342284004, 0200038004, 0328286004, 0314965004, 0344627004, 0334747004, 0347400004, 0358161004, 0342738004, 0203728004, 0328468004, 0329025004 | Q76: 16 | S76: DJ AL01010004 | T76: 7900106004 | U76: 7927795004 | Y76: DJ AL01010004 › 7900106004 › 7927795004 | Z76: -7.2199625 | AA76: -48.24449 | AB76: abrir | AC76: |DJ AL01010004|7900106004|7927795004|
A77: 76 | B77: TR-076 | C77: 12077414 | D77: N552 | E77: 586299 | F77: 3.7009684 | G77: 3340.992 | H77: 254.98815 | I77: T2 | J77: Tronco | K77: Tronco | L77: 3 | M77: 7927795004 | N77: Religador (79) | O77: 0300031004 / 0300724004 / 0328286004 / 0314965004 / 0344627004 / 0334747004 / 0203728004 / 0328468004 / 0329025004 / 0203016004 / 0300049004 / 0203015004 | P77: 0300031004, 0345006004, 0352810004, 0300724004, 0342284004, 0200038004, 0328286004, 0314965004, 0344627004, 0334747004, 0347400004, 0358161004, 0342738004, 0203728004, 0328468004, 0329025004 | Q77: 16 | S77: DJ AL01010004 | T77: 7900106004 | U77: 7927795004 | Y77: DJ AL01010004 › 7900106004 › 7927795004 | Z77: -7.220056 | AA77: -48.244304 | AB77: abrir | AC77: |DJ AL01010004|7900106004|7927795004|
A78: 77 | B78: TR-077 | C78: 2649355 | D78: 586299 | E78: 586301 | F78: 76.586732 | G78: 3417.5787 | H78: 331.57489 | I78: T2 | J78: Tronco | K78: Tronco | L78: 3 | M78: 7927795004 | N78: Religador (79) | O78: 0300031004 / 0300724004 / 0328286004 / 0314965004 / 0344627004 / 0334747004 / 0203728004 / 0328468004 / 0329025004 / 0203016004 / 0300049004 / 0203015004 | P78: 0300031004, 0345006004, 0352810004, 0300724004, 0342284004, 0200038004, 0328286004, 0314965004, 0344627004, 0334747004, 0347400004, 0358161004, 0342738004, 0203728004, 0328468004, 0329025004 | Q78: 16 | S78: DJ AL01010004 | T78: 7900106004 | U78: 7927795004 | Y78: DJ AL01010004 › 7900106004 › 7927795004 | Z78: -7.219992 | AA78: -48.243946 | AB78: abrir | AC78: |DJ AL01010004|7900106004|7927795004|
A79: 78 | B79: TR-078 | C79: 2654014 | D79: 586301 | E79: 93666 | F79: 75.096077 | G79: 3492.6748 | H79: 406.67096 | I79: T2 | J79: Tronco | K79: Tronco | L79: 3 | M79: 7927795004 | N79: Religador (79) | O79: 0300031004 / 0300724004 / 0328286004 / 0314965004 / 0344627004 / 0334747004 / 0203728004 / 0328468004 / 0329025004 / 0203016004 / 0300049004 / 0203015004 | P79: 0300031004, 0345006004, 0352810004, 0300724004, 0342284004, 0200038004, 0328286004, 0314965004, 0344627004, 0334747004, 0347400004, 0358161004, 0342738004, 0203728004, 0328468004, 0329025004 | Q79: 16 | S79: DJ AL01010004 | T79: 7900106004 | U79: 7927795004 | Y79: DJ AL01010004 › 7900106004 › 7927795004 | Z79: -7.219833 | AA79: -48.243279 | AB79: abrir | AC79: |DJ AL01010004|7900106004|7927795004|
A80: 79 | B80: TR-079 | C80: 12077310 | D80: 93666 | E80: N561 | F80: 3.7474507 | G80: 3496.4223 | H80: 410.41841 | I80: T2 | J80: Tronco | K80: Tronco | L80: 3 | M80: 7927795004 | N80: Religador (79) | O80: 0300031004 / 0300724004 / 0328286004 / 0314965004 / 0344627004 / 0334747004 / 0203728004 / 0328468004 / 0329025004 / 0203016004 / 0300049004 / 0203015004 | P80: 0300031004, 0345006004, 0352810004, 0300724004, 0342284004, 0200038004, 0328286004, 0314965004, 0344627004, 0334747004, 0347400004, 0358161004, 0342738004, 0203728004, 0328468004, 0329025004 | Q80: 16 | S80: DJ AL01010004 | T80: 7900106004 | U80: 7927795004 | Y80: DJ AL01010004 › 7900106004 › 7927795004 | Z80: -7.219737 | AA80: -48.242934 | AB80: abrir | AC80: |DJ AL01010004|7900106004|7927795004|
A81: 80 | B81: TR-080 | C81: 2765897 | D81: N561 | E81: N573 | F81: 124.62861 | G81: 3621.0509 | H81: 535.04702 | I81: T2 | J81: Tronco | K81: Tronco | L81: 3 | M81: 7927795004 | N81: Religador (79) | O81: 0300031004 / 0300724004 / 0328286004 / 0314965004 / 0344627004 / 0334747004 / 0203728004 / 0328468004 / 0329025004 / 0203016004 / 0300049004 / 0203015004 | P81: 0300031004, 0345006004, 0352810004, 0300724004, 0342284004, 0200038004, 0328286004, 0314965004, 0344627004, 0334747004, 0347400004, 0358161004, 0342738004, 0203728004, 0328468004, 0329025004 | Q81: 16 | S81: DJ AL01010004 | T81: 7900106004 | U81: 7927795004 | Y81: DJ AL01010004 › 7900106004 › 7927795004 | Z81: -7.2195685 | AA81: -48.242378 | AB81: abrir | AC81: |DJ AL01010004|7900106004|7927795004|
A82: 81 | B82: TR-081 | C82: 2541918 | D82: N573 | E82: N575 | F82: 26.07123 | G82: 3647.1221 | H82: 561.11825 | I82: T2 | J82: Tronco | K82: Tronco | L82: 3 | M82: 7927795004 | N82: Religador (79) | O82: 0300031004 / 0300724004 / 0328286004 / 0314965004 / 0344627004 / 0334747004 / 0203728004 / 0328468004 / 0329025004 / 0203016004 / 0300049004 / 0203015004 | P82: 0300031004, 0345006004, 0352810004 | Q82: 3 | S82: DJ AL01010004 | T82: 7900106004 | U82: 7927795004 | Y82: DJ AL01010004 › 7900106004 › 7927795004 | Z82: -7.219513 | AA82: -48.241794 | AB82: abrir | AC82: |DJ AL01010004|7900106004|7927795004|
A83: 82 | B83: TR-082 | C83: Suporte Chave 0300031004 | D83: N575 | E83: 122557 | F83: 3.5582189 | G83: 3650.6803 | H83: 564.67647 | I83: T2 | J83: Tronco | K83: Tronco | L83: 3 | M83: 7927795004 | N83: Religador (79) | O83: 0300031004 / 0300724004 / 0328286004 / 0314965004 / 0344627004 / 0334747004 / 0203728004 / 0328468004 / 0329025004 / 0203016004 / 0300049004 / 0203015004 | P83: 0300031004, 0345006004, 0352810004 | Q83: 3 | S83: DJ AL01010004 | T83: 7900106004 | U83: 7927795004 | Y83: DJ AL01010004 › 7900106004 › 7927795004 | Z83: -7.2196375 | AA83: -48.241747 | AB83: abrir | AC83: |DJ AL01010004|7900106004|7927795004|
A84: 83 | B84: TR-083 | C84: 2660754 | D84: N573 | E84: 557586 | F84: 47.7922 | G84: 3668.8431 | H84: 582.83922 | I84: T2 | J84: Tronco | K84: Tronco | L84: 3 | M84: 7927795004 | N84: Religador (79) | O84: 0300031004 / 0300724004 / 0328286004 / 0314965004 / 0344627004 / 0334747004 / 0203728004 / 0328468004 / 0329025004 / 0203016004 / 0300049004 / 0203015004 | P84: 0300724004, 0342284004, 0200038004, 0328286004, 0314965004, 0344627004, 0334747004, 0347400004, 0358161004, 0342738004, 0203728004, 0328468004, 0329025004 | Q84: 13 | S84: DJ AL01010004 | T84: 7900106004 | U84: 7927795004 | Y84: DJ AL01010004 › 7900106004 › 7927795004 | Z84: -7.219329 | AA84: -48.241635 | AB84: abrir | AC84: |DJ AL01010004|7900106004|7927795004|
A85: 84 | B85: TR-084 | C85: 2762596 | D85: 557586 | E85: 537584 | F85: 20.429902 | G85: 3689.273 | H85: 603.26912 | I85: T2 | J85: Tronco | K85: Tronco | L85: 3 | M85: 7927795004 | N85: Religador (79) | O85: 0300031004 / 0300724004 / 0328286004 / 0314965004 / 0344627004 / 0334747004 / 0203728004 / 0328468004 / 0329025004 / 0203016004 / 0300049004 / 0203015004 | P85: 0300724004, 0342284004, 0200038004, 0328286004, 0314965004, 0344627004, 0334747004, 0347400004, 0358161004, 0342738004, 0203728004, 0328468004 | Q85: 12 | S85: DJ AL01010004 | T85: 7900106004 | U85: 7927795004 | Y85: DJ AL01010004 › 7900106004 › 7927795004 | Z85: -7.219237 | AA85: -48.241341 | AB85: abrir | AC85: |DJ AL01010004|7900106004|7927795004|
A86: 85 | B86: TR-085 | C86: 2756959 | D86: 537584 | E86: N592 | F86: 118.24977 | G86: 3807.5228 | H86: 721.5189 | I86: T2 | J86: Tronco | K86: Tronco | L86: 3 | M86: 7927795004 | N86: Religador (79) | O86: 0300031004 / 0300724004 / 0328286004 / 0314965004 / 0344627004 / 0334747004 / 0203728004 / 0328468004 / 0329025004 / 0203016004 / 0300049004 / 0203015004 | P86: 0300724004, 0342284004, 0200038004, 0328286004, 0314965004, 0344627004, 0334747004, 0347400004, 0358161004, 0342738004, 0203728004, 0328468004 | Q86: 12 | S86: DJ AL01010004 | T86: 7900106004 | U86: 7927795004 | Y86: DJ AL01010004 › 7900106004 › 7927795004 | Z86: -7.219066 | AA86: -48.240737 | AB86: abrir | AC86: |DJ AL01010004|7900106004|7927795004|
A87: 86 | B87: TR-086 | C87: Suporte Chave 8841354004 | D87: N592 | E87: 537587 | F87: 3.5631429 | G87: 3811.0859 | H87: 725.08204 | I87: T2 | J87: Tronco | K87: Tronco | L87: 3 | M87: 7927795004 | N87: Religador (79) | O87: 0300031004 / 0300724004 / 0328286004 / 0314965004 / 0344627004 / 0334747004 / 0203728004 / 0328468004 / 0329025004 / 0203016004 / 0300049004 / 0203015004 | P87: 0300724004, 0342284004, 0200038004, 0328286004, 0314965004, 0344627004, 0334747004, 0347400004, 0358161004, 0342738004, 0203728004, 0328468004 | Q87: 12 | R87: 8841354004 | S87: DJ AL01010004 | T87: 7900106004 | U87: 7927795004 | Y87: DJ AL01010004 › 7900106004 › 7927795004 | Z87: -7.2189075 | AA87: -48.240209 | AB87: abrir | AC87: |DJ AL01010004|7900106004|7927795004|
A88: 87 | B88: TR-087 | C88: 2659307 | D88: 537587 | E88: N638 | F88: 261.83063 | G88: 4072.9165 | H88: 986.91267 | I88: T2 | J88: Tronco | K88: Tronco | L88: 3 | M88: 7927795004 | N88: Religador (79) | O88: 0300031004 / 0300724004 / 0328286004 / 0314965004 / 0344627004 / 0334747004 / 0203728004 / 0328468004 / 0329025004 / 0203016004 / 0300049004 / 0203015004 | P88: 0300724004, 0342284004, 0200038004, 0328286004, 0314965004, 0344627004, 0334747004, 0347400004, 0358161004, 0342738004, 0203728004, 0328468004 | Q88: 12 | S88: DJ AL01010004 | T88: 7900106004 | U88: 7927795004 | Y88: DJ AL01010004 › 7900106004 › 7927795004 | Z88: -7.218569 | AA88: -48.239055 | AB88: abrir | AC88: |DJ AL01010004|7900106004|7927795004|
A89: 88 | B89: TR-088 | C89: 2541810 | D89: N638 | E89: 122556 | F89: 20.544343 | G89: 4093.4609 | H89: 1007.457 | I89: T2 | J89: Tronco | K89: Tronco | L89: 3 | M89: 7927795004 | N89: Religador (79) | O89: 0300031004 / 0300724004 / 0328286004 / 0314965004 / 0344627004 / 0334747004 / 0203728004 / 0328468004 / 0329025004 / 0203016004 / 0300049004 / 0203015004 | P89: 0300724004, 0342284004, 0200038004 | Q89: 3 | S89: DJ AL01010004 | T89: 7900106004 | U89: 7927795004 | Y89: DJ AL01010004 › 7900106004 › 7927795004 | Z89: -7.2182095 | AA89: -48.237828 | AB89: abrir | AC89: |DJ AL01010004|7900106004|7927795004|
A90: 89 | B90: TR-089 | C90: Suporte Chave 0300724004 | D90: 122556 | E90: N643 | F90: 3.6691524 | G90: 4097.13 | H90: 1011.1262 | I90: T2 | J90: Tronco | K90: Tronco | L90: 3 | M90: 7927795004 | N90: Religador (79) | O90: 0300031004 / 0300724004 / 0328286004 / 0314965004 / 0344627004 / 0334747004 / 0203728004 / 0328468004 / 0329025004 / 0203016004 / 0300049004 / 0203015004 | P90: 0300724004, 0342284004, 0200038004 | Q90: 3 | S90: DJ AL01010004 | T90: 7900106004 | U90: 7927795004 | Y90: DJ AL01010004 › 7900106004 › 7927795004 | Z90: -7.2181795 | AA90: -48.237722 | AB90: abrir | AC90: |DJ AL01010004|7900106004|7927795004|
A91: 90 | B91: TR-090 | C91: 2541812 | D91: N638 | E91: 93663 | F91: 5.0326452 | G91: 4077.9492 | H91: 991.94532 | I91: T2 | J91: Tronco | K91: Tronco | L91: 3 | M91: 7927795004 | N91: Religador (79) | O91: 0300031004 / 0300724004 / 0328286004 / 0314965004 / 0344627004 / 0334747004 / 0203728004 / 0328468004 / 0329025004 / 0203016004 / 0300049004 / 0203015004 | P91: 0328286004, 0314965004, 0344627004, 0334747004, 0347400004, 0358161004, 0342738004, 0203728004, 0328468004 | Q91: 9 | S91: DJ AL01010004 | T91: 7900106004 | U91: 7927795004 | Y91: DJ AL01010004 › 7900106004 › 7927795004 | Z91: -7.218256 | AA91: -48.237909 | AB91: abrir | AC91: |DJ AL01010004|7900106004|7927795004|
A92: 91 | B92: TR-091 | C92: Suporte Chave 8800034004 | D92: 93663 | E92: N640 | F92: 4.1860517 | G92: 4082.1352 | H92: 996.13137 | I92: T2 | J92: Tronco | K92: Tronco | L92: 3 | M92: 7927795004 | N92: Religador (79) | O92: 0300031004 / 0300724004 / 0328286004 / 0314965004 / 0344627004 / 0334747004 / 0203728004 / 0328468004 / 0329025004 / 0203016004 / 0300049004 / 0203015004 | P92: 0328286004, 0314965004, 0344627004, 0334747004, 0347400004, 0358161004, 0342738004, 0203728004, 0328468004 | Q92: 9 | R92: 8800034004 | S92: DJ AL01010004 | T92: 7900106004 | U92: 7927795004 | Y92: DJ AL01010004 › 7900106004 › 7927795004 | Z92: -7.2182955 | AA92: -48.237896 | AB92: abrir | AC92: |DJ AL01010004|7900106004|7927795004|
A93: 92 | B93: TR-092 | C93: 2757834 | D93: N640 | E93: 29748986 | F93: 112.47324 | G93: 4194.6085 | H93: 1108.6046 | I93: T2 | J93: Tronco | K93: Tronco | L93: 3 | M93: 7927795004 | N93: Religador (79) | O93: 0300031004 / 0300724004 / 0328286004 / 0314965004 / 0344627004 / 0334747004 / 0203728004 / 0328468004 / 0329025004 / 0203016004 / 0300049004 / 0203015004 | P93: 0328286004, 0314965004, 0344627004, 0334747004, 0347400004, 0358161004, 0342738004, 0203728004, 0328468004 | Q93: 9 | S93: DJ AL01010004 | T93: 7900106004 | U93: 7927795004 | Y93: DJ AL01010004 › 7900106004 › 7927795004 | Z93: -7.2188025 | AA93: -48.237761 | AB93: abrir | AC93: |DJ AL01010004|7900106004|7927795004|
A94: 93 | B94: TR-093 | C94: 2762813 | D94: 29748986 | E94: 93660 | F94: 158.29345 | G94: 4352.9019 | H94: 1266.8981 | I94: T2 | J94: Tronco | K94: Tronco | L94: 3 | M94: 7927795004 | N94: Religador (79) | O94: 0300031004 / 0300724004 / 0328286004 / 0314965004 / 0344627004 / 0334747004 / 0203728004 / 0328468004 / 0329025004 / 0203016004 / 0300049004 / 0203015004 | P94: 0328286004, 0314965004, 0344627004, 0334747004, 0347400004, 0358161004, 0342738004, 0203728004, 0328468004 | Q94: 9 | S94: DJ AL01010004 | T94: 7900106004 | U94: 7927795004 | Y94: DJ AL01010004 › 7900106004 › 7927795004 | Z94: -7.219975 | AA94: -48.237431 | AB94: abrir | AC94: |DJ AL01010004|7900106004|7927795004|
A95: 94 | B95: TR-094 | C95: 2647449 | D95: 93660 | E95: N666 | F95: 98.120551 | G95: 4451.0225 | H95: 1365.0186 | I95: T2 | J95: Tronco | K95: Tronco | L95: 3 | M95: 7927795004 | N95: Religador (79) | O95: 0300031004 / 0300724004 / 0328286004 / 0314965004 / 0344627004 / 0334747004 / 0203728004 / 0328468004 / 0329025004 / 0203016004 / 0300049004 / 0203015004 | P95: 0328286004, 0314965004, 0344627004, 0334747004, 0347400004, 0358161004, 0342738004, 0203728004, 0328468004 | Q95: 9 | S95: DJ AL01010004 | T95: 7900106004 | U95: 7927795004 | Y95: DJ AL01010004 › 7900106004 › 7927795004 | Z95: -7.221083 | AA95: -48.237109 | AB95: abrir | AC95: |DJ AL01010004|7900106004|7927795004|
A96: 95 | B96: TR-095 | C96: 2810274 | D96: N666 | E96: 587758 | F96: 25.459558 | G96: 4476.482 | H96: 1390.4782 | I96: T2 | J96: Tronco | K96: Tronco | L96: 3 | M96: 7927795004 | N96: Religador (79) | O96: 0300031004 / 0300724004 / 0328286004 / 0314965004 / 0344627004 / 0334747004 / 0203728004 / 0328468004 / 0329025004 / 0203016004 / 0300049004 / 0203015004 | P96: 0328286004, 0314965004, 0344627004, 0334747004, 0347400004, 0358161004, 0342738004, 0203728004 | Q96: 8 | S96: DJ AL01010004 | T96: 7900106004 | U96: 7927795004 | Y96: DJ AL01010004 › 7900106004 › 7927795004 | Z96: -7.2214775 | AA96: -48.236874 | AB96: abrir | AC96: |DJ AL01010004|7900106004|7927795004|
A97: 96 | B97: TR-096 | C97: Suporte Chave 8803727004 | D97: 587758 | E97: N671 | F97: 4.26091 | G97: 4480.7429 | H97: 1394.7391 | I97: T2 | J97: Tronco | K97: Tronco | L97: 3 | M97: 7927795004 | N97: Religador (79) | O97: 0300031004 / 0300724004 / 0328286004 / 0314965004 / 0344627004 / 0334747004 / 0203728004 / 0328468004 / 0329025004 / 0203016004 / 0300049004 / 0203015004 | P97: 0328286004, 0314965004, 0344627004, 0334747004, 0347400004, 0358161004, 0342738004, 0203728004 | Q97: 8 | R97: 8803727004 | S97: DJ AL01010004 | T97: 7900106004 | U97: 7927795004 | Y97: DJ AL01010004 › 7900106004 › 7927795004 | Z97: -7.2214425 | AA97: -48.236745 | AB97: abrir | AC97: |DJ AL01010004|7900106004|7927795004|
A98: 97 | B98: TR-097 | C98: 2810270 | D98: N671 | E98: 585607 | F98: 156.71263 | G98: 4637.4556 | H98: 1551.4517 | I98: T2 | J98: Tronco | K98: Tronco | L98: 3 | M98: 7927795004 | N98: Religador (79) | O98: 0300031004 / 0300724004 / 0328286004 / 0314965004 / 0344627004 / 0334747004 / 0203728004 / 0328468004 / 0329025004 / 0203016004 / 0300049004 / 0203015004 | P98: 0328286004, 0314965004, 0344627004, 0334747004, 0347400004, 0358161004, 0342738004, 0203728004 | Q98: 8 | S98: DJ AL01010004 | T98: 7900106004 | U98: 7927795004 | Y98: DJ AL01010004 › 7900106004 › 7927795004 | Z98: -7.221235 | AA98: -48.236046 | AB98: abrir | AC98: |DJ AL01010004|7900106004|7927795004|
A99: 98 | B99: TR-098 | C99: 12076214 | D99: 585607 | E99: N684 | F99: 3.1599965 | G99: 4640.6156 | H99: 1554.6117 | I99: T2 | J99: Tronco | K99: Tronco | L99: 3 | M99: 7927795004 | N99: Religador (79) | O99: 0300031004 / 0300724004 / 0328286004 / 0314965004 / 0344627004 / 0334747004 / 0203728004 / 0328468004 / 0329025004 / 0203016004 / 0300049004 / 0203015004 | P99: 0328286004, 0314965004, 0344627004, 0334747004, 0347400004, 0358161004, 0342738004, 0203728004 | Q99: 8 | S99: DJ AL01010004 | T99: 7900106004 | U99: 7927795004 | Y99: DJ AL01010004 › 7900106004 › 7927795004 | Z99: -7.22103 | AA99: -48.235351 | AB99: abrir | AC99: |DJ AL01010004|7900106004|7927795004|
A100: 99 | B100: TR-099 | C100: 2810281 | D100: N684 | E100: 586325 | F100: 157.87907 | G100: 4798.4946 | H100: 1712.4908 | I100: T2 | J100: Tronco | K100: Tronco | L100: 3 | M100: 7927795004 | N100: Religador (79) | O100: 0300031004 / 0300724004 / 0328286004 / 0314965004 / 0344627004 / 0334747004 / 0203728004 / 0328468004 / 0329025004 / 0203016004 / 0300049004 / 0203015004 | P100: 0328286004, 0314965004, 0344627004, 0334747004, 0347400004, 0358161004, 0342738004, 0203728004 | Q100: 8 | S100: DJ AL01010004 | T100: 7900106004 | U100: 7927795004 | Y100: DJ AL01010004 › 7900106004 › 7927795004 | Z100: -7.22082 | AA100: -48.234653 | AB100: abrir | AC100: |DJ AL01010004|7900106004|7927795004|
...

Sheet Ativos
A1: Ativo | B1: Tipo | C1: Poste | D1: No tronco | E1: Zona antes | F1: Zona depois | G1: Bloco onde está | H1: Blocos em que é referência | I1: Caminho desde o DJ | J1: Vãos em que é a referência | K1: Extensão em que é a referência (m) | L1: Vãos englobados (tudo a jusante) | M1: Extensão englobada (m) | N1: Ativos posteriores englobados | O1: Latitude | P1: Longitude | Q1: Mapa
A2: DJ AL01010004 | B2: Disjuntor (DJ) | C2: N0 | D2: sim | E2: — | F2: T1 | G2: — | H2: 1, 4, 15, 16, 53, 54 | I2: DJ AL01010004 | J2: =COUNTIFS(Trechos!$M$2:$M$838,A2) -> 293 | K2: =SUMIFS(Trechos!$F$2:$F$838,Trechos!$M$2:$M$838,A2) -> 14794.254 | L2: =SUMPRODUCT(--ISNUMBER(SEARCH("|"&A2&"|",Trechos!$AC$2:$AC$838))) -> 837 | M2: =SUMPRODUCT(ISNUMBER(SEARCH("|"&A2&"|",Trechos!$AC$2:$AC$838))*Trechos!$F$2:$F$838) -> 46534.968 | N2: 7900106004, 7927795004, 0300031004, 0345006004, 0352810004, 0300724004, 0342284004, 0200038004, 0328286004, 0314965004, 0344627004, 0334747004, 0347400004, 0358161004, 0342738004, 0203728004, 0328468004, 0329025004, 0203016004, 0300049004, 0203015004, 0300052004, 0200050004, 0200028004, 0300024004, 0349562004, 0349564004, 0355236004, 0200023004, 0204420004, 0302387004, 3302865004, 3300065004, 0320309004, 0310307004, 0303851004, 0310306004, 0303865004, 0342709004, 0303866004, 0303867004, 0302309004, 0300064004, 0320308004, 0301840004, 0303850004, 0320305004, 0346260004, 0346420004, 0355088004, 0340038004, 0201389004, 0303849004, 0310949004, 0210950004, 0301838004, 0301839004, 0245040004, 0303718004, 0202970004, 0354089004, 0354093004, 0220315004, 0346072004, 0345823004, 0200043004, 0200011004, 0357531004, 0303835004, 0356395004, 3300016004, 0301090004, 0303861004, 0304100004, 0201099004, 0301069004 | O2: -7.195262 | P2: -48.237967 | Q2: abrir
A3: 8800002004 | B3: Chave 88 | C3: 330494 | D3: sim | E3: T1 | F3: T1 | G3: 1 | H3: — | I3: DJ AL01010004 | N3: 7900106004, 7927795004, 0300031004, 0345006004, 0352810004, 0300724004, 0342284004, 0200038004, 0328286004, 0314965004, 0344627004, 0334747004, 0347400004, 0358161004, 0342738004, 0203728004, 0328468004, 0329025004, 0203016004, 0300049004, 0203015004, 0300052004, 0200050004, 0200028004, 0300024004, 0349562004, 0349564004, 0355236004, 0200023004, 0204420004, 0302387004, 3302865004, 3300065004, 0320309004, 0310307004, 0303851004, 0310306004, 0303865004, 0342709004, 0303866004, 0303867004, 0302309004, 0300064004, 0320308004, 0301840004, 0303850004, 0320305004, 0346260004, 0346420004, 0355088004, 0340038004, 0201389004, 0303849004, 0310949004, 0210950004, 0301838004, 0301839004, 0245040004, 0303718004, 0202970004, 0354089004, 0354093004, 0220315004, 0346072004, 0345823004, 0200043004, 0200011004, 0357531004, 0303835004, 0356395004, 3300016004, 0301090004, 0303861004, 0304100004, 0201099004, 0301069004 | O3: -7.195513 | P3: -48.238263 | Q3: abrir
A4: 8838716004 | B4: Chave 88 | C4: 1239378 | D4: sim | E4: T1 | F4: T1 | G4: 1 | H4: — | I4: DJ AL01010004 | N4: 7900106004, 7927795004, 0300031004, 0345006004, 0352810004, 0300724004, 0342284004, 0200038004, 0328286004, 0314965004, 0344627004, 0334747004, 0347400004, 0358161004, 0342738004, 0203728004, 0328468004, 0329025004, 0203016004, 0300049004, 0203015004, 0300052004, 0200050004, 0200028004, 0300024004, 0349562004, 0349564004, 0355236004, 0200023004, 0204420004, 0302387004, 3302865004, 3300065004, 0320309004, 0310307004, 0303851004, 0310306004, 0303865004, 0342709004, 0303866004, 0303867004, 0302309004, 0300064004, 0320308004, 0301840004, 0303850004, 0320305004, 0346260004, 0346420004, 0355088004, 0340038004, 0201389004, 0303849004, 0310949004, 0210950004, 0301838004, 0301839004, 0245040004, 0303718004, 0202970004, 0354089004, 0354093004, 0220315004, 0346072004, 0345823004, 0200043004 | O4: -7.197219 | P4: -48.23783 | Q4: abrir
A5: 8836357004 | B5: Chave 88 | C5: 537824 | D5: sim | E5: T1 | F5: T1 | G5: 1 | H5: — | I5: DJ AL01010004 | N5: 7900106004, 7927795004, 0300031004, 0345006004, 0352810004, 0300724004, 0342284004, 0200038004, 0328286004, 0314965004, 0344627004, 0334747004, 0347400004, 0358161004, 0342738004, 0203728004, 0328468004, 0329025004, 0203016004, 0300049004, 0203015004, 0300052004, 0200050004, 0200028004, 0300024004, 0349562004, 0349564004, 0355236004, 0200023004, 0204420004, 0302387004, 3302865004, 3300065004, 0320309004, 0310307004, 0303851004, 0310306004, 0303865004, 0342709004, 0303866004, 0303867004, 0302309004, 0300064004, 0320308004, 0301840004, 0303850004, 0320305004, 0346260004, 0346420004, 0355088004, 0340038004, 0201389004, 0303849004, 0310949004, 0210950004, 0301838004, 0301839004, 0245040004, 0303718004, 0202970004, 0354089004, 0354093004, 0220315004, 0346072004, 0345823004, 0200043004 | O5: -7.200394 | P5: -48.238605 | Q5: abrir
A6: 8823701004 | B6: Chave 88 | C6: N90 | D6: sim | E6: T1 | F6: T1 | G6: 1 | H6: — | I6: DJ AL01010004 | N6: 7900106004, 7927795004, 0300031004, 0345006004, 0352810004, 0300724004, 0342284004, 0200038004, 0328286004, 0314965004, 0344627004, 0334747004, 0347400004, 0358161004, 0342738004, 0203728004, 0328468004, 0329025004, 0203016004, 0300049004, 0203015004, 0300052004, 0200050004, 0200028004, 0300024004, 0349562004, 0349564004, 0355236004, 0200023004, 0204420004 | O6: -7.206968 | P6: -48.241349 | Q6: abrir
A7: 7900106004 | B7: Religador (79) | C7: 1347277 | D7: sim | E7: T1 | F7: T2 | G7: 1 | H7: 2, 55, 56, 58, 60, 62, 65, 67, 69, 72 | I7: DJ AL01010004 › 7900106004 | J7: =COUNTIFS(Trechos!$M$2:$M$838,A7) -> 82 | K7: =SUMIFS(Trechos!$F$2:$F$838,Trechos!$M$2:$M$838,A7) -> 3464.9633 | L7: =SUMPRODUCT(--ISNUMBER(SEARCH("|"&A7&"|",Trechos!$AC$2:$AC$838))) -> 348 | M7: =SUMPRODUCT(ISNUMBER(SEARCH("|"&A7&"|",Trechos!$AC$2:$AC$838))*Trechos!$F$2:$F$838) -> 16425.617 | N7: 7927795004, 0300031004, 0345006004, 0352810004, 0300724004, 0342284004, 0200038004, 0328286004, 0314965004, 0344627004, 0334747004, 0347400004, 0358161004, 0342738004, 0203728004, 0328468004, 0329025004, 0203016004, 0300049004, 0203015004, 0300052004, 0200050004, 0200028004, 0300024004, 0349562004, 0349564004, 0355236004, 0200023004, 0204420004 | O7: -7.207884 | P7: -48.241312 | Q7: abrir
A8: 8802390004 | B8: Chave 88 | C8: 37959755 | D8: sim | E8: T2 | F8: T2 | G8: 2 | H8: — | I8: DJ AL01010004 › 7900106004 | N8: 7927795004, 0300031004, 0345006004, 0352810004, 0300724004, 0342284004, 0200038004, 0328286004, 0314965004, 0344627004, 0334747004, 0347400004, 0358161004, 0342738004, 0203728004, 0328468004, 0329025004, 0203016004, 0300049004, 0203015004, 0300052004, 0200050004, 0200028004, 0300024004, 0349562004, 0349564004, 0355236004, 0200023004 | O8: -7.211523 | P8: -48.243053 | Q8: abrir
A9: 0349277004 | B9: Chave 03 de seccionamento (tem religador depois) | C9: N500 | D9: sim | E9: T2 | F9: T2 | G9: 2 | H9: — | I9: DJ AL01010004 › 7900106004 | N9: 7927795004, 0300031004, 0345006004, 0352810004, 0300724004, 0342284004, 0200038004, 0328286004, 0314965004, 0344627004, 0334747004, 0347400004, 0358161004, 0342738004, 0203728004, 0328468004, 0329025004, 0203016004, 0300049004, 0203015004, 0300052004, 0200050004, 0200028004, 0300024004, 0349562004, 0349564004, 0355236004, 0200023004 | O9: -7.211596 | P9: -48.243087 | Q9: abrir
A10: 8827796004 | B10: Chave 88 | C10: 1347276 | D10: sim | E10: T2 | F10: T2 | G10: 2 | H10: — | I10: DJ AL01010004 › 7900106004 | N10: 7927795004, 0300031004, 0345006004, 0352810004, 0300724004, 0342284004, 0200038004, 0328286004, 0314965004, 0344627004, 0334747004, 0347400004, 0358161004, 0342738004, 0203728004, 0328468004, 0329025004, 0203016004, 0300049004, 0203015004, 0300052004, 0200050004, 0200028004 | O10: -7.217896 | P10: -48.246114 | Q10: abrir
A11: 8800029004 | B11: Chave 88 | C11: N537 | D11: sim | E11: T2 | F11: T2 | G11: 2 | H11: — | I11: DJ AL01010004 › 7900106004 | N11: 7927795004, 0300031004, 0345006004, 0352810004, 0300724004, 0342284004, 0200038004, 0328286004, 0314965004, 0344627004, 0334747004, 0347400004, 0358161004, 0342738004, 0203728004, 0328468004, 0329025004, 0203016004, 0300049004, 0203015004 | O11: -7.219004 | P11: -48.246549 | Q11: abrir
A12: 7927795004 | B12: Religador (79) | C12: 1272609 | D12: sim | E12: T2 | F12: T2 | G12: 2 | H12: 3, 73, 74, 79, 80, 82, 83, 86, 90, 93, 94, 95, 96, 97, 98, 100, 102 | I12: DJ AL01010004 › 7900106004 › 7927795004 | J12: =COUNTIFS(Trechos!$M$2:$M$838,A12) -> 154 | K12: =SUMIFS(Trechos!$F$2:$F$838,Trechos!$M$2:$M$838,A12) -> 7586.8893 | L12: =SUMPRODUCT(--ISNUMBER(SEARCH("|"&A12&"|",Trechos!$AC$2:$AC$838))) -> 239 | M12: =SUMPRODUCT(ISNUMBER(SEARCH("|"&A12&"|",Trechos!$AC$2:$AC$838))*Trechos!$F$2:$F$838) -> 12058.665 | N12: 0300031004, 0345006004, 0352810004, 0300724004, 0342284004, 0200038004, 0328286004, 0314965004, 0344627004, 0334747004, 0347400004, 0358161004, 0342738004, 0203728004, 0328468004, 0329025004, 0203016004, 0300049004, 0203015004 | O12: -7.21909 | P12: -48.24638 | Q12: abrir
A13: 0300031004 | B13: Chave fusível (03) | C13: 122557 | D13: sim | E13: T2 | F13: T3 | G13: 3 | H13: 75 | I13: DJ AL01010004 › 7900106004 › 7927795004 › 0300031004 | J13: =COUNTIFS(Trechos!$M$2:$M$838,A13) -> 26 | K13: =SUMIFS(Trechos!$F$2:$F$838,Trechos!$M$2:$M$838,A13) -> 1411.6419 | L13: =SUMPRODUCT(--ISNUMBER(SEARCH("|"&A13&"|",Trechos!$AC$2:$AC$838))) -> 28 | M13: =SUMPRODUCT(ISNUMBER(SEARCH("|"&A13&"|",Trechos!$AC$2:$AC$838))*Trechos!$F$2:$F$838) -> 1426.9205 | N13: 0345006004, 0352810004 | O13: -7.219653 | P13: -48.241743 | Q13: abrir
A14: 8841354004 | B14: Chave 88 | C14: 537587 | D14: sim | E14: T2 | F14: T2 | G14: 3 | H14: — | I14: DJ AL01010004 › 7900106004 › 7927795004 | N14: 0300724004, 0342284004, 0200038004, 0328286004, 0314965004, 0344627004, 0334747004, 0347400004, 0358161004, 0342738004, 0203728004, 0328468004 | O14: -7.218903 | P14: -48.240193 | Q14: abrir
A15: 0300724004 | B15: Chave fusível (03) | C15: N643 | D15: sim | E15: T2 | F15: T3 | G15: 3 | H15: 87 | I15: DJ AL01010004 › 7900106004 › 7927795004 › 0300724004 | J15: =COUNTIFS(Trechos!$M$2:$M$838,A15) -> 13 | K15: =SUMIFS(Trechos!$F$2:$F$838,Trechos!$M$2:$M$838,A15) -> 873.42336 | L15: =SUMPRODUCT(--ISNUMBER(SEARCH("|"&A15&"|",Trechos!$AC$2:$AC$838))) -> 17 | M15: =SUMPRODUCT(ISNUMBER(SEARCH("|"&A15&"|",Trechos!$AC$2:$AC$838))*Trechos!$F$2:$F$838) -> 932.41522 | N15: 0342284004, 0200038004 | O15: -7.218175 | P15: -48.237706 | Q15: abrir
A16: 8800034004 | B16: Chave 88 | C16: N640 | D16: sim | E16: T2 | F16: T2 | G16: 3 | H16: — | I16: DJ AL01010004 › 7900106004 › 7927795004 | N16: 0328286004, 0314965004, 0344627004, 0334747004, 0347400004, 0358161004, 0342738004, 0203728004, 0328468004 | O16: -7.218314 | P16: -48.237893 | Q16: abrir
A17: 8803727004 | B17: Chave 88 | C17: N671 | D17: sim | E17: T2 | F17: T2 | G17: 3 | H17: — | I17: DJ AL01010004 › 7900106004 › 7927795004 | N17: 0328286004, 0314965004, 0344627004, 0334747004, 0347400004, 0358161004, 0342738004, 0203728004 | O17: -7.221437 | P17: -48.236726 | Q17: abrir
A18: 8828470004 | B18: Chave 88 | C18: N716 | D18: sim | E18: T2 | F18: T2 | G18: 3 | H18: — | I18: DJ AL01010004 › 7900106004 › 7927795004 | N18: 0328286004, 0314965004, 0344627004, 0334747004, 0347400004, 0358161004, 0342738004 | O18: -7.220842 | P18: -48.228297 | Q18: abrir
A19: 8814964004 | B19: Chave 88 | C19: N724 | D19: sim | E19: T2 | F19: T2 | G19: 3 | H19: — | I19: DJ AL01010004 › 7900106004 › 7927795004 | N19: 0328286004, 0314965004, 0344627004, 0334747004, 0347400004, 0358161004, 0342738004 | O19: -7.220422 | P19: -48.228065 | Q19: abrir
A20: 8855846004 | B20: Chave 88 | C20: N732 | D20: sim | E20: T2 | F20: T2 | G20: 3 | H20: — | I20: DJ AL01010004 › 7900106004 › 7927795004 | N20: 0328286004, 0314965004, 0344627004, 0334747004, 0347400004, 0358161004, 0342738004 | O20: -7.217603 | P20: -48.228026 | Q20: abrir
A21: 8855095004 | B21: Chave 88 | C21: N742 | D21: sim | E21: T2 | F21: T2 | G21: 3 | H21: — | I21: DJ AL01010004 › 7900106004 › 7927795004 | N21: 0328286004, 0314965004, 0344627004, 0334747004, 0347400004, 0358161004, 0342738004 | O21: -7.216757 | P21: -48.223857 | Q21: abrir
A22: 8855094004 | B22: Chave 88 | C22: N745 | D22: sim | E22: T2 | F22: T2 | G22: 3 | H22: — | I22: DJ AL01010004 › 7900106004 › 7927795004 | N22: 0328286004 | O22: -7.2167 | P22: -48.224093 | Q22: abrir
A23: 0328286004 | B23: Chave fusível (03) | C23: N757 | D23: sim | E23: T2 | F23: T3 | G23: 3 | H23: 101 | I23: DJ AL01010004 › 7900106004 › 7927795004 › 0328286004 | J23: =COUNTIFS(Trechos!$M$2:$M$838,A23) -> 1 | K23: =SUMIFS(Trechos!$F$2:$F$838,Trechos!$M$2:$M$838,A23) -> 12.425309 | L23: =SUMPRODUCT(--ISNUMBER(SEARCH("|"&A23&"|",Trechos!$AC$2:$AC$838))) -> 1 | M23: =SUMPRODUCT(ISNUMBER(SEARCH("|"&A23&"|",Trechos!$AC$2:$AC$838))*Trechos!$F$2:$F$838) -> 12.425309 | N23: — | O23: -7.216709 | P23: -48.226114 | Q23: abrir
A24: 0314965004 | B24: Chave fusível (03) | C24: N753 | D24: sim | E24: T2 | F24: T3 | G24: 3 | H24: 99 | I24: DJ AL01010004 › 7900106004 › 7927795004 › 0314965004 | J24: =COUNTIFS(Trechos!$M$2:$M$838,A24) -> 1 | K24: =SUMIFS(Trechos!$F$2:$F$838,Trechos!$M$2:$M$838,A24) -> 4.522888 | L24: =SUMPRODUCT(--ISNUMBER(SEARCH("|"&A24&"|",Trechos!$AC$2:$AC$838))) -> 1 | M24: =SUMPRODUCT(ISNUMBER(SEARCH("|"&A24&"|",Trechos!$AC$2:$AC$838))*Trechos!$F$2:$F$838) -> 4.522888 | N24: — | O24: -7.215519 | P24: -48.223457 | Q24: abrir
A25: 8858328004 | B25: Chave 88 | C25: N763 | D25: sim | E25: T2 | F25: T2 | G25: 3 | H25: — | I25: DJ AL01010004 › 7900106004 › 7927795004 | N25: 0344627004, 0334747004, 0347400004, 0358161004, 0342738004 | O25: -7.216677 | P25: -48.220805 | Q25: abrir
A26: 0344627004 | B26: Chave fusível (03) | C26: 29470281 | D26: sim | E26: T2 | F26: T3 | G26: 3 | H26: 107 | I26: DJ AL01010004 › 7900106004 › 7927795004 › 0344627004 | J26: =COUNTIFS(Trechos!$M$2:$M$838,A26) -> 2 | K26: =SUMIFS(Trechos!$F$2:$F$838,Trechos!$M$2:$M$838,A26) -> 19.621308 | L26: =SUMPRODUCT(--ISNUMBER(SEARCH("|"&A26&"|",Trechos!$AC$2:$AC$838))) -> 2 | M26: =SUMPRODUCT(ISNUMBER(SEARCH("|"&A26&"|",Trechos!$AC$2:$AC$838))*Trechos!$F$2:$F$838) -> 19.621308 | N26: — | O26: -7.21586 | P26: -48.217396 | Q26: abrir
A27: 0334747004 | B27: Chave fusível (03) | C27: N769 | D27: sim | E27: T2 | F27: T3 | G27: 3 | H27: 103 | I27: DJ AL01010004 › 7900106004 › 7927795004 › 0334747004 | J27: =COUNTIFS(Trechos!$M$2:$M$838,A27) -> 12 | K27: =SUMIFS(Trechos!$F$2:$F$838,Trechos!$M$2:$M$838,A27) -> 420.02309 | L27: =SUMPRODUCT(--ISNUMBER(SEARCH("|"&A27&"|",Trechos!$AC$2:$AC$838))) -> 21 | M27: =SUMPRODUCT(ISNUMBER(SEARCH("|"&A27&"|",Trechos!$AC$2:$AC$838))*Trechos!$F$2:$F$838) -> 944.94136 | N27: 0347400004, 0358161004, 0342738004 | O27: -7.216834 | P27: -48.220483 | Q27: abrir
A28: 0203728004 | B28: Chave 02 (conta como fusível) | C28: N833 | D28: sim | E28: T2 | F28: T3 | G28: 3 | H28: 92 | I28: DJ AL01010004 › 7900106004 › 7927795004 › 0203728004 | J28: =COUNTIFS(Trechos!$M$2:$M$838,A28) -> 2 | K28: =SUMIFS(Trechos!$F$2:$F$838,Trechos!$M$2:$M$838,A28) -> 23.627687 | L28: =SUMPRODUCT(--ISNUMBER(SEARCH("|"&A28&"|",Trechos!$AC$2:$AC$838))) -> 2 | M28: =SUMPRODUCT(ISNUMBER(SEARCH("|"&A28&"|",Trechos!$AC$2:$AC$838))*Trechos!$F$2:$F$838) -> 23.627687 | N28: — | O28: -7.22003 | P28: -48.232007 | Q28: abrir
A29: 0328468004 | B29: Chave fusível (03) | C29: N668 | D29: sim | E29: T2 | F29: T3 | G29: 3 | H29: 91 | I29: DJ AL01010004 › 7900106004 › 7927795004 › 0328468004 | J29: =COUNTIFS(Trechos!$M$2:$M$838,A29) -> 7 | K29: =SUMIFS(Trechos!$F$2:$F$838,Trechos!$M$2:$M$838,A29) -> 587.29336 | L29: =SUMPRODUCT(--ISNUMBER(SEARCH("|"&A29&"|",Trechos!$AC$2:$AC$838))) -> 7 | M29: =SUMPRODUCT(ISNUMBER(SEARCH("|"&A29&"|",Trechos!$AC$2:$AC$838))*Trechos!$F$2:$F$838) -> 587.29336 | N29: — | O29: -7.221613 | P29: -48.236955 | Q29: abrir
A30: 0329025004 | B30: Chave fusível (03) | C30: N579 | D30: sim | E30: T2 | F30: T3 | G30: 3 | H30: 78 | I30: DJ AL01010004 › 7900106004 › 7927795004 › 0329025004 | J30: =COUNTIFS(Trechos!$M$2:$M$838,A30) -> 2 | K30: =SUMIFS(Trechos!$F$2:$F$838,Trechos!$M$2:$M$838,A30) -> 497.37454 | L30: =SUMPRODUCT(--ISNUMBER(SEARCH("|"&A30&"|",Trechos!$AC$2:$AC$838))) -> 2 | M30: =SUMPRODUCT(ISNUMBER(SEARCH("|"&A30&"|",Trechos!$AC$2:$AC$838))*Trechos!$F$2:$F$838) -> 497.37454 | N30: — | O30: -7.219229 | P30: -48.24143 | Q30: abrir
A31: 8804463004 | B31: Chave 88 | C31: N565 | D31: sim | E31: T2 | F31: T2 | G31: 3 | H31: — | I31: DJ AL01010004 › 7900106004 › 7927795004 | N31: 0203016004, 0300049004, 0203015004 | O31: -7.221696 | P31: -48.245502 | Q31: abrir
A32: 0203016004 | B32: Chave 02 (conta como fusível) | C32: N827 | D32: sim | E32: T2 | F32: T3 | G32: 3 | H32: 84 | I32: DJ AL01010004 › 7900106004 › 7927795004 › 0203016004 | J32: =COUNTIFS(Trechos!$M$2:$M$838,A32) -> 2 | K32: =SUMIFS(Trechos!$F$2:$F$838,Trechos!$M$2:$M$838,A32) -> 16.155481 | L32: =SUMPRODUCT(--ISNUMBER(SEARCH("|"&A32&"|",Trechos!$AC$2:$AC$838))) -> 2 | M32: =SUMPRODUCT(ISNUMBER(SEARCH("|"&A32&"|",Trechos!$AC$2:$AC$838))*Trechos!$F$2:$F$838) -> 16.155481 | N32: — | O32: -7.22501 | P32: -48.246691 | Q32: abrir
